Source,Title,Link,Date,Summary,Text,Like
ettoday,Toyz涉販毒150萬交保 尷尬！出來後立刻又進去了,https://www.ettoday.net/news/20211201/2135672.htm,2021-12-01 06:06,《英雄聯盟》（LoL）前世界冠軍Toyz劉偉健涉嫌販賣大麻菸彈，羈押2個月期限已滿，檢方上週五再度向法院聲請延押被駁回，法官裁定劉以150萬元交保，但檢察官認為劉有使用毒品聲請觀察勒戒，法院裁准，上週五劉獲交保後立刻送往台中戒治所。(社會 / 2021-12-01 06:06),,0
ettoday,檢舉達人「抓1動作」月賺50萬  YouTuber實測10分鐘1單,https://www.ettoday.net/news/20211108/2118763.htm,2021-11-08 05:56,苗栗「職業檢舉人」一年可賺195.9萬元，創下最高單人獎金紀錄，掀起網友熱議。Youtuber谷阿莫親自測試究竟靠檢舉可以賺進多少錢，沒想到大約10分鐘就能抓到一名違規者，若以一天工作8小時來計算，估計一個月最多能獲得50萬元的檢舉獎金。(生活 / 2021-11-08 05:56),,0
ettoday,Toyz真的剃光頭了！美食公道伯在看守所吃泡麵,https://www.ettoday.net/news/20211010/2098489.htm,2021-10-10 23:18,電競《英雄聯盟》前世界冠軍Toyz劉偉健，涉嫌販賣超過500顆大麻菸彈遭收押禁見。對此，Toyz頻道的企劃頻周周、哲哲（經紀人）與Youtuber谷阿莫10日上傳最新影片，透露Toyz目前已剃光頭，且有送泡麵等乾糧給他吃。 (生活 / 2021-10-10 23:18),,0
ettoday,快訊／谷阿莫進軍Toyz頻道 帶經紀人、周周驗尿⋯將辦拒絕毒品大賽,https://www.ettoday.net/news/20211010/2098406.htm,2021-10-10 18:23,Toyz涉嫌販毒入獄、團隊於上個月聲明「女友奈奈、員工」絕無涉及此案。對此，今（10）日頻道再度更新，卻由谷阿莫擔任開場，指出頻道接下來走向、並直接帶周周、哲哲（經紀人）驗尿，還提供一百萬要舉辦拒絕毒品創意大賽。(電競 / 2021-10-10 18:23),,0
ettoday,2字講完史詩神劇 《冰與火之歌》手遊拿來當官方廣告,https://www.ettoday.net/news/20200727/1770222.htm,2020-07-27 15:52,最近大家打開IG或YouTube頻道，是否被《冰與火之歌：權力遊戲》授權的手遊廣告洗板？通常大家看到廣告會很快略過，但這個解說影片卻讓人不爭氣地看完了！至今已累積近60萬人爭看，因為這位神人兩個字就輕鬆解說完播了8年的史詩神劇。(遊戲 / 2020-07-27 15:52),,0
ettoday,北檢票選推薦主任檢察官 去年遺珠成今年榜首…前3名都是重大黑金專組,https://www.ettoday.net/news/20200609/1733938.htm,2020-06-09 18:19,台北地檢署今天舉辦年度推薦主任檢察官票選，每名檢察官可投5票到8票，在14名候選檢察官中，去年因得票數相同成為遺珠的黑金專組檢察官楊冀華成為今年最高票，第2高票是偵辦起訴潤寅詐貸案的檢察官陳映蓁，參與偵辦土豪哥W飯店毒趴案的檢察官王俊棠票數第3高。(社會 / 2020-06-09 18:19),,0
ettoday,谷阿莫「X分鐘看電影」遭5片商圍剿…今在臉書登道歉啟事「糾紛全解套」,https://www.ettoday.net/news/20200609/1733619.htm,2020-06-09 13:31,網路紅人谷阿莫以「X分鐘看完XXX電影」等系列影片走紅，但也因為用短時間濃縮、剪接透露電影情節，被迪士尼等電影版權公司控告侵權。經檢察官依違反《著作權法》起訴後，谷阿莫近日和提告的5家片商全部和解，並於6月9日在臉書登出對「科科電速」的道歉啟事。(社會 / 2020-06-09 13:31),,0
ettoday,谷阿莫「夫妻同框照」罕見曝光！ 老婆穿熱褲「狂露鉛筆腿」…恩愛畫面全被拍,https://www.ettoday.net/news/20200511/1711193.htm,2020-05-11 07:25,喜歡重新剪輯電影、再配上自以為幽默旁白的網紅谷阿莫，遭多家電影片商控告「違反著作權」的官司，今年1月以和解收場。心寬體胖之餘，谷阿莫的臉型似乎也跟著「重製」，日前有讀者直擊他和老婆出現在台北市中山區六條通的便利商店，若不仔細看，還以為是余祥銓帶著新馬子。(影劇 / 2020-05-11 07:25),,0
ettoday,從館長殺入乾拌麵市場 看見「品牌」的重要性,https://www.ettoday.net/news/20200206/1639500.htm,2020-02-06 15:35,正當歡慶迎接2020新年時，台灣市場立即出現令人震撼的消息！知名網紅館長（陳之漢、飆悍）宣布投入乾拌麵市場。品牌總監江仕超透過此案例，凸顯品牌經營的重要性。當企業投入社群時，是抱著立竿見影的心態，該社群幾乎是不會成功。(論壇 / 2020-02-06 15:35),,0
ettoday,臉書恐嚇柯文哲：我要殺你不用2天內！ 台北男秒遭檢舉進警局,https://www.ettoday.net/news/20200106/1618987.htm,2020-01-06 18:06,台北市警察局4日接獲民眾報案稱，有人在臉書上PO文，「柯文哲，我要殺你不用2天內！」等字，刑事警察大隊收到通報後立即組成專案小組，經查緝，5日迅速將涉嫌發文的盧姓男子帶回偵訊，全案將依涉嫌恐嚇危害安全罪移送法辦。(社會 / 2020-01-06 18:06),,0
ettoday,南方澳漁船偷排廢油惡臭沖天！網友怒譙：靠海吃飯還不珍惜,https://www.ettoday.net/news/20200106/1618616.htm,2020-01-06 14:19,有一民眾4日上午經過南方澳漁港時，發現有漁船停靠岸邊在偷排放未處理過的機油，濃濃惡臭瞬間四處飄散，引人注目。該惡行被錄下放上網後，隨即引來不少網友留言撻伐，直呼，「實在太惡劣」、「難怪台灣的海那麼黑」，認為漁民靠海吃飯，還不好好珍惜，如此行為實在太令人失望。(社會 / 2020-01-06 14:19),,0
ettoday,轉發「蔡政府掏空農漁會7千億」謠言影片遭法辦！法官判免罰,https://www.ettoday.net/news/20200106/1618587.htm,2020-01-06 12:02,彰化1名張姓男子2019年6月在LINE群組發佈不實訊息，「蔡政府掏空農漁會七千億。一定要讓人民知道民進黨不斷地掏空台灣農民血汗錢？」並要大家踴躍分享轉發該影片。警方認為此舉足以影響公共安寧，將他依社會秩序維護法移送法辦。法官審酌，認為張男僅針對政府作為下評論，不足以造成恐慌，判他免罰。(社會 / 2020-01-06 12:02),,0
ettoday,谷阿莫「說電影」涉侵權被起訴 經調解迪士尼等3片商撤告,https://www.ettoday.net/news/20200105/1618112.htm,2020-01-05 18:07,網路紅人谷阿莫以「X分鐘看完XXX電影」等系列影片走紅，但也因為用短時間濃縮、剪接透露電影情節，被迪士尼等電影版權公司控告侵權。經檢察官依違反《著作權法》起訴後，谷阿莫日前已與5家片商調解，目前確定其中3家片商撤告，台北地院2019年12月25日判公訴不受理。(社會 / 2020-01-05 18:07),,0
ettoday,谷阿莫「X分鐘看電影」挨告忙調解 5影視公司圍攻他苦笑：聽法官的話,https://www.ettoday.net/news/20190731/1502387.htm,2019-07-31 11:42,近年來網路上越來越多電影解說短片，網紅谷阿莫更是靠「X分鐘看完XX電影」系列爆紅，卻也因此遭迪士尼等5家影視公司提告侵權。谷阿莫31日上午9時許再度到北院出席調解會，結束時接受記者訪問調解進度，他苦笑說，「15日會再來，目前只調解了一半左右」(社會 / 2019-07-31 11:42),,0
ettoday,脫鞋爬窗擦了腳再偷走5萬9 檢警盯上鞋面「一排白」逮賊,https://www.ettoday.net/news/20190626/1475717.htm,2019-06-26 12:57,台北張姓男子2018年間，破壞1處位於2樓的美甲店門窗鎖後，脫下鞋子爬進去，先把自己的腳擦乾淨再開始行竊，偷走店內現金5萬9千元，特殊的潔癖舉動引起檢警注意，從監視畫面看出拖鞋鞋面上有一排白字，且消瘦的張男雖戴著帽子，露出耳朵的耳骨較為上突，張男見賴不掉，伏首認罪，被法院判刑9月。(社會 / 2019-06-26 12:57),,0
ettoday,李婉鈺受訪罵警察「流氓」 被控誹謗獲撤告不起訴,https://www.ettoday.net/news/20190626/1475648.htm,2019-06-26 11:47,新北市前議員李婉鈺前2017年到前立委張碩文家門外吵鬧，和到場警察起衝突，事後接受媒體訪問又用「流氓」、「輕挑」等詞句指責警察，因此被警察控告涉嫌誹謗罪，但因警察事後又撤回告訴，台北地檢署26日處分不起訴李婉鈺。(社會 / 2019-06-26 11:47),,0
ettoday,谷阿莫說電影被控侵權3度調解 預告「下次會有進度」,https://www.ettoday.net/news/20190625/1474940.htm,2019-06-25 16:04,以「X分鐘看完XX電影」系列短片走紅的網紅谷阿莫，因為用短時間濃縮、剪接透露電影情節，被迪士尼等電影版權公司控告侵權，經檢察官依違反《著作權法》起訴後，谷阿莫目前仍在和片商協商調解，25日第3次調解庭仍不公開，不過他庭後透露「下次可能比較有進度哦。」(社會 / 2019-06-25 16:04),,0
ettoday,鄰居墜遮雨棚身亡！屋主求償740萬 法院判「非凶宅」免賠,https://www.ettoday.net/news/20190527/1454026.htm,2019-05-27 18:37,台北市一名家住1樓的王姓屋主提告，5樓住戶墜樓身亡，遺體躺臥的地點就在1樓遮雨棚，害他的屋子變凶宅，求償房價減損損失740萬元。不過台北地方法院判決，該遮雨棚並非王男所專有，屋子因此不算凶宅，墜樓男的家屬免賠，全案可上訴。(社會 / 2019-05-27 18:37),,0
ettoday,打玻尿酸結果暴痛 基金女王發文罵「惡醫」判決無罪,https://www.ettoday.net/news/20190527/1453687.htm,2019-05-27 14:36,「基金女王」林寶珠先前到知名醫美診所打玻尿酸，不滿術後出現疼痛、視力減退、木偶紋加深的狀況，在自己的臉書上痛罵名醫蔡家碩是「惡醫」，挨告妨害名譽。台北地方法院一審27日判決林寶珠無罪，全案可上訴。聽到判決結果，林寶珠相當開心，直說「太好了！」也希望自己的例子能提醒想要進行醫美手術的民眾的，應多注意風險。(社會 / 2019-05-27 14:36),,0
ettoday,谷阿莫短片被控侵權滿3年 出席調解：都希望儘快落幕,https://www.ettoday.net/news/20190527/1453679.htm,2019-05-27 11:52,網紅谷阿莫因製作「X分鐘看完XX電影」短片，遭包括迪士尼在內5家影視公司提告侵權，全案至今已歷時3年。谷阿莫上午前往台北地方法院出席調解庭，結束後針對是否與片商有共識，並未多說，不過他表示，到底他的短片符不符合所謂「二次創作」，法官希望先放下這部分的爭議，針對調解，先達成對各方有利的快速解決方案，以免持續浪費人力、物力。(社會 / 2019-05-27 11:52),,0
ettoday,帶兒看《復聯4》！聒噪爸「谷阿莫式」狂講劇情 她爆氣PO網…過來人哭了,https://www.ettoday.net/news/20190501/1434471.htm,2019-05-01 12:28,《復仇者聯盟4：終局之戰》自上映以來就廣受影迷討論，甚至有不少人去「二刷」只為看清彩蛋細節。不過香港一位女網友表示，自己近日到電影院觀賞時，有一家人就坐她的旁邊，從電影開場到結束就不斷講解劇情，沒有一刻是安靜的狀態，讓她氣得飆罵「可以尊重其他人嗎？」(網搜 / 2019-05-01 12:28),,0
ettoday,謝寒冰酒駕欠繳2萬3千罰鍰被追討 原來不知只繳了罰金,https://www.ettoday.net/news/20190419/1426253.htm,2019-04-19 17:59,名嘴謝寒冰幾年前在台北市與友人飲酒後騎重機返家，途中被警方攔查到酒駕，被移送士林地檢署，之後獲緩起訴，挨罰2萬2000元。日前行政執行署士林分署向謝寒冰追討滯欠罰鍰，謝寒冰大喊冤枉，強調早就繳清，不過經執行署人員解釋後，他才發現「罰鍰」、「罰金」不一樣，自己只繳了罰金，還有監理站的2萬3000罰鍰沒繳，趕快付現，也對自己的酒駕行為相當後悔。 (社會 / 2019-04-19 17:59),,0
ettoday,418地震！地檢署外大樹壓車畫面曝光 清潔工才剛經過,https://www.ettoday.net/news/20190419/1425924.htm,2019-04-19 16:26,18日下午發生規模6.1地震，讓台北地檢署外老行道樹連根拔起傾倒，重擊停在一旁停車格內的轎車，所幸無人受傷。但監視器畫面曝光，大樹倒下前，才正有一名清潔工從樹下走過，與老樹重擊轎車的距離才隔了3、4個機車停車格，讓人看了直呼，萬一再晚點經過，後果不堪設想。(社會 / 2019-04-19 16:26),,0
ettoday,董娘被擄！法官罵檢方偷塞逮捕書 新法官當庭勘驗還真相,https://www.ettoday.net/news/20190419/1426012.htm,2019-04-19 15:05,日前台北市一日本料理店答姓董娘，疑因替人喬債務被擄，檢察官將主嫌聲請羈押，但台北地方法院開庭後，主嫌獲飭回，理由是，法官並未在卷內看到逮捕通知書，檢警未依法進行逮捕程序。檢方提起抗告，高等法院發回，審理的陳姓法官痛批檢方事後才偷偷補上，為此北院換法官重新開庭，勘驗徐男辯護律師的卷證影本，證實早有附上通知書，裁定徐男收押，也平息一樁爭議。(社會 / 2019-04-19 15:05),,0
ettoday,谷阿莫被控侵權！影視公司不和解 律：我們是詼諧仿作,https://www.ettoday.net/news/20190419/1425870.htm,2019-04-19 11:30,網紅谷阿莫因製作「X分鐘看完XX電影」短片，遭包括迪士尼在內5家影視公司提告侵權。台北地方法院開庭，除迪士尼部分尚無法與亞洲事務人員聯繫上，其餘4家公司，有2家表示沒有和解意願。谷阿莫則在開庭結束後表示，案件很複雜，不適合隨便發表意見，律師則在法庭上強調，該些創作皆為「詼諧仿作」屬合理使用。(社會 / 2019-04-19 11:30),,0
ettoday,影／布局曝光！理科太太要賣飲料、青春痘藥？註冊「12類商標」智慧局回應了,https://www.ettoday.net/news/20190401/1412343.htm,2019-04-01 03:44,YouTuber理科太太（陳映彤）因拍影片介紹子宮頸癌自我篩檢套組，違法代言醫材，成為首位遭台北市衛生局裁罰20萬元的網紅，她日前才向經濟部智慧財產局以「理科太太」、「理科先生」申請12筆商標註冊，包括香水、青春痘藥、飲料、影片製作等，官方回應，目前至少要排5個月才可能審查核准。(生活 / 2019-04-01 03:44),,0
ettoday,邱昊奇試鏡50次沒人要 痛揭片場被摔劇本「空有外表」,https://www.ettoday.net/news/20190124/1364925.htm,2019-01-24 21:22,邱昊奇高學歷醫學系出身，但剛開始拍戲時連鏡頭走位都不懂，被笑稱空有外表卻沒實力，他回憶說：「當年拍戲我在片場哭好多次，曾經被摔本，哭到不能拍，邊哭邊道歉，更懊悔自己給不出驚人的表演。」他不服輸個性去報考北藝大電影研究所課程，再回來拍戲時才被瞿友寧導演賞識。(影劇 / 2019-01-24 21:22),,0
ettoday,影／出庭堅稱「不是為了錢」 谷阿莫：不輕言放棄二次創作權,https://www.ettoday.net/news/20181116/1308186.htm,2018-11-16 18:25,網路紅人仲惟鼎（谷阿莫）錄製「X分鐘看完一部電影」系列，在YouTube上吸引不少人點閱賺錢，迪士尼等5商認為谷阿莫利侵害著作權而提告，台北地院今（16日）首次開庭，谷阿莫強調他是評論電影及教育其他看不懂電影者，承審法官則說，沒有谷阿莫，仍會有其他的部落客或直播主，好看的電影，即便觀眾已得知結論，還是會買票去看，且提告的代理商是否有獲授權提告，也應釐清，提告的代理商將與谷阿莫談是否和解。(社會 / 2018-11-16 18:25),,0
ettoday,影／谷阿莫：作影片讓不懂電影的人看懂 被告侵權開庭,https://www.ettoday.net/news/20181116/1307549.htm,2018-11-16 15:57,網路紅人谷阿莫因「X分鐘看完XX電影」短片，遭5家影視公司提告違反著作權，台北地檢署並將他起訴。案件進入台北地方法院，谷阿莫首度出庭，面對媒體，他不發一語，不過在法庭上，他強調這是他個人行為，影片做為評論及教育功能，並不知道Youtube會給他獎金，因此也沒營利行為。(社會 / 2018-11-16 15:57),,0
ettoday,谷阿莫認了已婚！ 約會畫面曝光鬆口「那是我老婆」,https://www.ettoday.net/news/20181104/1298059.htm,2018-11-04 18:09,網路紅人谷阿莫以「X分鐘看完XXX」等系列影片走紅，但也因此被片商以盜用影片、提告違反著作權法。雖然平時作風大膽，但他對於私生活極為保密，據《蘋果》報導，他日前被拍到與一名女子約會畫面，竟意外曝光他已婚人夫的身分，鬆口坦承：「那是我老婆。」(影劇 / 2018-11-04 18:09),,0
ettoday,欠稅百萬拿AV女優來抵？ 執行官查扣動產傻眼「史上第一次」,https://www.ettoday.net/news/20180717/1214642.htm,2018-07-17 14:44,又水整合設計公司提告網紅谷阿莫「X分鐘看完XX電影」系列影片，終於6月北檢依違反「著作權法」將谷阿莫起訴，又水在臉書上一吐怨氣：「相信台灣的司法能夠懲奸除惡，還給人民該有的正義及公道。」只是17日爆出，又水整合遭行政執行署追討140萬稅金，其提列清單中驚見日本知名AV女優多件商品。(影劇 / 2018-07-17 14:44),,0
ettoday,【ET晚報】FIFA若告谷阿莫！網友在「台灣各處」發雞排,https://www.ettoday.net/news/20180628/1201378.htm,2018-06-28 18:30,FIFA若告谷阿莫！網友在「台灣各處」發雞排歡慶踢鐵板 網紅谷阿莫製作「4分鐘教你假裝有在發落2018世足賽 (1-8天賽事)」影片，雖然被愛爾達小編警告後，火速刪除臉書影片，但微博上的影音仍在。愛爾達小編再度發文，「FIFA準備去函，小編祝保安。」網友們得知後，紛紛大樂發祭品文，請大家吃雞排(ET來了 / 2018-06-28 18:30),,0
ettoday,FIFA若告谷阿莫！網友在「台灣各處」發雞排歡慶踢鐵板,https://www.ettoday.net/news/20180628/1201299.htm,2018-06-28 17:27,網紅谷阿莫製作「4分鐘教你假裝有在發落2018世足賽 (1-8天賽事)」影片，雖然被愛爾達小編警告後，火速刪除臉書影片，但微博上的影音仍在。愛爾達小編再度發文，「FIFA準備去函，小編祝保安。」網友們得知後，紛紛大樂發祭品文，請大家吃雞排。(生活 / 2018-06-28 17:27),,0
ettoday,獨家／受夠了！愛爾達證實發函「側錄谷阿莫侵權影片」上報FIFA,https://www.ettoday.net/news/20180628/1201336.htm,2018-06-28 16:59,愛爾達真的發函了！網紅谷阿莫挑戰FIFA權威，製作「4分鐘教你假裝有在發落2018世足賽 (1-8天賽事)」影片，遭世足轉播單位「愛爾達體育家族」小編警告：「FIFA準備去函，小編祝保安。」愛爾達法務28日向《ETtoday》表示：「已經上報給FIFA，第一時間發函給谷阿莫，就等他回應。」(影劇 / 2018-06-28 16:59),,0
ettoday,獨家回應／惹火「大魔王」FIFA急下架影片！谷阿莫放軟了,https://www.ettoday.net/news/20180628/1201193.htm,2018-06-28 14:08,網紅谷阿莫挑戰FIFA權威，製作「4分鐘教你假裝有在發落2018世足賽 (1-8天賽事)」影片，遭世足轉播單位「愛爾達體育家族」小編警告：「FIFA準備去函，小編祝保安。」引爆網友力挺，但谷阿莫方面回應《ETtoday》：「目前沒有收到任何來函。」也未跟FIFA、愛爾達有任何接觸。(影劇 / 2018-06-28 14:08),,0
ettoday,谷阿莫真的惹火FIFA！ 愛爾達「準備去函」：小編祝保安,https://www.ettoday.net/news/20180628/1201015.htm,2018-06-28 10:49,網紅谷阿莫自詡「X分鐘看完XX電影」的系列作品是「二創」，最近卻踢到鐵板，世足轉播單位「愛爾達體育家族」日前才語帶警告說：「祝您一切安好。」28日凌晨愛爾達小編在影片中上字幕透露：「FIFA準備去函，小編祝保安。」引起不少網友議論，更有看不過谷阿莫行為的網友留言說：「終於FIFA魔王出來了。」(影劇 / 2018-06-28 10:49),,0
ettoday,谷阿莫只刪臉書影片 微博繼續「挑戰世足二創」獲陸網友好評,https://www.ettoday.net/news/20180625/1198637.htm,2018-06-25 15:28,網紅谷阿莫日前在臉書上分析2018世足賽賽事戰況，取用大量世足賽畫面，被世足轉播單位「愛爾達體育家族」轉發並調侃「希望您一切安好」，他在23日深夜緊急刪除臉書上的影片，不過目前微博上的影片仍尚未刪除。(大陸 / 2018-06-25 15:28),,0
ettoday,谷阿莫怕了！ 挑戰世足FIFA二創「賠到脫褲」...深夜刪影片,https://www.ettoday.net/news/20180623/1197327.htm,2018-06-23 11:44,網紅谷阿莫的「X分鐘看完XX電影」系列影片遭又水整合、KKTV等5家片商提告影片來源侵權，7日北檢依違反「著作權法」將谷阿莫起訴，不過「勇者」谷阿莫持續挑戰，這次對象還拉到最高等級的《FIFA》，直接取用大量世足賽畫面，被網友笑虧：「賠到脫褲都不夠。」而他似乎也意識到嚴重性，深夜急刪影片了。(影劇 / 2018-06-23 11:44),,0
ettoday,谷阿莫「二創」世足影片挑戰FIFA權威 愛爾達小編：祝一切安好,https://www.ettoday.net/news/20180622/1196992.htm,2018-06-22 22:32,「二創魔人」谷阿莫又來了！不過這次他不是製作「X分鐘看完XX」系列，而是製作「#751【谷阿莫】4分鐘教你假裝有在發落2018世足賽 (1-8天賽事)」直接挑戰《FIFA》權威，很可能遭到《FIFA》「求償」。這次取得世界盃轉播權的《愛爾達》，粉絲專頁小編不免祝福谷阿莫「一切安好」。(體育 / 2018-06-22 22:32),,0
ettoday,谷阿莫被起訴後「發237字聲明」 KKTV火大：絕不撤告,https://www.ettoday.net/news/20180609/1187241.htm,2018-06-09 07:05,網紅谷阿莫的「X分鐘看完XX電影」系列影片遭又水整合、KKTV等5家片商提告影片來源侵權，7日北檢依違反「著作權法」將谷阿莫起訴，他的謝姓友人兼同事，向《ETtoday》表示起訴書尚未收到，還未跟律師討論下一步，遭起訴後是否暫停製作影片？他則表示一切照常，堅持持續創作。(影劇 / 2018-06-09 07:05),,0
ettoday,谷阿莫遭北檢起訴！ 「留空間給人創作又來告」,https://www.ettoday.net/news/20180607/1185866.htm,2018-06-07 10:49,網紅谷阿莫去年4月被片商「又水整合」和影音串流平台KKTV提告，事情經過了1年後終於有了答案，台北地檢署7日依法起訴谷阿莫。(影劇 / 2018-06-07 10:49),,0
ettoday,二創「X分鐘看完XX」稱合理使用 谷阿莫涉及侵權遭起訴,https://www.ettoday.net/news/20180607/1185847.htm,2018-06-07 10:35,網路紅人谷阿莫以「X分鐘看完XXX」等系列影片走紅，但也因此被片商以盜用影片、提告違反著作權法，他曾經表示自己不擔心最後偵查結果，認為影片都是合理使用，不過台北地檢署認定，他沒有經過授權違法使用電影片段重制，依照違反著作權法起訴。(社會 / 2018-06-07 10:35),,0
ettoday,二創「X分鐘看完XX」被告侵權 谷阿莫出庭堅持合理使用,https://www.ettoday.net/news/20180322/1135879.htm,2018-03-22 21:47,網路紅人谷阿莫以「X分鐘看完XXX」等系列影片走紅，但也因此被片商以盜用影片、提告違反著作權法。谷阿莫22日再次前往北檢出庭，離開時大方接受媒體採訪，表示自己不擔心最後偵查結果，並且堅持影片都是合理使用，最後也透露說希望這次事件，能讓台灣法律確定界限，使創作者不會再誤觸法律。(社會 / 2018-03-22 21:47),,0
ettoday,谷阿莫GG了！ 陸廣電局出招禁「二次創作」,https://www.ettoday.net/news/20180322/1135918.htm,2018-03-22 21:09,大陸廣電局近來再度釋出新規範，這次不僅針對電視節目，連網路上的影片也中招，其中還提到將「堅決禁止非法抓取、剪拼改編視聽節目的行為」，也就等於過去用影視作品再進行2次創作、改編，現已被大陸禁止，以類似影片走紅並曾獲得大陸投資的谷阿莫，可能也會受到此規範影響。(影劇 / 2018-03-22 21:09),,0
ettoday,谷阿莫「月薪15萬」徵門市經理？ PTT爆200坪旗艦店奢華內部,https://www.ettoday.net/news/20180307/1125432.htm,2018-03-07 13:20,網紅谷阿莫當年以「X分鐘看完XXX」系列影片爆紅，近期積極發展鳳梨酥副業，所賣的鳳梨酥一顆52元，已在各大網路通路上架，有PTT網友在徵才網站發現「谷阿莫鳳梨酥咖啡廳-鳳梨酥門市部經理」的職缺，開出5至15萬元的月薪，引起熱烈討論。(影劇 / 2018-03-07 13:20),,0
ettoday,谷阿莫創業賣52元鳳梨酥！ 台灣配送列「台港澳地區」,https://www.ettoday.net/news/20180306/1124960.htm,2018-03-06 19:01,網紅谷阿莫當年以「X分鐘看完XXX」系列影片，在兩岸聲名大噪。他近日透過臉書公告，成功發展出鳳梨酥副業，並將自己錄音、拍攝的廣告PO網。他除了帥臉吸睛，所賣的鳳梨酥一顆52元，已在各大網路通路上架，在淘寶也有賣場，配送地點含大陸及馬來西亞，並將台灣分類為「台港澳地區」，再度引起話題。(影劇 / 2018-03-06 19:01),,0
ettoday,2017網紅爆發年！7組「百萬訂閱YouTuber」聖結石225天就達陣,https://www.ettoday.net/news/20180217/1096720.htm,2018-02-17 11:00,談起台灣YouTuber界的起源，蔡阿嘎可說是始祖，早在2014年就達成「1百萬人訂閱」這項里程碑，而團體「這群人」則是於2016年達標，甚至時隔一年就突破2百萬大關。以下就來盤點出7組在2017年也突破百萬訂閱的YouTuber們，如果你還沒看過他們，可能代表你已經快跟不上時代囉！(影劇 / 2018-02-17 11:00),,0
ettoday,臉書成電影院？粉絲頁24小時輪播電影 律師警告：已觸法,https://www.ettoday.net/news/20180215/1114712.htm,2018-02-15 22:30,臉書變成電影院？網路名人谷阿莫去年才遭電影片商提告侵權，案件雖仍在審理中，但也顯見台灣人對著作權法觀念的不足。近日越來越多臉書專頁都在網路「直播電影」，藉此吸引網友關注，如《艋舺》、周星馳系列電影都被直播過多次，甚至連院線片都被同步直播。律師提醒，在臉書中直播電影行為已經違法。(社會 / 2018-02-15 22:30),,0
ettoday,【ET晚報】國小生都想當YouTuber！ 業內人揭「成名內幕」,https://www.ettoday.net/news/20171217/1074412.htm,2017-12-17 18:35,(ET來了 / 2017-12-17 18:35),,0
ettoday,YouTuber爆夯！國小生都想當 業內人揭「成名內幕」勸：想清楚,https://www.ettoday.net/news/20171217/1065753.htm,2017-12-17 15:13,YouTuber為近年來迅速竄紅的新興行業，看著谷阿莫、這群人、HowHow等成功案例，越來越多人投身於此，嘗試經營自己的頻道；但往往我們只看得到，那些站上金字塔頂端的YouTuber，及他們收穫的累累碩果，卻不了解其中辛酸，更別說淹沒在洪流中、不得不向現實低頭的那些人。(生活 / 2017-12-17 15:13),,0
ettoday,YouTube公開2017台灣熱門影片！「漂向北方」、「你不紅」最紅,https://www.ettoday.net/news/20171207/1068146.htm,2017-12-07 18:56,YouTube 稍早公布台灣 2017 年度熱門影片排行榜，包括「熱門音樂影片」、「熱門影片」、「熱門創作者影片」、「快速竄紅創作者」共四個榜單，從榜單中可看出，台灣觀眾除了愛看 YouTuber 的獨創內容外，MV、熱議時事、跨平台播出的電視節目等類型的影音也廣受歡迎。(3C家電 / 2017-12-07 18:56),,0
ettoday,破解迷思！Google：YouTube 已取代電視是台灣文化的中心,https://www.ettoday.net/news/20170928/1020890.htm,2017-09-28 17:47,睽違三年，YouTube 在台灣舉辦千人造勢活動 YouTube Pulse，現場就像把 YouTube 內容具現化一般，有LIVE Band、有美妝、還有談話節目，而根據稍早公開的內部調查結果，台灣用戶觀看 YouTube 時數較去年同期成長 41%，每週平均觀看 14.6 小時，一個「YouTube經濟」隱然成形。(3C家電 / 2017-09-28 17:47),,0
ettoday,谷阿莫放話送4萬iPhone X 狂吸10萬人朝聖！,https://www.ettoday.net/news/20170913/1010350.htm,2017-09-13 22:03,網路紅人谷阿莫製作「X分鐘看完XX電影」系列短片，幽默濃縮、講解電影情節讓他一夕爆紅。在12日蘋果發表全新一代iPhone 8跟iPhone X後，他隔天不僅搭上時事話題，製作「400秒看完蘋果2小時發佈會」影片，並放話要免費送要價台幣4萬元的iPhone X，短短一天內，竟吸引超過10萬人關注轉發，引發熱烈討論。(影劇 / 2017-09-13 22:03),,0
ettoday,雷皓明／網路文章可隨意轉載？小心侵權惹禍！,https://www.ettoday.net/news/20170910/1006317.htm,2017-09-10 22:00,社群軟體興盛（臉書、Line、Twitter……），大多都有個一鍵分享的功能，讓你把好文一傳再傳。似乎，「分享」內容已經變成是一種常態與習慣。但這一指分享到底有沒有違反《著作權法》？什麼樣的使用叫合理使用？(法律 / 2017-09-10 22:00),,0
ettoday,台灣YouTuber收入曝光！谷阿莫拿第一名 網崩潰：難怪被吉,https://www.ettoday.net/news/20170903/1002988.htm,2017-09-03 01:05,許多民眾都想知道知名網紅YouTuber的收入究竟是多少，就有網友利用觀看次數，利用公式計算收入，不把其他業配納入的情況下，台灣知名的YouTuber從開站以來究竟賺了多少錢，沒想到第一名收入竟然是官司纏身的谷阿莫。(生活 / 2017-09-03 01:05),,0
ettoday,重製電影講評風波未平 谷阿莫再度遭北檢傳喚,https://www.ettoday.net/news/20170824/996348.htm,2017-08-24 18:39,網路紅人谷阿莫製作「X分鐘看完XX電影」系列短片，幽默濃縮、講解電影情節讓他一夕爆紅，不過他重製盜版電影的行為卻引發影音平台KKTV和片商「又水整合」不滿，控告他違反著作權法，上月27日被台北地檢署傳喚，本月24日他再度出庭，低調表示相關問題將交由律師說明。 (社會 / 2017-08-24 18:39),,0
ettoday,谷阿莫首出庭！捍衛二次創作被問「影片來源」…掉頭走人,https://www.ettoday.net/news/20170727/976183.htm,2017-07-27 20:21,網紅谷阿莫以「X分鐘看完XX電影」系列短片爆紅，但影音平台KKTV和片商「又水整合」不滿他使用盜版重製，控告他涉嫌違反《著作權法》，谷阿莫27日下午首度以被告身分到案說明，提告片商則由律師出庭，庭外谷阿莫被問到最關鍵的「影片來源」，直接掉頭走人，他的經紀人也以「開會中」拒絕回應。(影劇 / 2017-07-27 20:21),,0
ettoday,谷阿莫首出庭 被問「非法下載影片」...一秒轉頭走人,https://www.ettoday.net/news/20170727/976092.htm,2017-07-27 19:40,網路紅人谷阿莫（本名仲惟鼎）因製作「X分鐘看完一部XX的電影」系列影片，遭電影公司控告違反著作權法。北檢27日首度傳喚谷阿莫出庭，庭訊結束後，谷阿莫對媒體表示，希望二次創作能更受到重視，不過被問到是否有非法下載影片，谷阿莫立刻轉頭快步離開。(社會 / 2017-07-27 19:40),,0
ettoday,網紅谷阿莫侵權 北檢首度傳喚到案,https://www.ettoday.net/news/20170727/975914.htm,2017-07-27 15:20,網路紅人谷阿莫遭片商控告涉嫌自網路下載未經授權影片，並剪輯製作影評，違反《著作權法》。台北地檢署今天下午首度以被告身分傳喚谷阿莫及提告片商說明。據了解，谷阿莫否認侵權。(法律 / 2017-07-27 15:20),,0
ettoday,谷阿莫「作品」涉侵害著作權 今下午首度赴北檢出庭,https://www.ettoday.net/news/20170727/975899.htm,2017-07-27 15:12,網路紅人谷阿莫因製作「X分鐘看完一部XX的電影」系列影片，被電影公司怒告違反著作權法，不過谷阿莫本人事後仍堅稱自己的作品符合著作權合理使用原則，「讓很多乏人問津的電影被更多人注意到，甚至增加他們票房的收入。」引起外界高度關注。台北地檢署今天下午首度傳喚谷阿莫到案說明，據了解，提告片商也一併到案。(社會 / 2017-07-27 15:12),,0
ettoday,史上最長電影720小時、看完花30天！網：谷阿莫最大挑戰,https://www.ettoday.net/news/20170724/973568.htm,2017-07-24 15:53,瑞典導演安德斯韋柏格（Anders Weberg）預計拍攝一部長達720小時電影《氛圍》（Ambiancé）堪稱史上最長電影。他日前發佈預告片就長達7小時20分鐘，電影屆時要連續放映30天才能看完，網友笑說：「谷阿莫面臨生涯最大挑戰了！」(影劇 / 2017-07-24 15:53),,0
ettoday,【李幼鸚鵡鵪鶉番外篇】荒人手記,https://www.ettoday.net/news/20170711/964601.htm,2017-07-11 22:03,與李幼鸚鵡鵪相約在他家拍照，臨行之前，他特別傳真來交代注意事項，第一，他家馬桶壞了，來時不要喝太多水，否則尿急很麻煩；第二，他的鸚鵡和鵪鶉膽子很小，千萬不要進到小鳥們的房間，會嚇壞牠們；第三，他家沒冷氣，房間不通風，很熱，也很亂，要我們有心理準備。(影劇 / 2017-07-11 22:03),,0
ettoday,流浪狗遭亂棍打死 黃明志「2招暖舉」點名聖結石救援,https://www.ettoday.net/news/20170620/949039.htm,2017-06-20 13:52,藝人黃明志除了音樂之外，對公共事務頗有關注，近日他拍攝一支短片，號召網友關心馬來西亞流浪狗的問題，為了杜絕非法捕狗隊虐殺狗的行為，他發起成立民間流浪狗收容中心，但需要大眾出錢出力，因此點名5位藝人出席慈善晚會，當中包含台灣網紅聖結石及谷阿莫。(影劇 / 2017-06-20 13:52),,0
ettoday,聊是非／星光奈奈：床上三招讓她沒有起床氣！,https://www.ettoday.net/news/20170613/944020.htm,2017-06-13 19:31,或許你也覺得換動作頻繁，跟時間很久就能讓女生爽，但這是大大的錯誤，不信？那你的她會主動找你要嗎？她會急著抓住你的武器塞進去，要你快點進來？(名家 / 2017-06-13 19:31),,0
ettoday,純文學的宿命 《小時代》vs.《未央歌》,https://www.ettoday.net/news/20170609/941699.htm,2017-06-09 17:03,現代人的閱讀習慣，圖畫和影片取代了文字，對於經典名著更沒有興趣。像同樣是描述4個大學生的生活，郭敬明的《小時代》成為暢銷著作，鹿橋經典的《未央歌》很多人聽都沒聽過！若沒了這些可以流傳後世的純文學創作，人類心靈豈不乾涸。(論壇 / 2017-06-09 17:03),,0
ettoday,Rain「握手摟背」親切合照！ 聖嫂Dodo嗨爆：不洗澡了,https://www.ettoday.net/news/20170605/938800.htm,2017-06-05 19:35,WebTVAsia年度音樂節《亞洲熱播盛典》（Viral Fest Asia）2日、3日在泰國登場，網紅聖結石與老婆Dodo、谷阿莫登台演出，同場的還有韓國男神Rain及日本AKB48、EXILE等組合，現場氣氛熱烈，而台灣代表也趁機會跟Rain合照，Dodo更是緊張地一個月前就開始期待，等到合照那刻超興奮。(影劇 / 2017-06-05 19:35),,0
ettoday,北一女神蔡瑞雪開金口 透膚網紗上衣性感微露小蠻腰,https://www.ettoday.net/news/20170603/937621.htm,2017-06-03 19:14,由WebTVAsia主辦的年度音樂節「亞洲熱播盛典」（Viral Fest Asia）2日起連兩天在泰國曼谷盛大舉行，「北一女神」蔡瑞雪、藝人林雨葶與萬萬小宇宙搭擋登台，演唱老菸槍雙人組的《Closer》，受到全場粉絲熱烈歡迎。3日第二場活動中，南韓舞王Rain、日本女團AKB48、台灣聖結石夫妻和谷阿莫等都將出席。(影劇 / 2017-06-03 19:14),,0
ettoday,蔡慶輝／新媒體：高人工密集雲端科技產業,https://www.ettoday.net/news/20170526/932532.htm,2017-05-26 11:21,媒體人從來沒這麼辛苦過！以為更多網路科技的輔助、更多輕便設備的運用，可以讓傳播這件事情更有效率，但，這卻是一個「高人工密集」的科技產業(論壇 / 2017-05-26 11:21),,0
ettoday,《黑澀會》小可勾引谷阿莫 衝後台換衣險被監視器直播,https://www.ettoday.net/news/20170523/930528.htm,2017-05-23 18:44,網紅谷阿莫日前公開新單曲《妖豔賤貨》，MV不到一日就破百萬觀看，女主角林雨葶的詮釋也連帶引起超高討論度，許多網友紛紛好奇「那個妖豔賤貨到底是誰？」也有眼尖網友發現，她就是當初我愛黑澀會「小可」，當初清新甜美的學生妹形象和《妖豔賤貨》大相徑庭，近期也常在網路上翻唱歌曲跟演出網路短劇。(影劇 / 2017-05-23 18:44),,0
ettoday,蔡慶輝／哥的一帶一路的新媒體願景,https://www.ettoday.net/news/20170519/927649.htm,2017-05-19 11:27,「一帶一路」與豬哥亮，對新媒體人來說不過就是「愛」與「不愛」的矛盾情愫。新媒體要「觀風向」、「帶風向」，尤其無國界的網路世界，即便我們不在「一帶一路」這條路上，但仍要力搏一拚才能通往勝美之地。(論壇 / 2017-05-19 11:27),,0
ettoday,谷阿莫新歌出了！「一直捧我的話我會太得意」,https://www.ettoday.net/news/20170518/927384.htm,2017-05-18 20:32,谷阿莫因版權爭議，遭片商提告侵權，不過他完全不受官司影響，推出最新的單曲。他新單曲《妖豔賤貨》18日推出，MV一推出立刻引起關注，整首歌的唱風跟他平常說話風格相當相像，而整首歌的歌詞也都由他一手包辦。(影劇 / 2017-05-18 20:32),,0
ettoday,這不是二次創作！谷阿莫推「賤貨」纏綿《黑澀會》美眉,https://www.ettoday.net/news/20170517/926480.htm,2017-05-17 17:42,谷阿莫因版權爭議，遭片商提告侵權，但仍照常剪輯影片，完全不受官司影響。谷阿莫更宣告進軍歌壇，宣告推出數位單曲《妖豔賤貨》，還包辦新歌作詞作曲， 大唱Rap，令人覺得好新鮮。 (影劇 / 2017-05-17 17:42),,0
ettoday,0517今日頭條／診所重複用針頭害慘病患 C肝群聚感染首爆,https://www.ettoday.net/news/20170517/925892.htm,2017-05-17 06:57,台灣自1992年進行血液篩檢C肝以來，首次爆發群聚感染事件！桃園市楊梅區維蓮診所護理師陳瑞蓉，涉嫌重複使用針頭為病患施打點滴、營養劑，造成5名病患感染C型肝炎，該案曝光後，陳竟供稱，不知重複使用針具會引發感染；衛生局初步統計，至少有1200名曾在該診所就醫病患存在感染風險，將主動通知並進行血液篩檢。(生活 / 2017-05-17 06:57),,0
ettoday,防止谷阿莫脫產！片商發起集資「假扣押」：正義須伸張,https://www.ettoday.net/news/20170516/925834.htm,2017-05-16 23:36,谷阿莫因版權爭議，遭片商提告侵權，但仍照常剪輯影片，完全不受官司影響。外傳谷阿莫背後有龐大資產撐腰，片商「又水整合」擔心他惡意脫產，16日在臉書發起募款，希望籌得資金作為「假扣押」的高額擔保金，「正義需被伸張！」 (影劇 / 2017-05-16 23:36),,0
ettoday,蔡慶輝／王令麟，新媒體的先行者，也是實踐者,https://www.ettoday.net/news/20170512/922855.htm,2017-05-12 10:00,一個企業若沒有堅持的先行者，就不會有可能的契機；沒有勇於向前的實踐者，就不會有斐然的成績。《ETtoday.net東森新聞雲》，一路走來有太多的失敗，如今成了台灣第一名的網路媒體，正因為背後有他義無反顧的相挺……(論壇 / 2017-05-12 10:00),,0
ettoday,獨家／谷阿莫轉型創作歌手！確定同台飆歌Rain、AKB48,https://www.ettoday.net/news/20170510/921817.htm,2017-05-10 18:46,網路紅人谷阿莫近日官司纏身，但不影響工作計畫，10日正式宣告跨足音樂領域，嘗試轉型創作歌手寫詞、唱歌，並預計於6月3日登上國際舞台「亞洲熱播盛典」表演，並與南韓歌手Rain、日本女子團體AKB48同台飆歌。(影劇 / 2017-05-10 18:46),,0
ettoday,酷播不死！神人低調分享「替代網站」 網友跪求：快活不下去,https://www.ettoday.net/news/20170510/921385.htm,2017-05-10 13:26,知名影視網「123KUBO酷播」7日早上6點無預警關站，台灣網友哀鴻遍野，由於該站影音資料庫龐大，什麼片都找得到，新戲劇和電影更新即時，甚至還有雙語字幕，不少人以「世界末日」形容。不過，現在有神人宣稱找到「替代網站」，體驗幾乎一樣；不過這類影音全是盜版來源，很可能侵害著作權。(生活 / 2017-05-10 13:26),,0
ettoday,123KUBO關站網崩潰！膝關節揭壓垮真相：活超久夠仁慈了,https://www.ettoday.net/news/20170507/919258.htm,2017-05-07 14:09,知名影音網站「123KUBO酷播」由於龐大影音資料、即時更新最新戲劇、電影成為無數網友的精神糧食。未料，該站7日早上6點無預警關站，引發網友崩潰哀嚎：「世界末日來了！」對此，曾重砲抨擊谷阿莫使用盜版影片的影評人膝關節表示：「盜版網站關站合乎道德，活這麼久已經夠仁慈了！」(影劇 / 2017-05-07 14:09),,0
ettoday,蔡慶輝／新媒體的虛實幻境、真假世界,https://www.ettoday.net/news/20170505/917939.htm,2017-05-05 10:57,林姓女作家事件，有立委提出「實名制」，原來，補教界與網路社群一樣有虛有實、是真亦假。虛實真假可能是最難辨別，卻也最容易辨別，還有社群鄉民們「民氣可用」的正義感。維基百科想用群眾智慧修好「壞掉的新聞」，我，並不樂觀......(論壇 / 2017-05-05 10:57),,0
ettoday,楊馨／補教名師－人獸的差別，竟然只在一線之隔！,https://www.ettoday.net/news/20170503/916724.htm,2017-05-03 17:30,能生存下來的老師，都已「向錢看齊」，那些老師年復一年的在台上說著同樣的黃色笑話、在月考前點名幾個需要「個別加強」的女學生留下來「一對一」授課......(論壇 / 2017-05-03 17:30),,0
ettoday,谷阿莫被告照樣PO影片 粉絲挺新片《羅根》50萬人看過了！,https://www.ettoday.net/news/20170430/914651.htm,2017-04-30 13:03,網路紅人谷阿莫電影剪輯濃縮，靠著獨特的「X分鐘看完一部XX的電影」系列影片爆紅，卻也因此被電影公司提告侵權，不過他似乎沒再怕，於28日上傳夯片《羅根》的5分鐘版本，分享至臉書後，在短短2天時間內吸引了50萬人觀看，還有733人分享，不過也引來正反網友的議論。(生活 / 2017-04-30 13:03),,0
ettoday,谷阿莫影片涉侵權…遭各界圍剿 網友猜下一個是「狂新聞」,https://www.ettoday.net/news/20170429/914514.htm,2017-04-29 20:18,網路紅人谷阿莫透過網路下載影片重製、配旁白，以獨特的幽默製作「X分鐘看完一部XX的電影」系列影片爆紅，近日被電影公司提告侵權；多數網友認為下一個被告的就是卡提諾狂新聞，但律師分析，狂新聞主張合理使用的成功機率較高。(生活 / 2017-04-29 20:18),,0
ettoday,楊韾／網路的世界--李季準VS.谷阿莫,https://www.ettoday.net/news/20170428/913772.htm,2017-04-28 15:54,創作是心血，它應該是值得創作人用生命去捍衛的東西，而不是廉價地讓旁人坐享其成！同樣以聲音的特色辨識度來吸引群眾，李季準那個沒有網路的年代，反而叫人懷念！(論壇 / 2017-04-28 15:54),,0
ettoday,蔡慶輝／如果智慧是公共財？從谷阿莫談新媒體創新,https://www.ettoday.net/news/20170428/913518.htm,2017-04-28 10:42,谷阿莫「X分鐘看完電影」侵權挨告話題，在網路上熱議了兩天，網路調查也顯示，尊重原創的版權意識已逐漸提高。然「如果內容有趣還是會看」的網友心態，卻依舊存在。許多人都利用既有事物進行「二次創作」，這不但是媒體科技化之趨，也是所需面對的衝擊。(論壇 / 2017-04-28 10:42),,0
ettoday,囧星人精辟分析谷阿莫 律師：法官有時候也是酸民,https://www.ettoday.net/news/20170428/913551.htm,2017-04-28 10:36,網路紅人谷阿莫將電影剪輯濃縮，但因版權問題引發爭議。JET《新聞挖挖哇》昨（27日）播出討論谷阿莫的相關話題，其中網路節目製作人囧星人認為，谷阿莫不見得人人欣賞，但他著實有抓到某個族群；至於到底有無侵權，律師蘇家宏則表示說不準，「法官有時候也是酸民。」(影劇 / 2017-04-28 10:36),,0
ettoday,ET民調／谷阿莫侵權事件 70.9%認為「被告應該的」,https://www.ettoday.net/news/20170427/912789.htm,2017-04-27 19:57,谷阿莫侵權事件讓不少創作者認為是「踐踏原創」，但也有支持方的網友覺得不要無限上綱、抹煞二次創作的創意精神，《ETtoday東森新聞雲》就針對本站讀者做了一份「谷阿莫侵權被告」的調查，結果有70.9%的人認為「被告應該」，但還是有54.7%的人表示「有趣的話還是會繼續看」。(生活 / 2017-04-27 19:57),,0
ettoday,微信貼圖抄襲「卡娜赫拉」？ 網友：是二次創作啦！,https://www.ettoday.net/news/20170427/912971.htm,2017-04-27 15:47,過去常發生通訊軟體「LINE」貼圖抄襲事件，除了引起雙方粉絲互相口水戰外，更是牽扯上官司問題。粉絲專頁「人3 x steal3」於上午貼出一張網友投稿對比圖，發現通訊軟體「微信」上也出現抄襲貼圖事件，且「被抄襲」的對象還是知名貼圖「Kanahei卡娜赫拉的小動物」，惹怒眾多網友。(新奇 / 2017-04-27 15:47),,0
ettoday,「這才是二改」引谷阿莫粉絲怒嗆 蕭小M無辜解釋,https://www.ettoday.net/news/20170427/913074.htm,2017-04-27 15:39,網紅蕭小M日前找來一群網紅一同翻唱黃明志的《你不紅》，反駁酸民的言論，將自己長久以來被攻擊的心聲寫成歌詞，影片po出後，立刻引起關注。不過小M在分享影片時，寫到「這才叫做所謂的二次創作」，和谷阿莫被告的話題牽上線，意外引起網友大戰。(影劇 / 2017-04-27 15:39),,0
ettoday,谷阿莫自認是2次創作 張震嶽：不是奇才是啥？,https://www.ettoday.net/news/20170427/912993.htm,2017-04-27 14:14,網路紅人谷阿莫遭片商及串流平台提告未授權使用影片後，自錄6分鐘影片不認侵權，並表示會持續進行二次創作。對此，歌手張震嶽便直言，自己也看過谷阿莫的影片，但只看到一半就看不下去，「如果你不想動腦又想笑誰的電影拍多爛，谷阿莫是你最好的朋友。」(影劇 / 2017-04-27 14:14),,0
ettoday,小A辣打臉谷阿莫！ 曝「真正的二次創作」影片被讚爆,https://www.ettoday.net/news/20170427/912970.htm,2017-04-27 13:26,網路紅人谷阿莫因製作「X分鐘看完一部XX的電影」系列影片，被電影公司提告侵權，他雖強調清白，卻仍引發各界論戰。對此，同樣身為網路紅人的小A辣26日在臉書轉發和其他網紅們的合作影片，強調：「支持真正的二次創作！！」有粉絲要他小心谷阿莫粉絲來護航，他表示：「我有你們。」(影劇 / 2017-04-27 13:26),,0
ettoday,谷阿莫被告+圍剿、那狂新聞怎麼辦？律師、廣告人激戰,https://www.ettoday.net/news/20170427/912768.htm,2017-04-27 10:31,網紅谷阿莫透過網路下載影片重製、配旁白，以獨特的幽默講解電影爆紅，但近日被提告侵權，他緊急發聲明否認侵權，而且會捍衛二次創作的權力，不過來自演藝界、網紅界的圍剿紛紛湧出。究竟谷阿莫會不會打贏這場官司？也以二次創作聞名的狂新聞會不會也有被告的危險？今天《雲端最前線》請來律師與廣告人正、反方激戰解析。(政治 / 2017-04-27 10:31),,0
ettoday,您給孩子看的巧虎有付費嗎？ 用谷阿莫教孩子：創作有價,https://www.ettoday.net/news/20170426/912377.htm,2017-04-26 22:00,網路紅人谷阿莫，擅長在短短幾分鐘內，把一部電影講完，最近他被片商提告侵權，這也讓我們不禁反思，關於「藝術」、「影像」、「文字」、「聲音」那些不太具體化的創作，是不是被視為「不用支付費用」的勞務，如果您的答案是肯定的，這將會對我們的下一代，造成極大的衝擊。(親子 / 2017-04-26 22:00),,0
ettoday,谷阿莫會影響看電影意願 智慧局：合理使用才不是這樣,https://www.ettoday.net/news/20170426/912474.htm,2017-04-26 19:11,網路紅人谷阿莫因製作「X分鐘看完一部XX的電影」系列影片，被電影公司提告侵權，短時間內成了熱門討論話題。對此，經濟部智慧局長洪淑敏26日指出，目前需要等待的是法院的判決，但若剪輯影片中最精華的部分，影響消費者看電影的意願，「產生市場替代效果，就不符合合理使用。」(社會 / 2017-04-26 19:11),,0
ettoday,谷阿莫「二次創作」被告慘 苗博雅：結果還是要看奇模子,https://www.ettoday.net/news/20170426/912188.htm,2017-04-26 16:22,網紅谷阿莫靠「x分鐘看完電影」系列爆紅，近日被3家片商提告侵權，他發出聲明強調自己是在「合理使用」的原則下進行創作，25日又更新臉書，再祭出20張電影票的抽獎活動，似乎沒在怕，引起影視圈一陣譁然。《ETtoday東森新聞雲》記者特別致電社民黨發言人苗博雅，並詢問她對此案的看法。(社會 / 2017-04-26 16:22),,0
ettoday,谷阿莫到底哪裡錯？ 網紅同行「牛排比喻」打臉超好懂,https://www.ettoday.net/news/20170426/912324.htm,2017-04-26 15:42,網路紅人谷阿莫以剪輯電影、連續劇濃縮劇情破梗，遭片商及串流平台提告未授權使用影片，違反《著作權法》，引發正反兩方的議論；同為網紅的呱吉（邱威傑）認為，谷阿莫即便取用原版內容的比例低，但再創作的比例更低，等於全部都是用到別人的心血結晶。(影劇 / 2017-04-26 15:42),,0
ettoday,《Cue新聞》電影日！《星際異攻隊2》超萌葛魯特讓你帶回家,https://www.ettoday.net/news/20170426/912291.htm,2017-04-26 15:03,《星光雲！Cue新聞》又到了每周三大家最喜歡的「電影主題」啦！由資深媒體工作者鄭偉柏與記者黃子瑋主持，和大家大聊就在今晚要上映的《星際異攻隊2》，網友只要留言和主持人互動，就有機會得到《星際異攻隊2》的獨家周邊哦！4月26日下午五點記得鎖定ETtoday星光雲粉絲團。(影劇 / 2017-04-26 15:03),,0
ettoday,呂秋遠／你大量的、商業的、解讀我的作品，就是踐踏！,https://www.ettoday.net/news/20170426/912073.htm,2017-04-26 11:22,我寧願無名，也不願被踐踏。是的，你大量的、商業的、簡短的、解讀我的作品，對我而言，就是踐踏。身為一個創作，小說就像是我親生的孩子，請不要任意凌虐、殺害他。 (論壇 / 2017-04-26 11:22),,0
ettoday,「濃縮電影」紅3年...谷阿莫到底賺多少？ 公司年收曝光,https://www.ettoday.net/news/20170426/911987.htm,2017-04-26 10:46,網路紅人谷阿莫靠著「x分鐘看完電影」系列爆紅，但因版權爭議，陸續被3家片商提告侵權，他24日發布6分多鐘影片，強調自己的清白，引起一陣熱議，在風口浪尖上的他，身為「知識糖果數位社群媒體公司」董事長，而公司的年營收也被曝光！(生活 / 2017-04-26 10:46),,0
ettoday,0426今日頭條／谷阿莫侵權恐賠千萬 影視圈罵無恥,https://www.ettoday.net/news/20170426/911907.htm,2017-04-26 06:47,網路紅人谷阿莫以剪輯電影、連續劇濃縮劇情破梗，搭配獨特詼諧或粗俗口白介紹，製成短片po網暴紅，他在YouTube的主頻道累計逾3億人次點閱，但陸續有3片商控告他根本未經授權使用盜版影片改編重製，違反《著作權法》，且部分電影被講得「一文不值」，檢警日前搜索保全證據，但他卻發聲明堅稱合理使用，昨繼續上傳短片，演藝圈氣罵他無恥、片商痛批：「不知錯！」擬求償上千萬元。(生活 / 2017-04-26 06:47),,0
ettoday,谷阿莫「濃縮電影」紅3年才被告 律師揭密片商沉默原因,https://www.ettoday.net/news/20170426/911843.htm,2017-04-26 00:51,網路紅人谷阿莫將電影剪輯濃縮，靠著「X分鐘看完電影」系列影片爆紅，但因版權爭議，讓2家片商喊告。至於為何現在才有片商喊告，身為電影法律顧問的陳昱嵐律師接受《中央社》專訪時分析，因為台灣電影公司規模太小，光宣傳就忙到沒空舉證，所以往往也就睜一隻眼閉一隻眼。(社會 / 2017-04-26 00:51),,0
ettoday,谷阿莫敗在這個原因！ 律師揭94年判決：要贏很難,https://www.ettoday.net/news/20170426/911864.htm,2017-04-26 00:00,網紅谷阿莫24日遭片商及串流平台提告未授權使用影片，消息一出引發正反兩方的議論。曾是多位藝人的委任律師陳彥任舉出《著作權法》第65條以及94年刑事判決案例，「除非他的影片對國家有幫助」不然打贏官司機率很低，而谷阿莫無論是否是盜版影片散布者，只要「下載電影全片」已是觸法的行為。(影劇 / 2017-04-26 00:00),,0
ettoday,不只谷阿莫！ 金庸告江南「二創作品」侵權求償2186萬,https://www.ettoday.net/news/20170425/911829.htm,2017-04-25 23:41,知名網紅谷阿莫被片商提告侵權，引發社會激烈討論「二創」問題，同時知名武俠大師金庸（查良鏞）日前控告大陸作家江南（楊治）侵權案，法庭也在25日開庭審理。金庸指控江南的小說《此間的少年》，內容大量引用他作品的獨創元素，請求江南賠償500萬人民幣（大約新台幣2140萬元）的經濟損失。(大陸 / 2017-04-25 23:41),,0
ettoday,30秒看完谷阿莫6分鐘自清影片 網製「超神懶人包」酸炸,https://www.ettoday.net/news/20170425/911763.htm,2017-04-25 21:32,網路紅人谷阿莫將電影剪輯濃縮，靠著「X分鐘看完電影」系列影片爆紅，累積百萬粉絲，但因版權爭議，讓2家片商喊告。為此，谷阿莫拍攝6分22秒短片辯白，但卻被網友以同樣濃縮剪輯的方式，製作懶人包「30秒看完2017年谷叉叉的六分鐘自清影片」狠酸，引發討論。(生活 / 2017-04-25 21:32),,0
ettoday,沒在怕？谷阿莫再PO影片談《星際異攻隊》 還抽獎送電影票,https://www.ettoday.net/news/20170425/911811.htm,2017-04-25 21:20,才被3家片商提告侵權，網路紅人谷阿莫似乎「沒在怕」，25日傍晚他又更新臉書，重新翻出5分鐘看完《星際異攻隊》的影片，搶搭電影續集上映的風潮，還祭出20張威秀影城電影票的抽獎活動。(影劇 / 2017-04-25 21:20),,0
ettoday,谷阿莫捍衛清白 郎祖筠：不只臉皮厚，簡直沒羞恥心！,https://www.ettoday.net/news/20170425/911779.htm,2017-04-25 19:44,網路紅人谷阿莫自行剪接「X分鐘看完電影」系列影片，遭片商提告侵權，雖然主張行為合乎「著作權合理使用原則」，仍引起各方討論。藝人郎祖筠便直言，自己也看過谷阿莫的影片，但只看了1次就覺得非常討厭，「我衷心的期待他受到制裁，別再糟蹋人家的創作心血，以及大眾的觀影樂趣！」(影劇 / 2017-04-25 19:44),,0
ettoday,谷阿莫涉侵權惹議 亞洲統神：他能紅是台灣社會的悲哀，可恥！,https://www.ettoday.net/news/20170425/911709.htm,2017-04-25 18:53,網路紅人谷阿莫因製作「X分鐘看完一部XX的電影」系列影片，被電影公司提告侵權，短短時間內成了熱門話題，也讓許多網友好奇他和遊戲實況主亞洲統神（張嘉航）的關係。對此，亞洲統神在臉書上表示，兩人的合作在兩年半前已經終止，他非常不贊成谷阿莫嘲弄別人作品的方式，直批「能紅是台灣社會的悲哀」(生活 / 2017-04-25 18:53),,0
ettoday,【ET晚報】谷阿莫合理使用影片？警打臉：有犯罪事實才搜索,https://www.ettoday.net/news/20170425/911673.htm,2017-04-25 18:30,網路知名影片評論「谷阿莫」24日被「又水整合設計」、「得利影視」、「科科電速（KKTV）」等3家影視公司、平台提告侵犯著作權，消息傳出後網友在網路上分為2派，1派認為谷阿莫是合理使用影片；另一派則是認為谷阿莫確實侵權。(ET來了 / 2017-04-25 18:30),,0
ettoday,YouTuber靠點閱就能賺爽？ 她曝光收入...引網友正反戰,https://www.ettoday.net/news/20170425/911478.htm,2017-04-25 18:08,知名YouTuber谷阿莫靠著「X分鐘看完電影」系列打出知名度，卻遭到2家片商提告影片侵權，他也拍影片為自己澄清，是合理二次創作，引發外界大肆討論。一位網友因此上網詢問，「以為YouTuber沒靠影片賺錢的人有多少？」引起網友熱烈討論。(生活 / 2017-04-25 18:08),,0
ettoday,谷阿莫強調合理使用影片 警打臉：他特別忽略2個重點,https://www.ettoday.net/news/20170425/911688.htm,2017-04-25 17:28,網路知名影片評論「谷阿莫」24日被「又水整合設計」、「得利影視」、「科科電速（KKTV）」等3家影視公司、平台提告侵犯著作權，消息傳出後網友在網路上分為2派，一派認為谷阿莫是合理使用影片；另一派則是認為谷阿莫確實侵權。(社會 / 2017-04-25 17:28),,0
ettoday,獨家／片源違法？谷阿莫：像載A片，是提供平台要負責,https://www.ettoday.net/news/20170425/911674.htm,2017-04-25 17:18,網紅谷阿莫在網路上下載影片重製、配旁白，引發片商「又水整合」以及影音串流平台KKTV不滿提告，認為他不僅未經授權擅自使用，下載跟散播也都不合法。但谷阿莫自認「符合評論、解說、生態教學、心得教學和新聞報導的效果」，所以符合網路著作權合理使用原則，有關影片來源他也自有說法。(影劇 / 2017-04-25 17:18),,0
ettoday,谷阿莫8成機率打贏片商！法律界揭「合理使用」3個關鍵,https://www.ettoday.net/news/20170425/911614.htm,2017-04-25 16:04,網紅谷阿莫24日遭片商及串流平台提告未授權使用影片，消息一出引發正反兩方的議論。熟悉智慧財產相關案件的刑警預測「谷阿莫有8成的機率勝訴」，而法律學者也發表法官未來判決的3個關鍵要點，「這個案子具有指標性！」(影劇 / 2017-04-25 16:04),,0
ettoday,力挺谷阿莫？ 電競HKES富老闆「想贊助律師費」,https://www.ettoday.net/news/20170425/911602.htm,2017-04-25 16:01,網紅谷阿莫遭到片商和影音串流平台控告侵權，早在19日公司已被台北地檢署持搜索票搜索，更已經接受警詢，檢方也將在近期傳喚他到案說明，結果香港電競公司HKES老闆鍾培生來參一腳，在臉書表示想要贊助他的律師費，引發網友熱議。(影劇 / 2017-04-25 16:01),,0
ettoday,谷阿莫自清「是二次創作」 李茂生諷「超高生存技術」,https://www.ettoday.net/news/20170425/911275.htm,2017-04-25 13:30,谷阿莫拍攝「x分鐘看完電影」系列爆紅，但近日卻遭到2家片商提告6部影片「侵權」，消息傳出後，引起支持與反對的論戰；他也在24日拍攝影片強調自己的清白，聲明「不放棄二次創作權」。但台大法律系教授李茂生在臉書上表示，說這麼多卻「一點都不觸及核心」，也是「超高生存技術」。(生活 / 2017-04-25 13:30),,0
ettoday,觀念偏差就算了還變「美肌佛地魔」 她喊：看到谷阿莫就心痛,https://www.ettoday.net/news/20170425/911387.htm,2017-04-25 12:44,網紅谷阿莫遭到片商與影音串流平台KKTV以侵權為由提告，對此他24日晚間發出聲明，還po影片表示自己的影片有符合評論、解說、生態教學、心得教學和新聞報導的效果，不認侵權。知名部落客廣告小妹AdFan也在粉絲專頁表示，自己能忍受谷阿莫的觀念偏差，「不能接受他影片美肌，鼻子都快不見惹。」(生活 / 2017-04-25 12:44),,0
ettoday,谷阿莫被控侵權北檢分案偵辦 19日已搜索公司,https://www.ettoday.net/news/20170425/911377.htm,2017-04-25 11:52,網路紅人谷阿莫遭片商指控侵權案，據了解台北地檢署已分案偵辦，19日指揮警方搜索谷阿莫的公司；不過，谷阿莫昨晚自po影片表示，他的影片符合評論、解說、生態教學、心得教學和新聞報導的效果，他會持續進行二次創作。(社會 / 2017-04-25 11:52),,0
ettoday,谷阿莫自清影片惹眾怒 膝關節「他口吻我差點摔手機」,https://www.ettoday.net/news/20170425/911354.htm,2017-04-25 11:22,網紅谷阿莫在網路上下載影片重製、配旁白，以幽默方式講解電影而爆紅，卻也引發片商不滿，「又水整合」以及影音串流平台KKTV便在近日提告侵權，他24日對此發表聲明，強調「不會放棄二次創作的權利」，結果再度引起影評人、導演的不滿，膝關節更是直言，聽他說話差點摔手機。(影劇 / 2017-04-25 11:22),,0
ettoday,谷阿莫挨告堅持沒侵權 台大教授點出「他放錯重點」,https://www.ettoday.net/news/20170425/911167.htm,2017-04-25 08:54,網路紅人谷阿莫因沒有獲得授權重製影片挨告，他在聲明中表示不認為自己侵權，並支持「網路著作權合理使用原則」。對此，常在臉書討論時事的台大法律系教授李茂生提到，片商提告是因為谷阿莫剪接網路上的「違法影片」再公布，「說這麼多，結果一點都不觸及核心。」(生活 / 2017-04-25 08:54),,0
ettoday,0425今日頭條／法國總統大選 中間派馬克洪贏女川普,https://www.ettoday.net/news/20170425/911147.htm,2017-04-25 06:54,法國總統選舉首輪投票結果24日（台北時間）出爐，中間派候選人馬克洪與極右派民粹領袖瑪琳．勒班，得票率分居前2名，將在5月7日第二輪投票一決勝負。根據最新民調，在主流政黨轉而相挺下，39歲的馬克洪可望囊括逾6成選票，壓倒性擊敗瑪琳．勒班，成為法國史上最年輕總統。(生活 / 2017-04-25 06:54),,0
ettoday,台灣人水準？谷阿莫引爆爭議 550字中肯文點破「關鍵幫兇」,https://www.ettoday.net/news/20170425/911071.htm,2017-04-25 01:31,網紅谷阿莫在網路上濃縮電影剪輯製作「X分鐘看完電影」爆紅，獲得230多萬人支持，如今有2家片商憤怒證實，提告至少6部影片侵權。他雖聲明清白，不放棄二次創作權。消息引發大票網友高喊「終於等到你被告了！」就有中肯鄉民點破關鍵，批粉絲就是幫兇，「台灣人普遍缺乏對影視的尊重」，備受支持。 (生活 / 2017-04-25 01:31),,0
ettoday,谷阿莫6分鐘聲明全文！自認清白：法律不該抹殺別人創作,https://www.ettoday.net/news/20170424/911093.htm,2017-04-24 23:17,網路紅人谷阿莫以「X分鐘看完電影」系列影片爆紅，卻也因此惹上侵犯著作權爭議，近日被片商和影音串流平台KKTV提告。對此，谷阿莫在24日晚間發表6分鐘影片，認為自己的行為合乎「著作權合理使用原則」，沒有違法，並指出法律目前對「二次創作」的保護不夠完善，希望藉此機會，讓大家開始重視這個議題。(影劇 / 2017-04-24 23:17),,0
ettoday,谷阿莫發聲明「還我清白」：不會放棄二次創作的權利,https://www.ettoday.net/news/20170424/911081.htm,2017-04-24 22:26,網紅谷阿莫在網路上下載影片重製、配旁白，以幽默方式講解電影而爆紅，但片商「又水整合」以及影音串流平台KKTV對他侵權行為提告，對此他24日晚間發出聲明，還自po影片表示自己的影片有符合評論、解說、生態教學、心得教學和新聞報導的效果，不認侵權，而且會持續進行二次創作。(影劇 / 2017-04-24 22:26),,0
ettoday,谷阿莫證實挨告！片商賠百萬憤怒：被他講完無法上戲院了,https://www.ettoday.net/news/20170424/911067.htm,2017-04-24 21:47,網紅谷阿莫在網路上下載影片重製、配旁白，以幽默方式講解電影而爆紅，不僅受大陸新浪娛樂邀約亮相超級紅人節，還被「韓國WebTVAsia頒獎典禮」評選為年度最佳頻道。不過谷阿莫並沒有被授權使用影片，24日傳出他遭到片商以及影音串流平台KKTV提告，不少片商憤怒表示早就深受其害。(影劇 / 2017-04-24 21:47),,0
ettoday,1129今日頭條／乙醚摀鼻 校廁襲女同學男大生想告白,https://www.ettoday.net/news/20161129/819983.htm,2016-11-29 07:20,台南嘉南藥理大學一名三年級男大生單戀同班女同學近兩年，他去年透過LINE表白，但對方隨後已讀不回。男大生昨蹺課埋伏女廁堵人，並以網購的乙醚沾濕白布，摀住女同學口鼻，結果被對方尖叫聲嚇到鬆手；男大生逃了不到五小時便落網，應訊時他陳述犯案理由竟是「想迷昏對方，再好好講清楚」，警方訊後以妨害自由罪嫌移送，檢方以五萬元交保。專家指出，乙醚使用過量可能致死，非常危險。(生活 / 2016-11-29 07:20),,0
ettoday,谷阿莫領獎4字講完下台！自嘲「濃縮電影」感言也精簡,https://www.ettoday.net/news/20161128/819931.htm,2016-11-28 23:17,WebTVAsia舉辦第2屆頒獎典禮，今年則移師到韓國首爾，並邀來南韓少女時代壓軸演出4首歌，以《PPAP》全球爆紅的日本「PIKO太郎」也受邀領獎，當他表演代表作《PPAP》時全場大暴動，而網路紅人谷阿莫也受邀領獎，他上台時自嘲自己擅長「濃縮電影」，所以感言也要濃縮，短短4個字就交代完畢，令全場笑翻。(影劇 / 2016-11-28 23:17),,0
ettoday,谷阿莫5分鐘介紹黃美珍！曝「私密三圍」網驚：這你也瞭？,https://www.ettoday.net/news/20161125/818113.htm,2016-11-25 17:50,網路紅人谷阿莫因為擅長用「幾分鐘講解一部電影」，在網路上爆紅，他近日幫歌手黃美珍做了一支「5分鐘看完歌手黃美珍」，從她參賽《超級星光大道》，到後來與賴銘偉組成團體神木與瞳，以及近日推出新專輯都一一介紹，就連黃美珍三圍也瞭若指掌，讓網友看完5分鐘影片說：「阿莫越來越全方位了！」(影劇 / 2016-11-25 17:50),,0
ettoday,谷阿莫首度PO自拍影片！ 帥臉萌喊「科科」網友戀愛了,https://www.ettoday.net/news/20161124/817472.htm,2016-11-24 19:28,網路紅人谷阿莫因為擅長用「幾分鐘講解一部電影」，在網路上闖出名號，鮮少露出真面目的他，6月第一次公開露面時，斯文長相就曾引起外界高度關注，近日首度曬出自拍影片，搞笑談論貓屎臭味議題，卻引來網友崩潰直喊，「為什麼聲音和人會對不起來！」(影劇 / 2016-11-24 19:28),,0
ettoday,世大運行銷頻出包 柯文哲：年輕同仁沒經驗,https://www.ettoday.net/news/20161024/798805.htm,2016-10-24 16:06,2017台北世大運倒數不到一年的時間，但近幾個月來行銷問題卻頻出包，先是在8月時模仿「谷阿莫」遭批評搞山寨；儘管為此成立了「視覺小組」審查文宣品，但9月卻又爆發抄襲日本團體MV，再次引來外界批評。對此，柯文哲表示，年輕人比較沒有經驗，且常常我們自己覺得有趣但別人看起來不好笑，「我們會改進。」(政治 / 2016-10-24 16:06),,0
ettoday,《微微一笑》夢幻巧合超多！ 谷阿莫解析：科幻懸疑片,https://www.ettoday.net/news/20160913/774992.htm,2016-09-13 21:34,大陸電視劇《微微一笑很傾城》掀起風潮，劇中楊洋和鄭爽大談甜到不行的校園戀情，讓許多觀眾的少女心爆發。不過，網路紅人谷阿莫13日推出劇情整理，用8分鐘看完長達1350分鐘的電視劇，卻指出這是一部「科幻懸疑」故事，因為實在有太多現實裡不會出現的夢幻情節！(影劇 / 2016-09-13 21:34),,0
ettoday,世大運洩谷阿莫價碼 柯P：年輕人有時犯錯，道歉就好,https://www.ettoday.net/news/20160805/749204.htm,2016-08-05 10:42,為推廣2017世大運，北市府世大運小組仿網路紅人「谷阿莫」手法，自拍影片「暖暖手作風-2分鐘帶你認識世大運」，雖省下高額製作費，卻也意外透露谷阿莫製作價碼，引發風波。對此，台北市長柯文哲5日上午受訪表示，世大運新聞活動負責組員都比較年輕，有時候會犯錯「道歉就好了，有錯修正再前進」，而這是年輕人的創意，「我是覺得很好玩」。(政治 / 2016-08-05 10:42),,0
ettoday,炎亞綸槓世大運！ 700字轟官員「腦袋只想省錢」力挺專業,https://www.ettoday.net/news/20160804/748442.htm,2016-08-04 10:51,藝人炎亞綸對於社會時事很有自己的見解，日前看到世大運小組邀請「谷阿莫」的製作費用談不攏、進而自錄製影片、還自豪說現省25萬的新聞，讓他感嘆台灣的處境已淪為剝削專業人士「管你有什麼專才，便宜就好」，更糟糕的是，政府竟然帶頭以此做為宣傳賣點，氣得痛批「你們就繼續省省省，繼續自爽吧！」(影劇 / 2016-08-04 10:51),,0
ettoday,世大運仿谷阿莫拍「手作風短片」 網友：有必要這麼省嗎？,https://www.ettoday.net/news/20160803/747923.htm,2016-08-03 17:01,爭議多時的大巨蛋事件尚未落幕，台北市長柯文哲日前表示，2017年世大運開幕場地將訂為台北田徑場，北市府世大運小組近日在臉書粉絲團上傳一支宣傳影片，「暖暖手作風-2分鐘帶你認識世大運」，暖心繽紛的手作風，加上如同網路紅人谷阿莫的旁白口吻，意外製造亮點，讓人眼睛為之一亮！(生活 / 2016-08-03 17:01),,0
ettoday,「谷阿桃」3分鐘說完台灣鄉土劇：客廳就像便利商店,https://www.ettoday.net/news/20160713/734416.htm,2016-07-13 12:34,藝人大根、阿虎、何美、大愷與黃豪平，日前在綜藝節目《綜藝大熱門》中演出搞笑短劇「乾味人生」。除了劇情誇張以外，且透過旁白的引言方式讓人哭笑不得，其中最特別的，莫過於就是黃豪平化身「谷阿桃」，用3分鐘的時間解說一步台灣鄉土劇的故事。(影劇 / 2016-07-13 12:34),,0
ettoday,賈靜雯告白「我需要你」 修杰楷親暱獻吻閃爆人,https://www.ettoday.net/news/20160708/731637.htm,2016-07-08 16:50,賈靜雯帶著愛女咘咘參加大陸親子節目《媽媽是超人》，愛女Q萌模樣爆紅，成為最小網紅，她和老公修杰楷之間的甜蜜相處，更閃瞎所有網友。最新一期的內容中，她用心替老公準備生日禮物驚喜，更手寫情書「自從我的生命中有了你，突然覺得自己人生變得好完整。」字字句句寫出真心話超感人。(影劇 / 2016-07-08 16:50),,0
ettoday,谷阿莫10分看完《終極》 意外釣出宏正噴笑回應,https://www.ettoday.net/news/20160708/731539.htm,2016-07-08 14:35,網路紅人谷阿莫擅長用「幾分鐘講解一部電影或電視劇」，獨特見解擁有許多粉絲，他日前發表用10分鐘看完《終極》1到3季精華，最後幽默註解「變種人真的很愛讀高中，而且這故事還會有第四季。」吸引大批網友瘋狂分享，演員宏正對自己被取名「威脅哥」感到有趣，更喊話「我的鏡頭太少了，下次可以剪多一點畫面嗎！」(影劇 / 2016-07-08 14:35),,0
ettoday,高清版谷阿莫聲音超銷魂！ 首曝「講解電影」背後秘辛,https://www.ettoday.net/news/20160617/718765.htm,2016-06-17 23:00,網路紅人谷阿莫因為擅長用「幾分鐘講解一部電影」，在網路上闖出名號，從未以真面目現身的他，卻在大陸16日舉辦的「超級紅人節」中公開露面，斯文的長相曝光後立刻引起外界高度關注，而他也在結束頒獎典禮後、接受訪問，曝光了自己製作影片背後的故事。(影劇 / 2016-06-17 23:00),,0
ettoday,網紅聚集頒獎典禮「打回原形」 唯二女神是她們！,https://www.ettoday.net/news/20160617/718585.htm,2016-06-17 17:33,大陸16日舉辦「微博超級紅人節」，邀請微博上各個粉絲破百萬的超夯網紅出席，讓網友一睹網紅的真面目。有許多網紅都在現身的剎那「打回原形」，不是被嫌「P圖過頭」，不然就是被酸「整型臉」；不過，這之中也出現了2名被瘋讚的女神，2人的名字也一下子登上熱搜榜。(影劇 / 2016-06-17 17:33),,0
ettoday,谷阿莫首曝「用5分鐘看電影」原因 陸媒讚：聲音銷魂,https://www.ettoday.net/news/20160617/718195.htm,2016-06-17 08:21,網路紅人谷阿莫擅長用「幾分鐘講解一部電影」，以獨特的見解擁有大批死忠粉絲，卻也有網友認為他使用盜版影片，甚至將電影「表面化」引發正反兩面評價，但沒有在公開場合露面的他16日出席大陸「超級紅人節」活動，俊俏外貌引起討論，受訪時也解釋自己為什麼想要將長篇電影做成短時間的影片。(影劇 / 2016-06-17 08:21),,0
ettoday,0617今日頭條／桃機淹水 引爆地方搶食空運大餅,https://www.ettoday.net/news/20160617/718180.htm,2016-06-17 06:52,中央綠色執政，地方諸侯搶食空運大餅的爭奪戰開打；台中市爭取清泉崗機場升級昨大有斬獲，行政院拍板機場更名「台中國際機場」，交通部將先興建快速滑行道與停機坪，擴大機場運能。高雄市也打破沉默，爭取移撥桃園機場部分航班到高雄機場，希望林全埋單。(生活 / 2016-06-17 06:52),,0
ettoday,谷阿莫真面目撞臉王中平！ 留言被灌爆「長得好清純」,https://www.ettoday.net/news/20160616/718101.htm,2016-06-16 22:02,網路紅人谷阿莫以幽默的影視評論風格在網路爆紅，鮮少在螢光幕前曝光的他，16日難得公開出席大陸「超級紅人節」活動，而他的真面目也引起熱議，不但微博、臉書的留言被迅速灌爆，還有許多人稱他有明星臉。(影劇 / 2016-06-16 22:02),,0
ettoday,谷阿莫原來長這樣！ 穿西裝登紅毯引網友驚呼「男神」,https://www.ettoday.net/news/20160616/718052.htm,2016-06-16 20:40,網路紅人谷阿莫擅長用短短幾分鐘把長篇電影講述出來，幽默又有趣的見解，擁有一大票死忠粉絲支持。幾乎不在螢光幕前曝光的他，16日難得公開出席大陸「超級紅人節」活動，一出現便引起粉絲轟動、驚呼「谷阿莫居然長這樣」，更有網友稱他是「男神」，掀起熱烈討論。(影劇 / 2016-06-16 20:40),,0
ettoday,網友敲碗等谷阿莫講《親戚不計較》 1天後傻眼回應,https://www.ettoday.net/news/20160525/704921.htm,2016-05-25 21:30,網路紅人谷阿莫擅長用短短幾分鐘把電影和電視劇的劇情簡化，並加入自己的想法重新詮釋，因此擁有一大票粉絲，只要有新片上映，網友便會迫不及待地等待的他剖析，25日他被要求做《親戚不計較》的影片，他傻眼回覆立刻引起討論。(影劇 / 2016-05-25 21:30),,0
ettoday,谷阿莫3分鐘看完《不錯愛》 突破大野狼&小白兔禁忌愛,https://www.ettoday.net/news/20160423/685764.htm,2016-04-23 12:37,網路紅人谷阿莫擅長用短短幾分鐘把長篇電影講述出來，幽默又有趣的見解，擁有一大票死忠粉絲支持。這次他選中的是日前超夯GL微電影《錯了性別，不錯愛》，60分鐘的劇情他花3分鐘講完，「大野狼、小白兔兔」主角故事，一共吸引約36萬人觀看。(影劇 / 2016-04-23 12:37),,0
ettoday,谷阿莫7分鐘看《上癮》 突破「單身狗」沒人愛真相！,https://www.ettoday.net/news/20160321/666571.htm,2016-03-21 10:46,網路紅人谷阿莫擅長用短短幾分鐘把電影劇情訴說出來，擁有一大票死忠粉絲支持，只要有新片上映，網友便會迫不及待地想要看他如何詮釋，這次他選中的是日前超夯的網路BL愛情劇《上癮》，他將主角稱為「上你男」及「臭臉男」，一共15集的內容他只花了7分鐘轉述，一推出便吸引了43萬人觀看。(影劇 / 2016-03-21 10:46),,0
ettoday,AV界谷阿莫只需2分鐘 讓你看懂那些「快轉掉」的劇情,https://www.ettoday.net/news/20160304/657169.htm,2016-03-04 14:41,網路紅人「谷阿莫」擅長用短短幾分鐘的時間把長達2小時的電影劇情訴說出來，內容中穿插的勁爆分析也經常讓人拍手叫好。最近網路上出現一位「AV版谷阿莫」骨精強，用短短2分鐘的時間解說整部日本AV的情節，讓不少平常看A片只靠快轉看片的人也能好好的體會劇情的精妙之處。(男女 / 2016-03-04 14:41),,0
ettoday,谷阿莫批《丹麥女孩》挨轟 陳沂開炮「自以為幽默」,https://www.ettoday.net/news/20160226/653768.htm,2016-02-26 18:22,網路紅人「谷阿莫」擅長發表幾分鐘內說完一部電影短片走紅，幽默的旁白說故事一針見血，經常造成網路瘋傳。而谷阿莫最近發表「5分鐘看《丹麥女孩》」影片，被質疑是歧視跨性別者，引發正反兩面議論，知名主持人陳沂批評時事一向發言犀利，影片被重砲批評「自以為幽默。」(電影 / 2016-02-26 18:22),,0
ettoday,谷阿莫「穿女裝比射精爽」5分鐘看《丹麥女孩》被譙爆,https://www.ettoday.net/news/20160226/653467.htm,2016-02-26 10:59,電影《丹麥女孩》日前在台灣上映，故事描述全球首位變性人的故事，男主角艾迪瑞德曼（Eddie Redmayne）舉手投足間散發出女人的嬌媚，以及完美演繹由男變女的心境轉折，獲得影迷誇讚，沒想到近日網路紅人「谷阿莫」用他最擅長的「幾分鐘說故事」套用在本片上，卻引來網友正反兩面的論戰。(影劇 / 2016-02-26 10:59),,0
ettoday,木村拓哉辦案總吃大香腸！ 這十部日本電影超配爆米花,https://www.ettoday.net/news/20160210/639754.htm,2016-02-10 22:00,過年和家人團圓在家迎接猴年，或出遊返鄉塞在車陣中，這時候你都會想尋找一部對味的電影作伴。例如日本知名編劇三谷幸喜的作品，總是集結眾多A咖演員，儘管不是新春時期推出，都給人「賀歲片」的印象，以下10部網路評價極高的日本電影，越是意想不到的情況，越有機會遇到好片，這逗陣到電影院報到吧！(電影 / 2016-02-10 22:00),,0
ettoday,關注社會的另類聲音 老王眼中的網路世界：認真就輸了,https://www.ettoday.net/news/20160210/641006.htm,2016-02-10 11:00,在現代社會中，有許多名人靠著特殊才藝或經營手法，在網路世界中闖出名號，像是拍搞笑影片的蔡阿嘎、三分鐘說電影的谷阿莫及畫生活漫畫的Duncan等等，有些人的爆紅看似無俚頭，卻最能凸顯在網路世代任何人都可能一夕成名的特性。(網搜 / 2016-02-10 11:00),,0
ettoday,「著作權法」最大翻修 谷阿莫Kuso影片恐違法,https://www.ettoday.net/news/20160114/630576.htm,2016-01-14 11:02,網路紅人「谷阿莫」擅長將經典電影或戲劇在短短幾分鐘內做完劇情摘要，加上詼諧幽默的敘述，擁有近200萬死忠粉絲。不過《著作權法》將進行大翻修，未來阿公阿嬤到公園播歌跳舞、咖啡店播放CD都需取得授權；至於谷阿莫的短片有無侵權，必須個案認定，「法院對於詼諧仿作的容忍性會高一些。」(生活 / 2016-01-14 11:02),,0
ettoday,蔡阿嘎10秒整理總統辯論重點！ 網友笑翻宋楚瑜沒人理,https://www.ettoday.net/news/20151227/620408.htm,2015-12-27 21:17,網路紅人蔡阿嘎（蔡緯嘉）常用搞笑、KUSO方式討論時事，有時候還會製作教學影片，因而成為娛樂圈新星，他27日搭上總統辯論賽，特別用10秒鐘告訴大家辯論賽的重點，引起網友瘋讚認為實在太精闢了。(影劇 / 2015-12-27 21:17),,0
ettoday,「谷阿莫」糟蹋作品？ 陳為廷：影評應該適應新潮流,https://www.ettoday.net/news/20151203/607181.htm,2015-12-03 10:48,谷阿莫以幽默詼諧的敘述方式，將許多經典電影或是戲劇，在短時間內做完劇情摘要，在網路掀起熱烈迴響而暴紅，但也有不少批評的聲音，認為這樣是糟蹋作品。太陽花學運領袖陳為廷2日便在臉書發文，認為呼籲「遠離谷阿莫」的做法是無效的攻擊，影評應該盡速地適應新媒體的傳播方式，而非抵制新潮流。(生活 / 2015-12-03 10:48),,0
ettoday,女高中生撿筆遇血腥斷頭 谷阿莫6分解答爛片變神片！,https://www.ettoday.net/news/20151128/604564.htm,2015-11-28 00:32,日本電影《真實魔鬼遊戲2015》2分鐘片段最近在網路大洗板，影片中女高中生正悠閒搭校車，沒想到一彎身撿筆，站起來後驚見同學連車都被削半斷頭噴血。該片掀起網友瘋狂搜尋，但是劇情複雜導致沒有人能交代全片劇情，大家喚求網路達人谷阿莫講解，果然27日神人現身網路花6分鐘說明白，滿足網友好奇啦！ (電影 / 2015-11-28 00:32),,0
ettoday,小黨創意影片「谷阿狗」好夯 網：谷阿莫飯碗不保了！,https://www.ettoday.net/news/20151016/580926.htm,2015-10-16 18:31,信心希望聯盟區域立委候選人吳俊德15日在臉書貼出一段有趣影片，旁白內容模仿網路紅人「谷阿莫」，以Kuso風格傳達本次立委選舉「政黨票」的重要性，引發網友熱烈迴響，紛紛留言並轉發。(生活 / 2015-10-16 18:31),,0
ettoday,谷阿莫5分鐘看王心凌 「年齡公式」被本尊讚好有才！,https://www.ettoday.net/news/20150930/572133.htm,2015-09-30 01:06,谷阿莫以幽默詼諧的敘述方式，將許多經典電影或戲劇，在短時間內做完劇情摘要，在網路掀起熱烈迴響而暴紅。近日他又要用5分鐘的時間，讓網友快速了解王心凌過去的作品，搞笑講解又讓網友笑翻了，也意外引來本尊王心凌在臉書分享稱讚：「好有才的谷阿莫，來交個朋友吧！」 (影劇 / 2015-09-30 01:06),,0
ettoday,3分半鐘看不懂《刺客聶隱娘》 網讚：比谷阿莫還好看,https://www.ettoday.net/news/20150810/547682.htm,2015-08-10 15:15,由侯孝賢執導，舒淇、張震主演的《刺客聶隱娘》，在舒淇抵台接連舉辦了特別放映會和記者會，造成一波話題熱潮後，網路上也將話題持續延燒，除了片商推出精彩的《刺客聶隱娘》幕後花絮-演員篇之外，知名網路動畫頻道Taiwan Bar Studio也推出了《三分半鐘看不懂刺客聶隱娘》影片，引發許多討論。(電影 / 2015-08-10 15:15),,0
ettoday,緊抓影音大趨勢！Google 推YouTube影音聯播網行銷平台,https://www.ettoday.net/news/20150721/538116.htm,2015-07-21 10:54,"YouTube 進入 10 週年，Google 台灣今天（7/21）在回顧之餘，發表一站式廣告投放平台「Google 影音聯播網（Google Video Net Work,GVN），讓廣告主透過創意的內容，跨地域、零時差的搶攻消費者心佔率，並藉由數據分析工具，掌握行銷效益、調整投放策略。(3C家電 / 2015-07-21 10:54)",,0
ettoday,谷阿莫用3分半看完《哥吉拉》：電影場景讓人眼皮沉重,https://www.ettoday.net/news/20150626/526277.htm,2015-06-26 17:00,谷阿莫以短短幾分鐘說完一部電影的風格，2014年起迅速在網路上竄紅，他25日又於個人粉絲頁上PO出「3分半鐘看完2014電影《哥吉拉》 Godzilla」影片，短短不到1天的時間，已迅速突破萬人按讚、千人分享，並有數百則留言，被網友大讚影片拍的很中肯。(影劇 / 2015-06-26 17:00),,0
ettoday,台語版數碼寶貝谷阿莫上身 中場短短10秒逗網友大笑,https://www.ettoday.net/news/20150526/511993.htm,2015-05-26 18:18,台灣「空耳」第一把交椅陳柏慎，今日（5/26）日在臉書發表台語版《數碼寶貝》主題曲。許多網友回應「比中文版還感動」、「聽兩句就流淚了」、「跟原曲完全都搭的上，一點違和感也沒有！」陳柏慎此次還穿插了一段谷阿莫上身的搞笑橋段，逗得許多被抒情歌曲感動到哭的粉絲哈哈大笑。(遊戲 / 2015-05-26 18:18),,0
ettoday,三個字物理治療師 5分鐘教你懂「骨刺」,https://www.ettoday.net/news/20150523/510664.htm,2015-05-23 18:09,常以幽默有趣的動畫介紹醫學知識的「三個字娛醫工廠」又推出新作品了！物理治療師Sunguts PT以短短5分鐘介紹「骨刺是什麼？」希望讓更多人了解骨刺的成因與如何預防。(生活 / 2015-05-23 18:09),,0
ettoday,谷阿莫、彩繪村惹議 插畫家謝東霖：個人觀點很重要,https://www.ettoday.net/news/20150521/509679.htm,2015-05-21 13:58,近日楊照一句「谷阿莫只適用在爛片！」又讓這位已經有110萬按讚人次的網路名人，再次受到媒體關注。然而，到底谷阿莫的影片，是「創作」還是「摧毀文化」，同樣因網路為人所知的插畫家謝東霖對此表示有3要素可供檢視。(生活 / 2015-05-21 13:58),,0
ettoday,5分鐘看完一本經典小說？楊照批文化局：對得起書嗎！,https://www.ettoday.net/news/20150518/508174.htm,2015-05-18 19:22,知名作家楊照生氣了！18日楊照在臉書上PO文，談及日前受新北市政府文化局副局長于玟之邀，推薦經典書單，並由網路紅人谷阿莫以「5分鐘看完一本經典小說」的影音方式，推廣經典文學。對此，他罕見地以嚴厲、憤怒的口吻回應，寫道「我的信念是『50小時讀完一本經典小說』！」(生活 / 2015-05-18 19:22),,0
ettoday,「你贏谷阿莫了！」蔡阿嘎帶你10秒看懂《復仇者2》,https://www.ettoday.net/news/20150504/501483.htm,2015-05-04 00:50,網路紅人蔡阿嘎向來以拍攝KUSO搞笑的影片聞名，即便現在已經廣告代言不斷又頻頻拍攝電影，他仍然努力推陳出新製作影片，趁著近日好萊塢大片《復仇者聯盟2》熱映，他3日在粉絲團分享一則全新影片，帶領觀眾花10秒看懂電影，網友看完直呼：「你贏谷阿莫了！」 (影劇 / 2015-05-04 00:50),,0
ettoday,《雷神索爾》沒告訴你的11件事 谷阿莫5分秒解超爆笑,https://www.ettoday.net/news/20150325/483804.htm,2015-03-25 16:18,網路紅人谷阿莫以幽默詼諧的敘述方式，將許多經典系列電影或戲劇，在短時間內做完劇情摘要，在網路掀起熱烈迴響而暴紅。創意不斷的他，近日將電影《雷神索爾》（Thor）用5分鐘時間介紹完1至2集，順便點出一些「劇情沒告訴你的事」，搞笑講解又讓網友笑翻了。(影劇 / 2015-03-25 16:18),,0
ettoday,8分鐘看完《星星》有感 秒懂浪漫愛情關鍵靠XX,https://www.ettoday.net/news/20150309/475753.htm,2015-03-09 11:22,南韓演員金秀賢2013年和全智賢主演電視劇《來自星星的你》在亞洲爆紅，不少劇迷都深陷在「都教授」（劇中角色名稱）的魅力當中，2人一舉一動都成為關注焦點。網路紅人谷阿莫將總長21集的電視劇濃縮成8分鐘精華版，爆笑講解讓網友們一次看懂，最後總結想要1段完美愛情，竟然靠1個物品就可以達成。(影劇 / 2015-03-09 11:22),,0
ettoday,谷阿莫3分鐘教戰lol英雄聯盟 絕技XXX就必勝網友秒用,https://www.ettoday.net/news/20150302/472400.htm,2015-03-02 06:36,網路紅人「谷阿莫」用平穩的口白講述電影內容，近幾周開始爆紅，繼之前製作《哈利波特》、《格雷的五十道陰影》、《暮光之城》廣受好評後，他現在將觸角延伸至知名電玩LOL英雄聯盟，並教大家如何用「絕技」戰勝。(影劇 / 2015-03-02 06:36),,0
ettoday,用2分半看完《格雷》....才知愛情竟有「10字SOP公式」,https://www.ettoday.net/news/20150301/472155.htm,2015-03-01 05:00,小說《格雷的50道陰影》（Fifty Shades of Grey）共有3部曲，日前第1集被翻拍成電影，於情人節前夕上映，引發全球討論風潮，連帶男女主角傑米多南（Jamie Dornan）與達珂塔強生（Dakota Johnson）也成為炙手可熱的明日之星，網友谷阿莫特地把2個小時的劇情濃縮成2分半鐘，卻意外披露了電影的另一本質。(影劇 / 2015-03-01 05:00),,0
ettoday,5集《暮光之城》4分半看完 2結論網友秒懂劇情笑慘了,https://www.ettoday.net/news/20150228/471963.htm,2015-02-28 12:09,吸血鬼系列電影《暮光之城》翻拍成電影後，以分成5集的方式在全球熱映，並讓掀起吸血鬼熱潮，男女主角浪漫唯美的愛情故事廣受歡迎，是近年來的熱門系列電影之一。網友谷阿莫繼9分鐘看完8集《哈利波特》後，又推出4分半看完《暮光》全集，爆笑講解讓網友看完直喊「終於懂這部電影要告訴我們什麼了！」(影劇 / 2015-02-28 12:09),,0
ettoday,當8集《哈利波特》變9分鐘 看到最後一幕劇迷全崩潰,https://www.ettoday.net/news/20150221/469786.htm,2015-02-21 22:37,全球知名小說《哈利波特》（Harry Potter）出版至今仍是全球最暢銷小說之一，2001年翻拍成電影後，直到2011年完結屢創票房佳績，是全球史上最賣座的系列電影。因此，有關此片的相關討論至今仍居高不下，近日網友谷阿莫（very good的阿莫）把8集劇情濃縮成9分鐘，但最後一幕卻讓劇迷大崩潰。(影劇 / 2015-02-21 22:37),,0
