阿滴英文,阿滴,都省瑞
啾啾鞋
亮生活 / Bright Side,亮生活
理科太太,陳映彤
Taiwan Bar,台灣吧
那些電影教我的事 Lessons from Movies
志祺七七 X 圖文不符,志祺
柴鼠兄弟 ZRBros,柴鼠兄弟
許伯&簡芝—倉鼠人,許伯&簡芝－倉鼠人,許伯,簡芝,倉鼠人
Cheap,cheap
窮奢極慾
三個字SunGuts
維思維WeisWay,維思維,WeisWay
營養健身葛格Peeta,Peeta,葛格
蒼藍鴿的醫學天地,蒼藍鴿,蒼藍教主
SKIMMY 你的網路閨蜜,skimmy你的網路閨密,skimmy
劉芒
Dr. Ivan 6,Dr.Ivan
冏冏電台,冏冏子,冏星人,冏冏
超級歪SuperY,超級歪
快樂大學Happiness University,快樂大學
昆蟲擾西吳沁婕Dee the bugbuff,昆蟲擾西吳沁婕,昆蟲擾西,吳沁婕
好味營養師品瑄,好味營養師,品瑄,品瑄營養師
飽妮
啟點文化
英文易開罐
講日文的台灣女生 Tiffany,講日文的台灣女生Tiffany,講日文的台灣女生
胃酸人 위산맨,胃酸人
GARY G腿講NBA故事
Onion Man,洋蔥
蛋哥超有事,蛋哥
微疼,我得了一種吃菜就會死的病-微疼
阿啾小劇場,阿啾,阿啾繪圖同萌
鹿人與泥鰍小劇場,鹿人,泥鰍
啾啾妹
霸軒與小美 Baxuan & Mei,霸軒
DeluCat迪鹿,迪鹿
BugCat Capoo,BugCat,Capoo,貓貓蟲咖波
囂搞,Shaogao
CFABC 鵝肉麵,鹽酥的鵝肉麵
蓋彼 Gabi SDK,蓋彼,Gabi
玩什麼鬼啦
這群人TGOP,這群人,群人,This Group Of People,TGOP
葉式特工 Yes Ranger,葉式特工
木曜4超玩
眾量級CROWD,重量級,眾量級CROWDxFUN生活
黃氏兄弟
WACKYBOYS 反骨男孩,WACKYBOYS,反骨男孩,反骨
白癡公主,戴平雅,A減,痴痴,王美,貧乳界女神
聖結石Saint,聖結石,曾聖傑
Sandy&Mandy,Sandy and Mandy
放火 Louis,放火,李育群
NyoNyoTV妞妞TV,NyoNyoTV,妞妞
鍾明軒,煎熬弟
蔡桃貴 蔡阿嘎二伯's Family,蔡桃貴,蔡阿嘎,二伯
導演好了沒,Is The Director Ready?
黃大謙,大謙
上班不要看 NSFW,上班不要看,上班可以看
肌肉山山jiroushanshan,肌肉山山,jiroushanshan,山山
反正我很閒
瑀熙 Yuci,瑀熙,Yuci,大王瑀康熙
Stand up, Brian! 博恩站起來！,博恩,鋼鋼
六指淵 Huber,六指淵
最近紅什麼
大麻煩
阿翰po影片,阿翰
綠眼鏡Punk,綠眼鏡,徐晢軒


阿神,芋圓柚子OEUR.studio
Joeman,九妹
谷阿莫
滴妹,都冠伶
HowFun,HowHow,How哥
愛莉莎莎 Alisasa,愛莉莎莎
見習網美小吳
米砂Misa,米砂,Misa,老濕姬,江佳儒
波特王 Potter King,波特王,Potter King
丁特dinter,丁特,dinter,薛弘偉
一隻阿圓 I am CIRCLE,一隻阿圓,阿圓
Toyz
呱吉
龍龍LungLung,龍龍,LungLung
許藍方博士 Dr. Gracie,許藍方博士,Dr. Gracie,許藍方
孫安佐,Edward Sun,孫華
VITO維特,維特
NanaQ
統神大戲院,統神,張嘉航

千千進食中,千千,Chien-Chien
MASAの料理ABC,MASA
蘿潔塔的廚房
大蛇丸
古娃娃WawaKu,古娃娃,wawawaku
詹姆士姆士流官方專屬頻道,詹姆士
台灣大胃王丁丁/Ding-Ding,台灣大胃王丁丁,Ding-Ding
Dream Chef Home 夢幻廚房在我家,Dream Chef Home,夢幻廚房在我家
路路 LULU,路路,LULU
RICO
糖餃子Sweet Dumpling,糖餃子,Sweet Dumpling
菜單研究所
克里斯餐桌
黃聖凱,錵鑶居家料理小教室
明聰
吃貨豪豪 HowHowEat,吃貨豪豪,HowHowEat
巧兒灶咖 Ciao! Kitchen,巧兒灶咖,Ciao! Kitchen
厭世甜點店,拿拿摳
Brian Cuisine Inc,不萊嗯的烘焙廚房
找蔬食Traveggo,找蔬食,Traveggo
簡單哥
索艾克
特盛吃貨艾嘉Abby Big Eater,特盛吃貨艾嘉,Abby Big Eater
小田太太の玩樂廚房,小田太太
黃阿瑪的後宮生活,黃阿瑪,志銘與狸貓 
豆漿- SoybeanMilk,豆漿-SoybeanMilk,漿爸
好味小姐 Lady Flavor,好味小姐,Lady Flavor
希露弟弟啃雞腿
拉姆有幾噗
貓咪&狗狗搞笑 Cat&dog Funny videos
柴犬Nana和阿楞的一天
連環泡有芒果影片專區
AC草影水族
南瓜 Pumpkin
J爸
阿坤的水族遊樂園
臺灣蟻窟AntsFormosa,臺灣蟻窟,AntsFormosa
Hello Catie
I'm Charlie,Charlene,我是查理
黃小米 Mii,黃小米,Mii
Meg Lu
It‘s Jcnana 蒨蒨,It‘s Jcnana,蒨蒨
丹妮婊姐星球,丹妮婊姐,婊姐
居妮Ginny Daily,居妮,Ginny Daily
Astor
SelinaCheng Life,鄭雅云
heyitsmindy,Mindy
Celeste Wu 大沛,Celeste Wu,大沛
Jessica Lin
Tang_ful
Kimi紀卜心,紀卜心


Gary蓋瑞,蓋瑞薯淑
Dinter,丁特
Toyz,劉偉健,Kurtis Lau Wai-kin
Jinnytty 企鵝妹 윰찌 ,企鵝妹,Jinny,柳允進
鼻地大師國動-張葦航,國動,張葦航,動主播,鼻地大師,國棟
