ettoday,統神「點名2人」要小心！開直播預告：Toyz出來了，隨時會爆料,https://www.ettoday.net/news/20211201/2136408.htm,2021-12-01 19:45,前世界冠軍、實況主Toyz劉偉建涉嫌販售大麻煙彈被捕，日前被裁定150萬元交保，出來後馬上又進了台中戒治所。對此，實況主統神點名2人「要小心」，等到Toyz出來，隨時可能會爆料。(電競 / 2021-12-01 19:45),,0
ettoday,只靠鍾培生不夠…投資資金銳減 HKA宣布退出PCS：不排除再復出,https://www.ettoday.net/news/20211124/2131154.htm,2021-11-24 21:35,繼BJD賣掉席次、MCX幾乎整隊FA後，老牌戰隊HKA 24日晚間於臉書宣布，「暫時停止英雄聯盟職業戰隊與暫時不參與PCS相關比賽」並在後面補充若對於參賽權有興趣可Mail詢問，再度引起粉絲議論，「PCS賽區已經-3了！」 (遊戲 / 2021-11-24 21:35),,0
ettoday,邱顯智／杜絕遊戲業者用不實廣告誘騙玩家 轉蛋法應明確規定,https://www.ettoday.net/news/20211026/2109048.htm,2021-10-26 01:00,高虹安委員邀請我和洪孟楷委員、 林俊憲委員以及Dinter ，一起開了「推動轉蛋法立法，建立玩家與平台雙贏互信！」記者會。為了讓更多人瞭解「轉蛋法」的爭議，就讓我來寫一篇短短的文章說明吧。(論壇 / 2021-10-26 01:00),,0
ettoday,直播主「271萬抽天堂M」結果烙賽 遊戲橘子火速自改機率公告,https://www.ettoday.net/news/20210919/2082834.htm,2021-09-19 07:00,經典手遊《天堂M》即使上線4年仍高人氣，然遊戲抽寶機率一直是個謎。知名遊戲實況主丁特（Dinter：薛弘偉）為慶祝他經營的電競戰隊BYG取得世界大賽門票，8月27日豪砸120萬元來抽寶物「紫布」，沒想到175次僅成功4次，直播中《天堂M》抽寶機率只有2.28%，丁特笑臉僵住，觀眾及玩家跟著怒吼要退坑。(遊戲 / 2021-09-19 07:00),,0
ettoday,丁特接手AHQ改名Beyond Gaming 搶下PCS席次「願榮耀加諸選手」,https://www.ettoday.net/news/20210127/1908217.htm,2021-01-27 11:20,日前《英雄聯盟》老牌戰隊AHQ宣布退出PCS引起粉絲熱議，27日早上前職業選手（曾任HKA、TPA）、現職實況主丁特Dinter在臉書重磅宣布「接手AHQ戰隊及PCS席次」，改名為「Beyong Gaming」，準備在19號的賽季征戰英雄聯盟。他在臉書上強調，希望可以取自電競、用之電競。(遊戲 / 2021-01-27 11:20),,0
ettoday,知名實況主「被大媽公審」！霸氣PO網…住戶連署下架：會影響房價,https://www.ettoday.net/news/20201122/1851121.htm,2020-11-22 20:57,知名實況主丁特在新北林口置產，花了近400萬元進行裝潢，不料在直播時收到大媽在住戶群組中的公審訊息，內容字眼提到家暴、精神狀況求診，還直言管理室包庇他大吼大叫，還有人到門前猛按電鈴飆罵，對此，不只大樓管理員面回應，丁特也提出質疑。影片曝光後在網路上瘋狂發酵，丁特竟被住戶以「會影響房價」為由，要求下架影片。(房產雲 / 2020-11-22 20:57),,0
ettoday,知名實況主收死亡威脅…「我要讓你死」！丁特怕：館長在附近中槍,https://www.ettoday.net/news/20201029/1842753.htm,2020-10-29 21:19,知名實況主丁特在直播收到一名化名為Pusis Stu的網友留言威脅，內容提到「我要讓你死，丁特，明天不要出門」、「我是真的有這個能力讓大家死」等語，讓他感到非常害怕，也說到自己的家離館長遭受槍擊的地點非常近，所以感到生命遭受威脅。隨後，丁特急call律師到場進行後續處理，也到警局製作筆錄，準備提告。(社會 / 2020-10-29 21:19),,0
ettoday,《荒野亂鬥》百人爬盃賽2/22開打 丁特、懶貓等多名實況主參戰,https://www.ettoday.net/news/20190126/1366710.htm,2019-01-26 23:16,Supercell 旗下即時對戰射擊手機遊戲《荒野亂鬥》宣布與 Twitch 合作舉辦《荒野亂鬥百人爬盃賽》活動， 並且今日在台北電玩展展開特別宣傳。 (遊戲 / 2019-01-26 23:16),,0
ettoday,聖結石把HowHow Bang不見！《英雄聯盟》實況主創作者大亂鬥,https://www.ettoday.net/news/20180915/1259503.htm,2018-09-15 13:30,《英雄聯盟》夏季冠軍賽即將於今（9/15）日下午開戰，在夏季決賽之前，中午首先登場的是「超新星大亂鬥」，分別由聖結石、HowHow領軍互相對抗。(遊戲 / 2018-09-15 13:30),,0
ettoday,統神遭實況主「集體暗酸」 解婕翎親自打電話道歉了,https://www.ettoday.net/news/20171017/1033357.htm,2017-10-17 20:19,女星解婕翎外型甜美，是許多電玩實況節目的主持人，平時常在社群網站分享生活點滴的她，15日和一大群實況主聚會時，也開啟實況直播，不料，幾段與知名電競主播Joeman（九妹）及Dinter（丁特）的對話，卻被指疑似暗酸亞洲統神（張嘉航），此舉引來統神粉絲不滿，事後，她也發文並去電正式向對方道歉。(影劇 / 2017-10-17 20:19),,0
ettoday,丁特上節目聊「墮胎事件」遭女方打臉 主持人慘被網友炮轟,https://www.ettoday.net/news/20171002/1023701.htm,2017-10-02 16:09,世界大賽賽前不寧靜！前《英雄聯盟》HKE 戰隊選手 Dinter 再引熱議。Dinter 在網路節目自爆兩年前的墮胎事件引發網友話題，然而卻遭到當事人女方貼出醫療紀錄打臉，呼籲「某人也請不要再自欺欺人」。而節目主持人 Joeman 也在一時之間成為眾矢之的，透過個人 Facebook 發文澄清當時節目錄製過程中的狀況，並且公開表示對男女雙方感到抱歉。(遊戲 / 2017-10-02 16:09),,0
ettoday,前電競選手Dinter爆料兩年前「墮胎事件」是遭女粉絲設計,https://www.ettoday.net/news/20170930/1021981.htm,2017-09-30 04:23,前《英雄聯盟》HKE選手Dinter以搞笑實況風格過去擁有不少粉絲，但在兩年前曾爆發與女粉絲上床後的「墮胎」事件，讓Dinter遭到許多粉絲攻擊，近日Dinter上本站「鳳梨不累」主持人Joeman的另一個節目「Joeman九件事」時，揭開了過去這段已經塵封的歷史，並表示當時自己遭到該女粉絲設計。(遊戲 / 2017-09-30 04:23),,0
ettoday,六都電競AHQ Fighter奪冠！賴清德：政府將當電競主坦,https://www.ettoday.net/news/20170918/1013017.htm,2017-09-18 05:52,《英雄聯盟》六都電競爭霸戰於昨日劃下句點，最終的冠軍戰由代表新北市的AHQ Fighter和代表高雄市的高雄南霸天捉對廝殺，最後AHQ Fighter獲得冠軍，除了獎盃外獲得新台幣100萬元的獎金，新科行政院長賴清德也到現場，宣示政府將大力支持電競產業。(遊戲 / 2017-09-18 05:52),,0
ettoday,HKA老闆開實況：與Toyz已經和解 下季將脫離LMS？,https://www.ettoday.net/news/20170704/959336.htm,2017-07-04 17:07,香港電競戰隊HongKong老闆鍾培生於稍早在個人臉書開直播。公開自己與前世界冠軍選手Toyz的官司糾紛已經結束。兩人協議Toyz將支付共計210萬港幣（約新台幣820萬元）的費用，Toyz則要求給予三個月時限來籌錢，鍾培生甚至大方對觀眾表示「Toyz開實況的時候歡迎多斗內（贊助）」。(遊戲 / 2017-07-04 17:07),,0
ettoday,剛退休就現身！ Dinter、Gear談近況「最近好冷」,https://www.ettoday.net/news/20170628/955254.htm,2017-06-28 17:27,前HKES（現HKA）職業選手Dinter今日凌晨在臉書發表退休聲明震撼電競圈，今日仍按原訂行程出席電競筆電體驗會，與玩家同樂外也分享了一些關於電競的心得，不過談到近況時僅有些尷尬表示「有點冷。」(遊戲 / 2017-06-28 17:27),,0
ettoday,2千字心路歷程！Dinter發聲明上大師仍是後補決定退休,https://www.ettoday.net/news/20170628/954669.htm,2017-06-28 01:49,《英雄聯盟》HKA（前HKES）打野選手Dinter（薛弘偉）今（6/28）日於臉書閃電宣布將自職業選手退役，這位人氣極高的選手自2013年起投入職業賽場後，無論場上場下都是有實力也兼具綜藝的選手，受到許多觀眾的喜愛或關注。(遊戲 / 2017-06-28 01:49),,0
ettoday,丁特、九妹拋開羞恥心 大講笑話露齒無下限,https://www.ettoday.net/news/20170515/924760.htm,2017-05-15 17:30,66666～人氣實況主丁特要來拉！上次差點把殺梗整得不成人形 這次除了要聽丁特Dinter說故事之外，好像也準備了新玩具要好好的來伺候丁特呢！ 鳳梨當家九妹這次也會和丁特來個PK賽，挑戰九妹最擅長的吃東西！！（根本贏定了） 不過可是要蒙著眼睛玩！(遊戲 / 2017-05-15 17:30),,0
ettoday,丁皇駕到！前LOL選手Dinter今晚登鳳梨不累,https://www.ettoday.net/news/20170512/922817.htm,2017-05-12 08:14,由《ETtoday》製播，知名電競主播Joeman（九妹）與知名實況主解婕翎所主持的實況節目《鳳梨不累 Online Play》將於今（5/12）日晚間9時播出，本週將請到前LOL知名選手，現為HKES旗下實況主的Dinter。將大談自己的笑話經，並與主持人挑戰遊戲。(遊戲 / 2017-05-12 08:14),,0
ettoday,聖結石MV齊聚20網紅！ 超狂畫面曝光「網友全看傻」,https://www.ettoday.net/news/20170507/919483.htm,2017-05-07 22:20,網路紅人聖結石（Saint）進軍歌壇，憑一曲自己寫詞、描述直銷心聲的新歌《安儷》，上線短短3天就突破百萬點閱率。近期正在籌備另首新歌《根本就不會再見面》MV的他，7日找來20多名網紅、創作者客串，超大陣仗令許多歌迷都期待不已。(影劇 / 2017-05-07 22:20),,0
ettoday,身價十位數的男人玩電競 HKES戰隊老闆鍾培生專訪,https://www.ettoday.net/news/20170209/863250.htm,2017-02-09 12:48,這10年來，華人電競圈裡不乏一些土豪成立的電競俱樂部、戰隊，但許多都是玩票性質，往往出資方對於電競的熱誠消失後，資金跟支援都快速抽走，而香港電子競技戰隊（HKE）甫成立時，也被外界唱衰，認為不過是曇花一現，然而這一路走來四年了，雖然過程有些風雨，但HKE仍屹立不搖(遊戲 / 2017-02-09 12:48),,0
ettoday,台灣No.1又要來了！Twitch三國語言全程直播台北電玩展,https://www.ettoday.net/news/20170117/851159.htm,2017-01-17 19:51,Twitch今（1/17）日公開將三度與台北國際電玩展攜手合作，除了五天的電玩展期間，由實況界明星們擔綱主持帶來中英日三語零時差展場實況直播，參展規模更超過去年一倍，邀集上百位國內外知名實況主親臨會場舉辦萬名粉絲見面會。(遊戲 / 2017-01-17 19:51),,0
ettoday,吃芥末餅乾！《英雄聯盟》LMS明星賽10大選手搞笑獻技,https://www.ettoday.net/news/20161127/819257.htm,2016-11-27 22:30,《英雄聯盟》LMS明星週於今（11/27）日於Garena電競館邁入第二日的明星日，繼昨天明星與實況主登場後，今日來到了重頭戲，也就是由玩家票選出的十大選手同場歡樂較勁，由藍隊的Maple、Westdoor、NL、Ziv、Gear對上紅隊的Bebe、Dinter、Albis、Chawy、Karsa。(遊戲 / 2016-11-27 22:30),,0
ettoday,《英雄聯盟》LMS 明星賽即將開戰 11/18中午開放售票,https://www.ettoday.net/news/20161117/813233.htm,2016-11-17 18:12,2016 LMS明星賽即將在 11/26（六）、11/27（日） 趣味登場，明（11/18）日中午12：00於【Gshop】正式開放售票。而玩家票選 10 位最受歡迎的 LMS 賽區選手也正式出爐，分別為 Ziv、Dinter、Maple、Karsa、Westdoor、BeBe、Gear、Albis、NL 及 Chawy，這 10 位選手將會出席第二日的賽程進行趣味大對決(遊戲 / 2016-11-17 18:12),,0
ettoday,HKE雙雷連線解散！Raison合約期滿 Olleh遭提前解約,https://www.ettoday.net/news/20160907/770898.htm,2016-09-07 15:50,《英雄聯盟》LMS區戰隊HKES今日於官方臉書發表公告，旗下隊員Raison與Olleh都將離隊，其中Olleh因為「由於語言、紀律及與隊伍進度配合的問題」遭到提前終止合約，而Raison則是雙方共同決定約滿不續約。(遊戲 / 2016-09-07 15:50),,0
ettoday,真的無解？LOL資格賽首日AHQ 3:0 再橫掃HKE晉級決賽,https://www.ettoday.net/news/20160902/768145.htm,2016-09-02 20:43,關係到《英雄聯盟》世界大賽最後一張門票的區域選拔賽今（9/2）日於台中中興大學體育館點燃戰火。首日由夏季積分第二的AHQ對上HKE，AHQ再度以3:0橫掃HKE，在這個系列賽結束後，AHQ在季後賽的紀錄已經是連續4個系列以3:0終結HKE，也就是拿下了12連勝，可說是HKE殺手。(遊戲 / 2016-09-02 20:43),,0
ettoday,HKES成立台灣家族 灑錢投資5.5億整合電競、娛樂產業,https://www.ettoday.net/news/20160607/712586.htm,2016-06-07 16:11,知名電競戰隊HKES今（6/7）日舉行記者會，宣布將在台灣投資5.5億，包含蓋電競大樓，並且將於台灣成立HKES家族，首波成員包含詹子晴（ㄚ頭）、張小筑、辜莞允、林采緹為簽約代表。(遊戲 / 2016-06-07 16:11),,0
ettoday,【ET晚報】逆子弒母案 兇手抱死者進電梯驚悚影像曝光,https://www.ettoday.net/news/20160524/704122.htm,2016-05-24 18:30,割頸弒母！　逆子友抱死者進電梯驚悚影像曝光 新北市新莊區向姓少年弒母案震驚社會，警方調查，少年向母親索討6萬元不成，竟夥同李姓少年痛毆母親，再以利刃割頸致死；誇張的是，李姓少年事後抱意識不清的向母搭電梯，似乎完全不怕引人注意。【貼心提醒】完整報導請點閱下方「推薦閱讀」。(ET來了 / 2016-05-24 18:30),,0
ettoday,直播講笑話被告侵「著作權」 英雄聯盟選手丁特獲不起訴,https://www.ettoday.net/news/20160524/704084.htm,2016-05-24 17:00,線上遊戲《英雄聯盟》(LOL)職業電競選手丁特（Dinter）去年在網路直播平台講笑話，內容提到的「JULI倫比Julia還會演」被一名聲稱是「笑話著作者」的網友認為侵權，以違反《著作權法》控告丁特。士林地檢署偵辦後認為，該笑話是對公眾人物的諷刺，並由諧音轉化，難認定有原創性及最低創作高度，不受著作權法保護。(遊戲 / 2016-05-24 17:00),,0
ettoday,LMS春季賽例行賽結束 M17驟死賽戰勝HKES奪四強門票,https://www.ettoday.net/news/20160328/671172.htm,2016-03-28 21:34,《英雄聯盟》LMS春季例行賽終於於今天劃下句點，歷經三個月的較量後，由藝人黃立成創立的Machi 17戰隊與HKES打成了同積分，於今（3/28）日舉行最後一場的BO1驟死賽，最後M17完美發揮擊倒HKES，搶下今年春季季後賽的最後一張門票。(遊戲 / 2016-03-28 21:34),,0
ettoday,丁特半夜打LOL太吵 鄰居怒報警：打不好繼續練不用譙,https://www.ettoday.net/news/20160215/647725.htm,2016-02-15 16:48,LOL玩家丁特(Dinter)1月底才因「講笑話」被自稱原創的網友提告，14日深夜又因玩LOL太吵，讓鄰居憤而報警，讓警方上門關切近半小時才離去，而整個勸導過程因丁特的遊戲直播全被轉播出去。(生活 / 2016-02-15 16:48),,0
ettoday,講「JULI倫」笑話被告盜版 Dinter自嘲：生涯成就達成,https://www.ettoday.net/news/20160204/643568.htm,2016-02-04 12:30,分享網路笑話竟要小心被告！電競遊戲《英雄聯盟》HKES戰隊職業電競選手丁特(Dinter)2015年在實況遊戲中和網友分享一則笑話，「你們知道誰比Julia（日本AV女優）還會演？那個人叫做JULI倫」，沒想到卻遭自稱是笑話原創者提告。(生活 / 2016-02-04 12:30),,0
ettoday,誰比Julia還會演？ LOL玩家丁特分享笑話竟挨告,https://www.ettoday.net/news/20160204/643628.htm,2016-02-04 11:59,又有《英雄聯盟》玩家挨告，HKES戰隊職業電競選手丁特（Dinter）去年開實況時分享笑話，結果遭一名自稱是該笑話「創作者」的控告他涉犯《著作權法》。 (社會 / 2016-02-04 11:59),,0
ettoday,台灣LMS眾將笑談LOL全明星賽 Bebe：收穫最大的是體重,https://www.ettoday.net/news/20151213/612763.htm,2015-12-13 19:13,在第三日的明星賽結束後，台灣媒體們也訪問了這次長途跋涉到美國的六位LMS全明星，有別於一般大賽時的肅殺氣氛，這次台灣選手們倒是非常開心，而且訪問中途也不時的彼此吐槽，不說也許外人還看不出是來自於三個戰隊不同的成員。(遊戲 / 2015-12-13 19:13),,0
ettoday,新增中路和Toyz競爭？英雄聯盟HKE戰隊新賽季名單出爐,https://www.ettoday.net/news/20151208/609830.htm,2015-12-08 11:42,HKEsports 剛剛公布《英雄聯盟》2016 年戰隊成員名單，上路與中路將分別有 MapleSnow 與 Chillyz 加盟。HKE 希望藉由增加人員讓戰隊成員產生良性競爭，並且培訓出更多可獨當一面的選手。 (遊戲 / 2015-12-08 11:42),,0
ettoday,笑翻！LOL全明星賽周四登場 Bebe、西門拍攝搞笑影片,https://www.ettoday.net/news/20151207/609480.htm,2015-12-07 16:46,《英雄聯盟》2015 All-Star Event（2015 ASE）將於本週四趣味登場，今（7）日 Garena 釋出一支六位 LMS 代表選手備戰影片，無厘頭的劇情實在是太有梗啦！《英雄聯盟》2015 全明星賽預計將於 12／10（四）～12／13（日）在美國洛杉磯的 North American LCS Studio 舉行。(遊戲 / 2015-12-07 16:46),,0
ettoday,Toyz確定缺席！英雄聯盟2015全明星賽第六人由丁特出賽,https://www.ettoday.net/news/20151207/609497.htm,2015-12-07 15:15,《英雄聯盟》2015 全明星賽第一階段投票已於 11/19 結束，各區域代表選手也已大致底定。HongKong Esports（HKE）於（5）日下午發出聲明表示隊內選手 Toyz 因私人緣故將缺席 Riot 舉行的《英雄聯盟》2015 全明星賽，再次引發討論。(遊戲 / 2015-12-07 15:15),,0
ettoday,Karsa拒絕十倍高薪誘惑！續留閃電狼再拼冠軍,https://www.ettoday.net/news/20151203/607376.htm,2015-12-03 19:55,Riot舉辦的全明星賽即將於下週於美國登場，即將代表台灣出賽的閃電狼JG選手Karsa也趁著賽前接受《東森遊戲雲》專訪，談談自己的的2015年與未來展望，同時也透露了一些S6的心得給玩家。(遊戲 / 2015-12-03 19:55),,0
ettoday,《英雄聯盟》LMS明星賽 十大人氣選手大亂鬥笑翻粉絲,https://www.ettoday.net/news/20151128/604950.htm,2015-11-28 23:07,《英雄聯盟》在本週舉辦了首次的全明星週末，第二日由玩家票選的十名選手出場，分別是AHQ的Ziv、An、Westdoor、Albis，閃電狼的Maple、Karsa、HKES的Dinter、Stanley、Olleh、以及甫重回TPA的Bebe，十位選手分別出場，還拋出了手上的玩偶給玩家。(遊戲 / 2015-11-28 23:07),,0
ettoday,HKEs丁特遭爆「射後不理」 未眠實況歉：我傷害2個女生,https://www.ettoday.net/news/20151107/593204.htm,2015-11-07 22:44,HKEs打野選手丁特（Dinter；本名薛弘偉）6日遭爆「射後不理」，有網友在LOL板上痛訴某H電競戰隊打野選手玩弄自己朋友感情，除了劈腿外，甚至將女方搞大了也不想負責，讓他痛罵根本「台服菁英又怎樣？根本現實垃圾」。對此，丁特在實況台上坦承自己傷害了兩位女生，接下來會暫停實況、勇敢面對。(遊戲 / 2015-11-07 22:44),,0
ettoday,出國啦！閃電狼初期滾雪球致勝 奪下第二張世界賽門票,https://www.ettoday.net/news/20150816/550732.htm,2015-08-16 18:54,《英雄聯盟》LMS區域選拔賽最後一日的賽程中，HKES和yoeFW雙方都展現了極大的韌性，戰成2:2搶尾盤的局面。最後一場閃電狼拿到克黎思妲和瑟雷西的下路組合，配合Maple的維克特，Karsa則拿出昨天表現精采的李星。而HKES則拿到阿祈爾和汎，而Dinter拿到擅長角色雷珂煞。(遊戲 / 2015-08-16 18:54),,0
ettoday,快訊／HKES懸崖邊再度奮起！ 2:2戰平閃電狼雙方搶尾,https://www.ettoday.net/news/20150816/550707.htm,2015-08-16 17:52,《英雄聯盟》LMS區域選拔賽最後一日的賽程中，閃電狼再拿下第三盤後以2:1聽牌，第四場雙方選手無異動，由於前兩場NL的法洛士帶給HKES相當大的麻煩，因此第四場又拿出了法洛士，而GodKwai則拿出第一場獲勝關鍵的汎，Dinter則拿出控場力強的艾克來打野。(遊戲 / 2015-08-16 17:52),,0
ettoday,快訊／NL強開配楓棠5連殺閃電狼聽牌 HKES被逼入絕境,https://www.ettoday.net/news/20150816/550676.htm,2015-08-16 16:41,《英雄聯盟》LMS區域選拔賽最後一日的賽程在前兩場戰成1:1平手後進入了第三場，雙方在選手陣容上皆未再做改變，但在選角陣容上變化不小，HKES的Carry位拿出克黎思妲和露璐，而閃電狼則使用法洛士和維克特，而上路Steak則拿出了赫克林。(遊戲 / 2015-08-16 16:41),,0
ettoday,快訊／LOL區域選拔賽閃電狼招牌角齊出 成功戰成平手,https://www.ettoday.net/news/20150816/550650.htm,2015-08-16 15:23,《英雄聯盟》LMS區域選拔賽最後一日的賽程在第一場HKES可以說完全壓倒性的勝利後，雙方進入了第二場的對決，閃電狼第二場的AD位更換選手由NL上場。而雙方都拿出了特別的陣容，Dinter拿回了季賽有相當好表現的依芙琳。閃電狼則拿出法洛士和劫。(遊戲 / 2015-08-16 15:23),,0
ettoday,快訊／爭《英雄聯盟》世界賽門票！HKES拔頭籌1:0領先,https://www.ettoday.net/news/20150816/550606.htm,2015-08-16 14:18,《英雄聯盟》LMS賽區今年的第二張世界大賽門票由前兩天獲勝的HKES對戰yoeFW。HKES在第一天的比賽和TPA打起來比大家預期的要辛苦了些，最終以一個「讓二追三」以3:2獲勝。反觀閃電狼則是三場都顯露出一定的實力差距，輕鬆以3:0踢走MSE。(遊戲 / 2015-08-16 14:18),,0
ettoday,HKES《英雄聯盟》資格賽險勝 教練：Toyz鼓勵了大家,https://www.ettoday.net/news/20150814/550175.htm,2015-08-14 22:58,今（8/14）日於高雄展覽館舉辦的LMS區域選拔賽第一日就打得十分精彩，在雙方都有選手遭到禁賽的情況下，HKES以3:2擊敗TPA挺進週日的決賽，在賽後HKES團隊也接受台灣媒體專訪。(遊戲 / 2015-08-14 22:58),,0
ettoday,LMS區域選拔賽HKES苦戰五盤逆轉勝 TPA無緣世界大賽,https://www.ettoday.net/news/20150814/549928.htm,2015-08-14 19:39,《英雄聯盟》LMS區域選拔賽於今（8/14）日在高雄開戰，四隻隊伍將在三天內角逐第二張世界大賽的門票，首日由HKES對上TPA，在眾人認為TPA當家中路Chawy遭到禁賽的情況下，多數人皆看好HKES可輕鬆晉級。但TPA一開始就連下兩盤跌破眾人眼鏡，但HKES成功的「讓二追三」逆轉拿下決賽機會。(遊戲 / 2015-08-14 19:39),,0
ettoday,《英雄聯盟》LMS決戰 AHQ展現壓倒實力擊敗HKES獲冠軍,https://www.ettoday.net/news/20150726/540677.htm,2015-07-26 20:29,《英雄聯盟》LMS夏季季後賽今（7/26）日進入夏季最終決戰，由連續兩日以3：1獲勝的HKES面對夏季聯賽排名的王者AHQ。兩方皆使出渾身解數奪取第一張世界大賽門票。最後由AHQ直落3拿下夏季冠軍，也拿下了S5世界大賽的第一張門票。(遊戲 / 2015-07-26 20:29),,0
ettoday,《英雄聯盟》LMS季後賽 HKES再破閃電狼進軍決賽,https://www.ettoday.net/news/20150725/540387.htm,2015-07-25 21:15,《英雄聯盟》LMS夏季季後賽進入了第二天的比賽，由昨（7/24）日獲勝的HKES對上季賽積分排名第二的Yoe閃電狼。在HKES的打野選手Dinter與當家中路選手Toyz的好表現下，成功以3：1擊倒閃電狼，進軍2015 夏季總決賽的最終決賽。(遊戲 / 2015-07-25 21:15),,0
ettoday,《英雄聯盟》LMS夏季季後賽開戰！HKES擊敗MSE成功晉級,https://www.ettoday.net/news/20150724/540041.htm,2015-07-24 21:04,《英雄聯盟》LMS夏季季後賽於今（7/24）日點燃戰火！和春季季後賽規則相同，採取冒泡賽賽制，第一場由Midnight Sun 對上 HKES ，歷經4盤的熱戰，最終由HKES以3：1晉級，將於明（7/25）日對上yoeFW。(遊戲 / 2015-07-24 21:04),,0
ettoday,為LOL哥游麒弘「祈願」！前TPA成員Toyz拍影片打氣,https://www.ettoday.net/news/20150702/529259.htm,2015-07-02 18:42,新竹光復高中學生「LOL哥」游麒弘因為八仙意外受傷，他的同學羅浚瑋為了鼓勵他，找了許多英雄聯盟界（LOL）的知名實況主替他加油，其中統神和AHQ的西門夜說還拍影片來為他打氣。前TPA成員Toyz、Dinter除了在實況中加油外，這兩天也特別又拍了影片來祝福游麒弘，展現英雄聯盟令人感動的一面。(生活 / 2015-07-02 18:42),,0
ettoday,《英雄聯盟》2015 LMS 夏季聯賽大點評,https://www.ettoday.net/news/20150702/528562.htm,2015-07-02 11:00,LMS 夏季聯賽即將邁入最後兩週，我們詢問 LMS 主播賽評們的意見，想知道他們心目中的四強名單；同時我們也開放了不設限許願池，讓他們說出心中按耐已久，主觀上最想看到的陣容或英雄。(遊戲 / 2015-07-02 11:00),,0
ettoday,八仙意外重傷「LOL哥」 統神Toyz可樂林一起要他挺住,https://www.ettoday.net/news/20150630/528003.htm,2015-06-30 15:41,八仙樂園粉塵閃燃意外造成逾400人受傷，其中一位新竹光復高中的學生游麒弘的傷勢嚴重，許多親友紛紛在臉書為他加油。游麒弘平常愛玩線上遊戲英雄聯盟，同學為了鼓勵他，還特別拜託遊戲的知名實況主統神、Toyz、Dinter、Colalin等為他打氣，剪接成影片要他「挺住」，趕快康復一起重回「召喚峽谷」！(生活 / 2015-06-30 15:41),,0
ettoday,《英雄聯盟》2015 LMS 夏季聯賽第六周焦點回顧,https://www.ettoday.net/news/20150630/527596.htm,2015-06-30 11:00,2015 LMS 夏季聯賽第六週已經正式邁入第二輪的賽程，由於前 2 名分數極高，所以另外六支隊伍都想衝擊季後賽剩下的兩席，經過前一輪的對戰，本週的聯賽開始出現更多勢均力敵的戰況，甚至連 ahq 的不敗金身都在第一、三天的比賽當中被 M17 與 HKE 終結，究竟本週有哪些精采的對戰？趕緊來瞧瞧！(遊戲 / 2015-06-30 11:00),,0
ettoday,《英雄聯盟》2015 LMS 夏季聯賽 W2 賽事回顧,https://www.ettoday.net/news/20150602/514611.htm,2015-06-02 11:00,2015 LMS 夏季聯賽第二週的賽程已順利於今天結束，本週出戰的隊伍當中只有 ahq、Mac 成功拿到 Bo2 的兩勝，其它隊伍則互有勝負，兩週的賽程結束後四天王的位置與春季已略有不同，倍受矚目的 Mac 成功晉級前段班，表現相當亮眼，究竟本週賽程發生哪些狀況？快來瞧瞧最新的戰報吧！(遊戲 / 2015-06-02 11:00),,0
ettoday,Garena 之後又一間！ESR Live 三創園區電競館週五開幕,https://www.ettoday.net/news/20150514/506443.htm,2015-05-14 10:40,主機板顯示卡技嘉科技宣布進駐三創生活 6 樓電競館 ESR Live，有別於三創生活園區其他樓層及櫃位規劃設計，ESR Live 電競館以電競賽事比賽場地的形式設計，而相較於位在內湖的 Garena 電競館，ESR Live 位處台北市區，地理位置方便許多，相信對於台灣電競市場有很大的助益。(遊戲 / 2015-05-14 10:40),,0
ettoday,《英雄聯盟》LMS 2015 春季決賽 戰況回顧（一）,https://www.ettoday.net/news/20150414/492175.htm,2015-04-14 09:00,2015 LMS 春季決賽終於在 04/10（五）18：00 正式開打！對戰組合想必許多召喚師們都非常期待吧？聯賽第三名的隊伍 HKES 即將對上第四名的 ahq，完成蛻變的 ahq 果不其然最終以直落三的成績扳倒 HKES 拿下晉級資格，這三場比賽究竟有多刺激？趕緊來瞧瞧第一日戰報吧！(遊戲 / 2015-04-14 09:00),,0
ettoday,LMS 熱鬧開戰！ AHQ 少林隊直落三踢走 HKES 晉級,https://www.ettoday.net/news/20150410/491216.htm,2015-04-10 22:12,總獎金高達 350 萬的 LMS 2015開戰！首日由春季賽第三名 HKES 迎戰第四名 AHQ，首日主持人徐展元與安娜李一開場就炒熱玩家氣氛。此外還有 Coser、選手星光大道，讓這屆的 LMS 可說是今年台灣上半年最大的電競饗宴。曾因為輸了比賽，眾多隊員剔了光頭被暱稱「少林隊」的 AHQ ，以直落三擊倒 HKES 晉級。(遊戲 / 2015-04-10 22:12),,0
ettoday,《英雄聯盟》2015 LMS 春季聯賽第八週賽事回顧（下）,https://www.ettoday.net/news/20150324/482758.htm,2015-03-24 09:05,本週 2015 LMS 春季聯賽已經來到第八週，也就是最後一週的賽程，雖然比賽結果可能對前段班沒有影響，但後段班卻還是有機會爭奪於升降賽時能優先選擇的名次，MSE 如果 扳倒 NGU，他們名次即可向前躍進，最後究竟是誰爭取到第六名？快來看看春季聯賽最後一週的戰況回顧吧！(遊戲 / 2015-03-24 09:05),,0
ettoday,《英雄聯盟》2015 LMS 春季聯賽第八週賽事回顧,https://www.ettoday.net/news/20150324/482752.htm,2015-03-24 09:00,2015 LMS 八週的春季聯賽已在3/22先告一段落，雖然比賽結果可能對前段班沒有影響，但後段班卻還是有機會爭奪於升降賽時能優先選擇的名次，MSE 如果 扳倒 NGU，他們名次即可向前躍進，最後究竟是誰爭取到第六名？快來看看春季聯賽最後一週的戰況回顧吧！(遊戲 / 2015-03-24 09:00),,0
ettoday,閃電狼奪首位 《英雄聯盟》LMS春季聯賽正規賽進入倒數,https://www.ettoday.net/news/20150310/476541.htm,2015-03-10 15:55,015 LMS 春季聯賽正規賽第七週的賽程已經順利結束，名次變動不大，但最受矚目的是 yoeFW 與 TPA 第三度交手，在歷經 40 幾分鐘的廝殺， yoeFW 最終還是順利的擊敗了 TPA 拿下勝利登上衛冕者寶座，至於 3～8 的排名在第七週賽程結束後並沒有太多變化，所有隊伍都將在第八週賽程結束後確認名次。(遊戲 / 2015-03-10 15:55),,0
ettoday,2015 LMS 春季聯賽第六週賽事回顧（下）,https://www.ettoday.net/news/20150303/472677.htm,2015-03-03 09:30,2015 LMS 春季聯賽第六週的賽程已經順利結束，邁入倒數階段的聯賽目前排名並沒有太多變化，但歷經六週高強度的對戰後，還是可以看出所有台港澳隊伍實力全面的提升，因此本週有兩支隊伍成功扳倒了排名較前的對手拿到勝場，想知道是哪些隊伍嗎？快來看看第六週的賽事回顧吧！(遊戲 / 2015-03-03 09:30),,0
ettoday,2015 LMS 春季聯賽第六週賽事回顧（上）,https://www.ettoday.net/news/20150303/472673.htm,2015-03-03 09:12,2015 LMS 春季聯賽第六週的賽程已經順利結束，邁入倒數階段的聯賽目前排名並沒有太多變化，但歷經六週高強度的對戰後，還是可以看出所有台港澳隊伍實力全面的提升，因此本週有兩支隊伍成功扳倒了排名較前的對手拿到勝場，想知道是哪些隊伍嗎？快來看看第六週的賽事回顧吧！(遊戲 / 2015-03-03 09:12),,0
ettoday,《英雄聯盟》專訪讓HKES進化與蛻變的功臣－朴鎔煜教練,https://www.ettoday.net/news/20150213/466614.htm,2015-02-13 10:00,在 IEM 9 與資格賽時表現有些起伏不定的他們，為何會在短短不到兩個月的時間就成功蛻變成一流的強隊，而且還是越打越好！所以我們特地專訪了目前擔任該隊教練的 Kingdom（朴鎔煜）先生，來與大家聊聊加入團隊後的訓練過程，以及是如何看待目前的團隊狀況。(遊戲 / 2015-02-13 10:00),,0
ettoday,HKES引韓元選手Smurph取代Dinter出任先發,https://www.ettoday.net/news/20150205/463240.htm,2015-02-05 10:40,香港電子競技有限公司旗下《英雄聯盟》職業隊伍 HKES 於上周六（1/28）公告隊伍陣容更動，HKES 已正式與韓國原 Prime Clan 的打野選手 Smurph （原名Smurf）簽約，而 HKES 原打野選手 Dinter 將暫居替補人員名單，與 Smurph 輪流上場。(遊戲 / 2015-02-05 10:40),,0
ettoday,《英雄聯盟》電競教會我的這些事 – 選手篇,https://www.ettoday.net/news/20150113/449843.htm,2015-01-13 10:46,每一個掌聲、喝采與支持都是驗證職業電競選手在場上散發無限魅力的最好時刻。當他們在比賽時，就必需呈現最專業的一面給觀眾；把每一次出場當成是最後一次，使出全力才行。除了汗水、淚水和光鮮亮麗的表象外，蘊藏在他們背後是更多不為人知的掙扎及起落。(遊戲 / 2015-01-13 10:46),,0
ettoday,《直擊》香港明星戰隊HKESport的Gaming House,https://www.ettoday.net/news/20141212/438302.htm,2014-12-12 21:25,最近的賽事中HKES雖然表現不如預期，畢竟是剛成軍，隊中選手也都是實力堅強的明星選手，相信給予更多的時間磨合後會讓人愈來愈期待接下來的賽事表現！ 近日，HKEsports發佈一篇由戰隊成員「葉子」帶領大家看HKESports Gaming House約三分鐘的影片引發網友討論，燈小編整理分享給大家。(遊戲 / 2014-12-12 21:25),,0
ettoday,《英雄聯盟》IEM 台北資格賽 ahq vs. HKES,https://www.ettoday.net/news/20141208/435869.htm,2014-12-08 09:00,（IEM）國際賽事台北站資格賽將由兩支順利進入勝部的隊伍繼續爭奪勝部冠軍資格，這兩支隊伍分別是 ahq與HKES，而不幸落敗的隊伍在 12/7 對上 TPA，爭奪晉級的機會。(遊戲 / 2014-12-08 09:00),,0
ettoday,Toyz新戰隊HKES首戰《英雄聯盟》 士氣突破天際！,https://www.ettoday.net/news/20141016/413480.htm,2014-10-16 09:00,"HKEsports 香港電子競技有限公司於（10/14）晚間發布消息表示，新成立的《英雄聯盟》戰隊 Hong Kong Esports （HKES）將接受公司邀請，參加此次的「香港電子競技資格賽」，並把資格賽名額開放給《英雄聯盟》所有玩家，期望讓新隊伍 HKES 能再重拾冠軍感動！此賽事獎金高達 150,000 港幣(遊戲 / 2014-10-16 09:00)",,0
ettoday,《英雄聯盟》S2世界冠軍選手 Toyz 將重拾戰戟,https://www.ettoday.net/news/20141014/412761.htm,2014-10-14 18:13,香港電子競技公司正式公開新《英雄聯盟》戰隊Hong Kong Esports（HKES）六名成員，由Stanley、Dinter、Toyz、GodJJ、Awei，以及女性選手葉子所組成。(遊戲 / 2014-10-14 18:13),,0
ettoday,《英雄聯盟》GPL春季賽 AZUBU TPA漂亮逆轉勝穩坐冠軍,https://www.ettoday.net/news/20130327/183269.htm,2013-03-27 11:19,"《英雄聯盟》「Garena 超級聯賽(Garena Premier League,GPL )春季賽」上週進入第 73 到 80 場例行賽，已奪下 20 場連勝的「AZUBU 台北暗殺星(TPA)」，持續在 GPL 聯賽中大開殺戒，秒殺「BKT 曼谷巨人」，並在對上「MLE馬尼拉獵鷹」上演漂亮逆轉勝戲碼，可說穩作春季賽冠軍。(3C家電 / 2013-03-27 11:19)",,0
ettoday,《英雄聯盟》TPA 兄弟隊 TPS新成軍 攜手在新賽季爭霸,https://www.ettoday.net/news/20130103/148072.htm,2013-01-03 13:27,"台灣競舞娛樂(Garena)今(3)日宣布成立《英雄聯盟》第二支職業隊伍「台北狙擊者」(Taipei Snipers,簡稱 TPS )，同時也確認一年一度的 Garena Premier League(GPL) 總冠軍賽將首度移師在台舉辦，預期將選擇能容納至少萬人的比賽場地讓各國玩家觀戰。(3C家電 / 2013-01-03 13:27)",,0
ettoday,花千萬被撕心裂肺提告⋯丁特全面開戰遊戲橘子：用我課的錢告我？,https://www.ettoday.net/news/20211218/2149048.htm,2021-12-18 08:49,知名實況主丁特因手遊《天堂M》製作道具機率不似官方公告，在豪砸兩次上百萬元後仍只得到遠低於官方公告的機率後，憤而在直播中不斷請遊戲橘子董事長劉柏園「出來面對」，在17日引起遊戲橘子集團提出民事訴訟，籲遏止丁特的言論。對此，丁特於當天晚間直播時向遊戲橘子全面開戰。(遊戲 / 2021-12-18 08:49),,0
ettoday,遊戲橘子不忍了！提民事訴訟告丁特：透過不實謠言賺取流量與利益,https://www.ettoday.net/news/20211217/2148709.htm,2021-12-17 16:10,知名實況主丁特日前因「紫布事件」控訴《天堂M》代理商遊戲橘子，並在實況上、YouTube頻道製作影片大罵，引起官方聲明從未調整機率。而隨著原廠《天堂W》上市，雙方戰火仍未平息，17日下午遊戲橘子發出聲明稿表示，「已於10日對丁特提出民事訴訟，以維護公司股東權益及商(遊戲 / 2021-12-17 16:10),,0
ettoday,獨／墊底保證統神參戰LOL實況主挑戰賽？官方給回應曝「實際彩蛋」,https://www.ettoday.net/news/20211216/2147703.htm,2021-12-16 14:20,《英雄聯盟》台服年度盛事實況主挑戰賽競爭激烈，從3日開打後戰況激烈，目前由RB、冠緯兩兄弟高居大師甩開其他實況主，而丁特目前居於末位。但就有眼尖觀眾發現，宣稱要照顧小孩、無法參賽的亞洲慈父統神卻悄悄出現在名單上，對此官方則解釋僅列入社群排名增添「可看性」，不會影響實際挑戰賽。(遊戲 / 2021-12-16 14:20),,0
ettoday,統神曝光不打挑戰賽原因…第一句話點出關鍵 網狂讚：亞洲慈父,https://www.ettoday.net/news/20211213/2145026.htm,2021-12-13 12:32,《英雄聯盟》實況主積分賽熱烈開打，截至13日由RB宗師霸榜，最末端則為丁特。而在這次因為沒有亞洲統神的加入，讓戰況變得十分膠著、難以預測。對此，就有網友在開台時詢問統神不參加的原因，答案出爐後讓許多統粉直接在聊天室狂刷，「亞洲慈父是你！」(遊戲 / 2021-12-13 12:32),,0
ettoday,緯寶最驕傲一天！冠緯《LOL》三天爬上大師…緯寶狂喊：太水了啦,https://www.ettoday.net/news/20211208/2140976.htm,2021-12-08 10:15,《英雄聯盟》年度盛事「實況主積分賽」火熱開打，為了15萬獎金以及看台人數，大部分參賽者都卯足全力爬分，而今年加入戰爭的冠緯、RB雖然慘遇掛網仔，但比賽僅過三天冠緯就立刻爬上大師，爆肝式打法讓緯寶狂喊，「詹立委太神啦！但記得去休息阿～」 (遊戲 / 2021-12-08 10:15),,0
ettoday,實況主積分賽開打…RB冠緯雙排遇掛機仔 對手正義從天而降傻爆眼,https://www.ettoday.net/news/20211206/2139373.htm,2021-12-06 10:34,《英雄聯盟》實況主積分賽開打，冠軍可獲15萬元獎金，本屆由RB、小蝶、冠緯、超負荷、MMD、NL、Bebe、Zod、花輪、西門、丁特及史丹利共同爭取榮耀。但近日RB跟冠緯雙排時卻遇到掛機仔，意圖讓他們分數掉下去、浪費時間，正當準備要放棄時，對面突然「正義從天而降」，讓觀眾全嗨翻。(遊戲 / 2021-12-06 10:34),,0
ettoday,轉蛋法又沒了？經濟部回應「管理強度過高不利消費者」 網友炸鍋,https://www.ettoday.net/news/20211202/2136579.htm,2021-12-02 01:45,有熱心民眾上「公共政策網路參與平台」提案。未料，經濟部在11月30日給出回應，強調「若課予管理強度高於其他國家之法令，恐使原廠直，接由境外跨境營運，不利消費者保護及產業發展。」再度引起社群譁然。(遊戲 / 2021-12-02 01:45),,0
ettoday,統神「點名2人」要小心！開直播預告：Toyz出來了，隨時會爆料,https://www.ettoday.net/news/20211201/2136408.htm,2021-12-01 19:45,前世界冠軍、實況主Toyz劉偉建涉嫌販售大麻煙彈被捕，日前被裁定150萬元交保，出來後馬上又進了台中戒治所。對此，實況主統神點名2人「要小心」，等到Toyz出來，隨時可能會爆料。(電競 / 2021-12-01 19:45),,0
ettoday,《天堂W》「總統」給台灣的一封信：別開外掛…曝光韓國天堂地位,https://www.ettoday.net/news/20211118/2126554.htm,2021-11-18 17:00,NCSoft跨國巨作《天堂W》日前正式上市，以不分國家同伺服器的理念引爆各國玩家大戰，尤其是台灣、韓國實況主們更是引起另類「課金大戰」。對此，在韓國《天堂》界享譽盛名的實況主韓國總統「Imbum」就在實況上公開一封寫給台灣玩家的信件，信中表示在韓國遊玩天堂的人被稱作「豬狗」。(遊戲 / 2021-11-18 17:00),,0
ettoday,《天堂W》上市引爆全球課金大戰…從系列作看隱藏土豪狂撒億元玩遊戲,https://www.ettoday.net/news/20211117/2125313.htm,2021-11-17 10:00,「實現你平常不敢做的事」…從1998年線上遊戲《天堂》就以這句台詞號召不少血盟成員沉迷於天堂的戰場中，在爾後20年中又陸續出了系列作品、IP歷久不衰。但在近年《天堂》系列最廣為人知的就是「課金大戰」，想要天堂M、天堂2M等遊戲獲得戰力，就要依靠變身卡片系統。(遊戲 / 2021-11-17 10:00),,0
ettoday,「隱乳女神」抽卡瘋了！紅內衣+紅包塞胸部 結局全場崩潰,https://www.ettoday.net/news/20211109/2120157.htm,2021-11-09 17:35,「隱乳女神」阿樂（林妤臻）玩《天堂W》抽卡瘋了！穿紅內衣、畫腮紅、把塞紅包到胸口，還大嗑紅油炒手！結局讓網友全崩潰。(遊戲 / 2021-11-09 17:35),,0
ettoday,百萬人擠爆《天堂W》…開服半天「紫變」玩家出爐 網跪看百萬課長秀,https://www.ettoday.net/news/20211104/2116877.htm,2021-11-04 20:03,由原廠NCSoft直營的《天堂W》於3日晚間火爆推出，造成百萬人擠爆伺服器，要進入遊戲必須跨越萬人等待。而天堂系列近年最著名的就是「紫變」系統，不僅是遊戲強力的代表，更是象徵課金程度的多寡，以《天堂M》為例，若要達到紫變約需要花費40至60萬不等，而在開服不到一天各路紫變神人紛紛登場。 (遊戲 / 2021-11-04 20:03),,0
ettoday,《天堂W》伺服器還是爆…開服首日排隊潮湧現 紅變課長瘋狂出爐,https://www.ettoday.net/news/20211104/2116296.htm,2021-11-04 11:49,乘載感動記憶、由原廠NCSoft直營的《天堂W》於3日晚間火爆推出，一上線就讓許多實況主包含文老爹、丁特、MiSTakE等都上線等候，但幾乎沒有多少人能進入遊戲，排隊潮再度湧出，更在凌晨進入緊急維修，讓網友怨聲載道。此外，由於本次是國際同服，更間接引發不少「課長之戰」準備開打。(遊戲 / 2021-11-04 11:49),,0
ettoday,轉蛋法有解？經濟部回：要求公開 電競顧問丁特進國會：我很激動,https://www.ettoday.net/news/20211029/2112204.htm,2021-10-29 15:31,知名實況主丁特於日前發生《天堂M》紫布機率事件，間接促成政府推動轉蛋法相關政策進行，對此，時代力量立委邱顯智於28日在臉書宣布經濟部針對此事進行回覆。而丁特在29日也貼出以顧問身分參加「立法院台灣電子競技政策促進會」照片。(遊戲 / 2021-10-29 15:31),,0
ettoday,直擊／立委同事喊「3Q加油」 陳柏惟感動搓眼、林昶佐要「繼承遺志」,https://www.ettoday.net/news/20211029/2112063.htm,2021-10-29 11:43,已卸任的台灣基進立委陳柏惟29日在立法院舉行最後一場記者會，宣布成立「立法院台灣電子競技政策促進會」，無黨籍立委林昶佐與超過10名民進黨立委到場相挺齊喊「電競加油、台灣加油、3Q加油」，陳柏惟一度伸手扶眉心、擦眼角；林昶佐也開玩笑說，本來想讓陳當「永遠的委員長」但是不行，因此將繼承他的「遺志」和意志。(政治 / 2021-10-29 11:43),,0
ettoday,民進黨立委力挺組「電競促進會」 陳柏惟：做完想做的事,https://www.ettoday.net/news/20211029/2112045.htm,2021-10-29 11:13,遭罷免的台灣基進立委陳柏惟29日舉行在立法院最後一場記者會，宣布成立「立法院台灣電子競技政策促進會」，無黨籍立委林昶佐與超過10名民進黨立委到場相挺齊喊「電競加油、台灣加油、3Q加油」；擔任促進會「創會會長」的陳柏惟會前受訪說，他從國中開始接觸電動玩具，一直有在關心電競產業發展，希望把原本想做的事情做完。(政治 / 2021-10-29 11:13),,0
ettoday,林冠任／《天堂M》坑殺爭議 「轉蛋法」防範不實機率,https://www.ettoday.net/news/20211014/2101353.htm,2021-10-14 17:43,最近有個電競實況主丁特因為玩《天堂M》，花了數百萬而撞破代理商當初口口聲聲機率與韓版一致的說法，不但數百萬元被坑殺，且讓官方緊急修改機率與韓版一致的聲明。事實上不只是《天堂M》，台灣有很多遊戲都沒公布機率，過去也曾爆發出有國小生為了想要某種裝備，而盜刷父母的卡片的事件。(論壇 / 2021-10-14 17:43),,0
ettoday,丁特控「天堂M」製作機率造假 高虹安揪朝野立委推「轉蛋法」修法,https://www.ettoday.net/news/20211014/2101034.htm,2021-10-14 12:04,實況主丁特日前因質疑「天堂M」遊戲道具製作機率公告不實，引起各界關注。民眾黨立委高虹安14日表示，日本、韓國、美國皆有針對遊戲抽獎機制的規範，僅有台灣只規定中獎商品應記載「此為機會中獎商品」，也無實際罰則，因此將提出「轉蛋法」相關法規修法。(政治 / 2021-10-14 12:04),,0
ettoday,台灣2020年成全球五大課金國「年花560億」…課到破產籲轉蛋法成立,https://www.ettoday.net/news/20211013/2099352.htm,2021-10-13 10:00,對於遊戲市場來說，「手遊市場」的更成為兵家必爭之地，短短數年全球市場就超過3兆（台幣）以上產值，而台灣雖小，但卻在「貢獻金額」上排名第五，若要比較課金玩家的付費平均，更將高達全球第三，是所有廠商不願放棄、積極搶攻的戰略市場。(遊戲 / 2021-10-13 10:00),,0
ettoday,BYG茂安涉賭被禁賽！館長直播「從開心到失望」：別欺騙我的感情,https://www.ettoday.net/news/20211009/2097969.htm,2021-10-09 22:00,台灣戰隊BYG（Beyond Gaming）參加《英雄聯盟》S11世界大賽，中路選手茂安（Maoan）透露選角機密遭禁賽。贊助商館長接獲消息，也直播吐露心情，直言「從開心到失望」，「不要欺騙我的感情。」(生活 / 2021-10-09 22:00),,0
ettoday,BYG選手透露選角機密遭禁賽 西門夜說「15字回應」…1.5萬人讚爆,https://www.ettoday.net/news/20211009/2097933.htm,2021-10-09 19:59,台灣電競戰隊BYG（Beyond Gaming）參加《英雄聯盟》S11世界大賽入圍賽，第二階段以讓二追三的姿態取得勝利，卻被爆出中路選手茂安（Maoan）透露選角機密，因而遭到懲處。對此，前職業選手西門夜說（westdoor）出面15字回應，立刻引起熱烈討論，也有不少人跟著留言嘲諷。(遊戲 / 2021-10-09 19:59),,0
ettoday,《LOL》茂安涉賭截圖驚見「巨乳女神」！百萬網紅64字回應了,https://www.ettoday.net/news/20211009/2097899.htm,2021-10-09 18:56,《英雄聯盟》入圍賽第二階段BYG才以讓二追三之姿取得勝利，隊員茂安（Maoan）卻在賽前爆出透露戰隊選角機密，疑似影響地下賭盤勝率，遭到官方禁賽。有網友就發現，茂安與其他人的對話截圖中，出現一名露出傲人上圍的火辣女子，懷疑與該案有關。對此，當事人在IG貼出照片原圖，並做出回應了。(遊戲 / 2021-10-09 18:56),,0
ettoday,LOL選手茂安涉賭「對話中出現她」！ 超兇辣模被起底…有280萬粉絲,https://www.ettoday.net/news/20211009/2097901.htm,2021-10-09 18:24,《英雄聯盟》BYG戰隊選手茂安被爆涉賭，疑似在賽前對外透露選角機密，影響地下賭盤勝率，目前已遭到官方緊急禁賽。由於在他和別人的對話截圖中，出現一張辣模Yumi.K露乳溝的辣照，女方因而收到許多網友關心和疑問的私訊，9日傍晚發文回應此事。(影劇 / 2021-10-09 18:24),,0
ettoday,快訊／《LOL》BYG茂安確定禁賽 官方推特：「透露選角」影響賭盤,https://www.ettoday.net/news/20211009/2097514.htm,2021-10-09 07:15,《英雄聯盟》入圍賽第二階段BYG才以讓二追三之姿取得勝利，隊員茂安（Maoan）卻在賽前爆出透露戰隊選角機密，疑似影響地下賭盤勝率。對此，官方在台灣時間7點左右發出聲明表示，「選手茂安因違反世界賽比賽條例，確定從本次世界賽禁賽，後續將在接受額外的調查懲處。」(遊戲 / 2021-10-09 07:15),,0
ettoday,快訊／《LOL》BYG才剛勝利…成員被爆洩漏戰隊機密「地下操盤」,https://www.ettoday.net/news/20211009/2097499.htm,2021-10-09 04:04,《英雄聯盟》入圍賽第二階段BYG才以讓二追三之姿取得勝利，將在9日對上HLE爭取小組賽資格，但就在9日清晨爆出隊員茂安（Maoan）在賽前透露戰隊選角機密，疑似影響地下賭盤勝率，還在對話中表示「別買太多，我說高機率」。(遊戲 / 2021-10-09 04:04),,0
ettoday,丁特天堂M砸百萬GG槓遊戲橘子…官方沉默一個月聲明：不可能調機率,https://www.ettoday.net/news/20211008/2097373.htm,2021-10-08 19:21,實況主丁特近日因為《天堂M》遊戲道具製作機率與官方槓上，花費數百萬卻沒有得到官方公告機率，在直播中多次向官方喊話「出來面對」，更盼轉蛋法能因此成立讓玩家有公平的消費環境。對此，沉默許久後遊戲橘子於10月8日晚間發出聲明表示，「本公司絕不可能自行調整機率。」並強調遊戲橘子也支持轉蛋法成立。(遊戲 / 2021-10-08 19:21),,0
ettoday,Toyz事件戰場再開…HKE舊恨燃 Olleh回：我當垃圾人你爽，那請噴,https://www.ettoday.net/news/20211004/2093566.htm,2021-10-04 12:29,《英雄聯盟》前世界冠軍Toyz涉販毒案已經社會譁然，許多前隊友、相關朋友也出面針對此事作出評論。對此，許久沒在台灣粉絲面前亮相、前HKE時任輔助隊員Olleh也認為，「不懂Toyz販售毒品的心態？」對此，因為這一席話又突然將戰場延燒到以往丁特、Olleh之間的舊仇。(遊戲 / 2021-10-04 12:29),,0
ettoday,丁特《天堂M》再砸百萬抽寶還是GG 怒嗆橘子：為錢把台灣人當白痴,https://www.ettoday.net/news/20210924/2086305.htm,2021-09-24 11:55,人氣實況主、BYG戰隊老闆丁特8月底時曾為了《天堂M》裝備豪砸百萬、卻沒有獲得寶物，甚至獲得機率遠遠低於廠商提供數據的1/4，讓他極度不滿。而在23日他再度與其他實況主「見證機率」，同樣豪砸百萬卻獲得與上次一樣的機率、結果，讓他怒噴「台灣人的智商只有韓國人的1/4可以讓你們縱容消費者？」(遊戲 / 2021-09-24 11:55),,0
ettoday,日本手遊課金有保底！金額曝光 台灣遊戲商把玩家當盤子,https://www.ettoday.net/news/20210919/2082859.htm,2021-09-19 09:00,人氣遊戲實況主丁特在《天堂M》想要得到製作神話武器的材料，但因取得機率過低，即使花了新台幣271萬元仍沒辦法達成夢想，讓許多觀眾、玩家相當不滿，有玩家製作申訴SOP，呼籲玩家到經濟部工業局的iNEWS提出申訴，希望政府正視手機遊戲機率性商品的問題，推動台灣轉蛋法。(遊戲 / 2021-09-19 09:00),,0
ettoday,直播主「271萬抽天堂M」結果烙賽 遊戲橘子火速自改機率公告,https://www.ettoday.net/news/20210919/2082834.htm,2021-09-19 07:00,經典手遊《天堂M》即使上線4年仍高人氣，然遊戲抽寶機率一直是個謎。知名遊戲實況主丁特（Dinter：薛弘偉）為慶祝他經營的電競戰隊BYG取得世界大賽門票，8月27日豪砸120萬元來抽寶物「紫布」，沒想到175次僅成功4次，直播中《天堂M》抽寶機率只有2.28%，丁特笑臉僵住，觀眾及玩家跟著怒吼要退坑。(遊戲 / 2021-09-19 07:00),,0
ettoday,陳柏惟助遠征歐洲電競戰隊申請疫苗 BYG老闆感謝：強力遊戲夥伴,https://www.ettoday.net/news/20210908/2075011.htm,2021-09-08 17:11,台灣英雄聯盟職業戰隊BYG即將代表台灣出征世界賽，但團隊成員卻遲未施打疫苗。基進黨立委陳柏惟8日表示，已成功協調防疫指揮中心與教育部體育署以「國家代表」的名目申請疫苗。(政治 / 2021-09-08 17:11),,0
ettoday,《天堂 M》全新職業「死神」9月1日上線 搶先創角體驗最強刺客魅力,https://www.ettoday.net/news/20210901/2069309.htm,2021-09-01 11:37,"跨世代手遊鉅作《天堂M》9月1日正式推出遊戲最強刺客「穿梭戰場的無情生命收割者·全新職業死神」，同步邀請到知名實況主丁特、小屁搶先介紹新職業改版內容、全新伺服器慶祝活動，吸引高達8,000人同步觀看。同時更大放送超級變身抽卡包、高級魔法娃娃抽卡包等虛寶，讓玩家直接大喊，「根本佛心公司！」(遊戲 / 2021-09-01 11:37)",,0
ettoday,神之隊落敗統神找戰犯…冠緯RB直播互盤邏輯 最後上演世紀大和解,https://www.ettoday.net/news/20210809/2051421.htm,2021-08-09 12:55,《英雄聯盟》周年慶邀請統神、史丹利及人氣實況主展開BO3比賽爭取25萬獎金，雖然賽前就知道兩隊實力較不平均，聖之隊皆為退役選手，但神之隊在MMD的突然加入下，也讓戰況變得膠著，最後以1:2落敗。在賽後訪問環節統神效果依然做好做滿，甚至跟冠緯在結束後互抓戰犯、盤邏輯。(遊戲 / 2021-08-09 12:55),,0
ettoday,英雄聯盟最強節目！新舊世代互嘴搶25萬…網：統神是真電競不死鳥,https://www.ettoday.net/news/20210808/2051117.htm,2021-08-08 22:10,《英雄聯盟》為慶祝周年，邀請堪稱實況界超重量名單進行表演賽，由前世界冠軍史丹利、電競不死鳥統神擔任隊長，再加上新、舊生代實況主丁特、BEBE、RB、小蝶、冠緯、西門、小夜夜、MMD進行BO3比賽。其中統神因為近日「統椅事件」。(電競 / 2021-08-08 22:10),,0
ettoday,英雄聯盟實況主對抗賽晚間登場！統神、丁特「宿命對決」爭25萬,https://www.ettoday.net/news/20210808/2050937.htm,2021-08-08 15:55,《英雄聯盟》越來越懂玩！Garena繼去年的「實況主挑戰賽」，今年邀請電競不死鳥統神、前世界冠軍史丹利分別擔任重量級隊長，挑選其餘八位包含丁特、小蝶、RB、西門、BEBE、MMD（頂替超負荷）等等大咖實況主、知名選手進行「神聖之戰」。(遊戲 / 2021-08-08 15:55),,0
ettoday,被洗版了嗎？英雄聯盟回顧系統登場 史丹利vs.統神神聖之戰開打,https://www.ettoday.net/news/20210726/2040262.htm,2021-07-26 18:14,你是萬場勇者嗎？《英雄聯盟》台港澳走過將近十個年頭，周年慶系列活動正式開跑，近來不只有像是EGG、烏龍、小熊、湯米等「元老級英雄」分享自己的光榮戰績，官方更預告將於8月8日邀請包含史丹利、丁特、超負荷等知名實況主展開「神.聖.對決」，讓社群上滿滿洗版紛紛炫耀自己哪隻英雄最Carry。(電競 / 2021-07-26 18:14),,0
ettoday,統神PK輸賴皮不改「Toyz的狗」 拍桌髒話吼老婆：香港人懂尊重？,https://www.ettoday.net/news/20210719/2033980.htm,2021-07-19 10:09,Garena旗下《天涯明月刀M》邀請到堪稱史上最豪華實況主替遊戲推廣，包含統神、丁特、Toyz、蝴蝶兒、ET、小熊，分別代表不同門派在遊戲實況中宣傳。近日統神所代表的丐幫與Toyz率領的唐門進行聯動實況，兩人在遊戲中相約PK，輸的就要進行遊戲改名。(遊戲 / 2021-07-19 10:09),,0
ettoday,兆豐挺電競！加碼6大遊戲平台 刷卡最高15%回饋,https://www.ettoday.net/news/20210709/2027217.htm,2021-07-09 21:03,力挺電競產業！兆豐銀行文教基金會今（9）日宣布，將冠名贊助由知名實況主丁特所領軍的英雄聯盟職業賽戰隊「BEYOND GAMING」，力拚代表台灣前進2021 PCS世界賽，決戰總冠軍。(財經 / 2021-07-09 21:03),,0
ettoday,PCS夏季賽資訊總整理 版本重點、選手異動烏龍老師全報你知,https://www.ettoday.net/news/20210709/2026063.htm,2021-07-09 10:17,《英雄聯盟》PCS賽區於9日終於贏來夏季賽開賽，而這次的排名也關係到各戰隊是否能參加S11世界賽的資格，但在這次PCS賽區與春季賽上選手有什麼差異、版本上又會有哪些角色強勢佔領B/P榜？(遊戲 / 2021-07-09 10:17),,0
ettoday,好想聽2ㄏ2ㄏ！超負荷被ban第17天 向官方喊話：我從良這麼久,https://www.ettoday.net/news/20210705/2023009.htm,2021-07-05 18:21,身為全球最大遊戲實況平台Twitch，最讓人不解的就是它的「Ban台原則」，近日狼谷娛樂旗下人氣實況主超負荷因觀眾斗內影片遭到永ban，至今七進七出金字塔最終還是遭到鎖台，讓他不禁在與友人打遊戲時說，我從良這麼久，可不可以還我白名單，讓觀眾也紛紛向Twitch喊話，可以還我的負荷「2ㄏ2ㄏ聲」嗎？(遊戲 / 2021-07-05 18:21),,0
ettoday,防疫宅在家夯瘋「捏臉社交」 手遊 《天涯明月刀M》開服首日拿下雙平台冠軍,https://www.ettoday.net/news/20210702/2021241.htm,2021-07-02 17:30,《天涯明月刀 M》上市後以高人氣勇奪 iOS、Android 雙平台下載冠軍，官方於今（2）日釋出了多項慶祝活動，並加碼推出7月17日「天刀日」活動，抽出「iPad Pro」、「iPhone12 Pro」和「Switch 主機+健身環」等多項實體好禮贈與玩家。(生活 / 2021-07-02 17:30),,0
ettoday,實況主被唬「打一場給5000元」結束被爽約 隔天逆轉霸氣反捐60萬,https://www.ettoday.net/news/20210623/2013529.htm,2021-06-23 10:49,實況主丁特從職業選手轉戰戰隊Beyond Gaming後，無論是在事業、直播內容都蒸蒸日上，近日更積極展現「台日友好」，常帶領觀眾「突襲」許多小台主播，讓她們人氣暴增。就在22日丁特開直播時，有觀眾斗內表示願意花5000一起打一場。(遊戲 / 2021-06-23 10:49),,0
ettoday,天涯M封測開跑 門派代言人現身見端火鍋幫主⋯本尊回：我伙食好,https://www.ettoday.net/news/20210524/1989715.htm,2021-05-24 14:29,武俠小說家古龍晚年作品《天涯·明月·刀》於2016年改編成MMOPRG後受到玩家熱烈喜愛，Garena則於近日宣布將推出手遊版《天涯明月刀M》，事前預約開啟一周內便突破35萬人，同時遊戲限量封測也即將開啟，凡是有參加事前預約的玩家都有機會抽中封測資格。(政治 / 2021-05-24 14:29),,0
ettoday,牛磺酸「手工貓機能零食」90→68元 毛小孩大口吃肉也能顧眼睛、心血管,https://www.ettoday.net/news/20210510/1976236.htm,2021-05-10 17:16,吃零食還能保健視力和心血管！東森寵物雲毛毛商城推薦【吶一口】貓機能零食，100%台灣手工精製，加上食品和食安的雙重認證，另添加牛磺酸，可以保健貓咪的視力與心血管，並有夾鏈封口設計，方便毛爸毛媽拿取餵食，讓毛孩吃得開心又健康，每包只要68元，另外母親節優惠5月10日最後一天，滿2000元折200元；3000元折300元；5000元還能折600元，敬請把握機會喔！(寵物動物 / 2021-05-10 17:16),,0
ettoday,網美YouTuber「中空露溝」討生日禮！ 粉絲300萬賓士E250排隊送,https://www.ettoday.net/news/20210315/1938184.htm,2021-03-15 06:25,近年網美界似乎吹起一股討禮物旋風，不少人逢年過節便會向粉絲開出禮物清單，甚至直接許願粉絲包紅包的都有。網紅Youtuber奎丁對此感到非常納悶，雖然表示看不慣但也不能說這樣的網美有錯，「既然你制止不了他們，那就加入他們嘛！」因此在影片中霸氣脫下外套露出胸前中空性感地帶，要實測究竟粉絲們是不是都有錢到流湯，禮物紛紛獻上來。結果不僅超乎意料，還有不只一位粉絲喊話要送奎丁市價超過300萬元的賓士E250轎車。(生活 / 2021-03-15 06:25),,0
ettoday,屏東女買完飲料「騎錯機車」 接警電話才知糗大了,https://www.ettoday.net/news/20210309/1934061.htm,2021-03-09 09:56,林姓女子以預購方式訂丁特調店的飲料，算好時間騎乘機車去領取，機車鑰匙未就進入店內拿飲料後，走出店外驚覺機車不見了，嚇得報警，內埔警分局內埔所受理後，調閱周邊店家監視器，發現是之前的客人騎錯機車，擺了大烏龍。(社會 / 2021-03-09 09:56),,0
ettoday,丁特接手AHQ改名Beyond Gaming 搶下PCS席次「願榮耀加諸選手」,https://www.ettoday.net/news/20210127/1908217.htm,2021-01-27 11:20,日前《英雄聯盟》老牌戰隊AHQ宣布退出PCS引起粉絲熱議，27日早上前職業選手（曾任HKA、TPA）、現職實況主丁特Dinter在臉書重磅宣布「接手AHQ戰隊及PCS席次」，改名為「Beyong Gaming」，準備在19號的賽季征戰英雄聯盟。他在臉書上強調，希望可以取自電競、用之電競。(遊戲 / 2021-01-27 11:20),,0
ettoday,2021 PCS 春季賽2月19正式開打 9支參賽隊伍搶先曝光,https://www.ettoday.net/news/20210127/1908163.htm,2021-01-27 10:58,PCS 2021賽季將於2月19日開打，Riot Games SEA、鍇睿行銷與 Garena正式宣布參加太平洋聯賽的9支隊伍。今年的PCS將會由上一季的七支隊伍及兩支新晉的隊伍組成，進行高水平的賽事對抗，為《英雄聯盟》電競在太平洋賽區帶來新高度。本賽季第十支隊伍的消息將在後續的公告中公佈。(電競 / 2021-01-27 10:58),,0
ettoday,女兒IG粗話「幹譙媒體」！中正一分局長陳明志怒退LINE群組,https://www.ettoday.net/news/20201130/1865989.htm,2020-11-30 16:49,陳明志30日親上火線澄清，表示絕沒有給丁特權，也沒有調虎離山計，自己當時是因為要參加公祭才外出。不過陳明志的女兒卻在IG上PO出限時動態，不僅指稱記者做假新聞，甚至還用髒話辱罵，讓記者相當憤怒，在台北市警局媒體群組砲轟，陳明志最後還直接退出群組。(社會 / 2020-11-30 16:49),,0
ettoday,知名實況主「被大媽公審」！霸氣PO網…住戶連署下架：會影響房價,https://www.ettoday.net/news/20201122/1851121.htm,2020-11-22 20:57,知名實況主丁特在新北林口置產，花了近400萬元進行裝潢，不料在直播時收到大媽在住戶群組中的公審訊息，內容字眼提到家暴、精神狀況求診，還直言管理室包庇他大吼大叫，還有人到門前猛按電鈴飆罵，對此，不只大樓管理員面回應，丁特也提出質疑。影片曝光後在網路上瘋狂發酵，丁特竟被住戶以「會影響房價」為由，要求下架影片。(房產雲 / 2020-11-22 20:57),,0
ettoday,知名實況主收死亡威脅…「我要讓你死」！丁特怕：館長在附近中槍,https://www.ettoday.net/news/20201029/1842753.htm,2020-10-29 21:19,知名實況主丁特在直播收到一名化名為Pusis Stu的網友留言威脅，內容提到「我要讓你死，丁特，明天不要出門」、「我是真的有這個能力讓大家死」等語，讓他感到非常害怕，也說到自己的家離館長遭受槍擊的地點非常近，所以感到生命遭受威脅。隨後，丁特急call律師到場進行後續處理，也到警局製作筆錄，準備提告。(社會 / 2020-10-29 21:19),,0
ettoday,《亞洲電子競技公開賽》完美落幕 「華哥愛蹦迪」抱走總冠軍,https://www.ettoday.net/news/20200902/1799595.htm,2020-09-02 17:48,由新北市政府指導，鍇睿行銷主辦，賽事指定處理器Intel與中國信託商業銀行大力贊助舉辦的《亞洲電子競技公開賽》，歷經兩個月的漫長精彩線上賽事後，在8月30日新北市民廣場舉辦了一連三天的總決賽。(電競 / 2020-09-02 17:48),,0
ettoday,面對整團菁英的精神病友們 K成為退役選手實力考驗的最後一道防線,https://www.ettoday.net/news/20200725/1769218.htm,2020-07-25 15:10,超負荷與一群實況主們組成的「吃藥吧 病友會」，團員幾乎都曾經上過菁英，但現在僅ADC冠緯與JG阿逼有菁英，其餘身手都略有退化，他們在八強賽中面對LSC的大同大學「TTUES」，算是牛刀小試，該有的水準都有打出來，很輕鬆的直落二拿下。(電競 / 2020-07-25 15:10),,0
ettoday,《2020亞洲盃》白銀神鱒區星光四溢 內有統神、湯米、超負荷與世界冠軍MiSTakE,https://www.ettoday.net/news/20200724/1768555.htm,2020-07-24 15:53,不得不說這隊真的是挺牛逼的呀，我指的是名氣部分，有鼎鼎大名的主播「湯米」、知名實況主「GY祥」、JT經理且打過職業的「Enzz」、去年就一起參加比賽的素人「暴衝菇菇」，最後還有我們實況界的活化石「統神」，但實力的話就不好說了，前菁英第六如今只能打打白金，我這7年統粉也感到心酸R。(電競 / 2020-07-24 15:53),,0
ettoday,Toyz挨轟未表態！他親上火線：成就不是香港給我的 網友怒爆要退訂,https://www.ettoday.net/news/20200528/1724309.htm,2020-05-28 07:58,「港版國安法」的推出備受爭議，如今這把火也燒到知名電競直播主Toyz（劉偉健）身上。來自香港的他因沒有公開表態引起不少人不滿，他本人對此回應稱，「我堅持到今日的一切都不是香港這地方給我的」、「真的是很抱歉無法成為你們心中的聖人，慢走不送」。消息一出，大批香港網友怒喊要「退訂Toyz」。(網搜 / 2020-05-28 07:58),,0
ettoday,拉糖「八家將」栩栩如生 台灣學生參加IKA國際廚藝賽穿金戴銀,https://www.ettoday.net/news/20200305/1660281.htm,2020-03-05 13:33,大同技術學院烘焙管理系勇奪德國「IKA奧林匹克廚藝大賽」2金2銀，由以拉糖技術做出微妙微俏的八家將造型相當驚艷，也獲得此次金牌獎。(生活 / 2020-03-05 13:33),,0
ettoday,台北電玩展人氣超夯 各大廠商爭搶電競玩家紅包錢,https://www.ettoday.net/news/20200116/1627246.htm,2020-01-16 17:23,每年的台北電玩展人氣強強滾，除了台日韓遊戲業者大手筆參展外，今年更吸引不少電競業者參加，除了去年就參展的華碩之外，今年還增加了微星、技嘉等業者，大家都想趁著農曆年後的機會，多搶點電競玩家的紅包錢。(遊戲 / 2020-01-16 17:23),,0
ettoday,2020台北電玩展開幕在即 玩家區展區平面圖亮相,https://www.ettoday.net/news/20200116/1626856.htm,2020-01-16 11:32,受全球矚目的遊戲盛會「台北國際電玩展(以下稱台北電玩展；Taipei Game Show)在日前舉行展前記者會，現場公布最新會場平面圖，並邀請台灣遊戲產業振興會、MADHEAD、台灣萬代南夢宮娛樂、SEGA Games、網石公司(Netmarble Corporation)、傑仕登、台灣索尼互動娛樂聯合發表最具亮點的展出陣容。今年主題「Game To Gather」強調透過「遊戲」可以連結彼此感情，傳達出只要按下開始鍵就能跨越界限，串起所有人的情誼，主辦單位也同步推出八隻個性迥異、有著不同遊戲喜好的代表小(遊戲 / 2020-01-16 11:32),,0
ettoday,初一玩到初六！徜徉林木7個人氣景點 到這還能領「豬豬1元復始」,https://www.ettoday.net/news/20190205/1365158.htm,2019-02-05 07:42,今年農曆年有9天假期，林務局特別嚴選台灣各地好玩、有趣的國家、平地森林遊樂區，及林業文化園區、生態教育館和自然步道等，除走出戶外迎春吸收芬多精，還要讓不只小孩玩的開心，大人也能一同享樂。(生活 / 2019-02-05 07:42),,0
ettoday,《荒野亂鬥》百人爬盃賽2/22開打 丁特、懶貓等多名實況主參戰,https://www.ettoday.net/news/20190126/1366710.htm,2019-01-26 23:16,Supercell 旗下即時對戰射擊手機遊戲《荒野亂鬥》宣布與 Twitch 合作舉辦《荒野亂鬥百人爬盃賽》活動， 並且今日在台北電玩展展開特別宣傳。 (遊戲 / 2019-01-26 23:16),,0
ettoday,新北電競基地首辦冬令營 西門等資深選手談電競,https://www.ettoday.net/news/20190123/1363942.htm,2019-01-23 17:30,新北電競基地首度舉辦的「英雄聯盟冬令營」於昨(22)日正式登場，除知名實況主丁特、主播KH現身分享親身經驗及帶領學員實戰體驗外，今(23)日營隊更安排英雄聯盟傳奇人物西門夜說、小夜夜現場指導遊戲技巧及說明職業選手培訓歷程，新北市副市長吳明機也特別到場與學員一同感受電競的無窮魅力。(遊戲 / 2019-01-23 17:30),,0
ettoday,2019台北國際電玩展《TGS電競星光大道》火熱開戰,https://www.ettoday.net/news/20190119/1360799.htm,2019-01-19 18:35,2019年台北國際電玩展（以下稱電玩展）引領全球電競熱、打造全民電競平台，首度與智冠旗下一帆數位合作推出《TGS電競星光大道》已熱鬧開打，決賽將於1月25至28日玩家區展出期間進行。(遊戲 / 2019-01-19 18:35),,0
ettoday,《天堂M》龍鬥士開放事前登錄 首座陸上摩天3D水幕秀TGS登場,https://www.ettoday.net/news/20190117/1358348.htm,2019-01-17 13:55,遊戲橘子代理韓國遊戲大廠NCSOFT開發的跨世代手遊鉅作《天堂M》，宣布全新職業「龍鬥士」即將登場！並於今(16)日中午12點全面於官網開放預先登錄。 (遊戲 / 2019-01-17 13:55),,0
ettoday,聖結石把HowHow Bang不見！《英雄聯盟》實況主創作者大亂鬥,https://www.ettoday.net/news/20180915/1259503.htm,2018-09-15 13:30,《英雄聯盟》夏季冠軍賽即將於今（9/15）日下午開戰，在夏季決賽之前，中午首先登場的是「超新星大亂鬥」，分別由聖結石、HowHow領軍互相對抗。(遊戲 / 2018-09-15 13:30),,0
ettoday,《英雄聯盟》超新星大亂鬥 9/15 臺北和平籃球館免費入場,https://www.ettoday.net/news/20180827/1245330.htm,2018-08-27 20:18,《英雄聯盟》七週年活動「超新星大亂鬥」將於 9/15（六）上午 11：30在臺北和平籃球館開戰，由聖結石率領菜喳、鳥屎、八毛、阿民，攜手對抗由 HowHow 與廉傑克曼、小六、丁特、阿憲組成的HowHow 隊。(遊戲 / 2018-08-27 20:18),,0
ettoday,陳一新／強人政治當道 川普失言髮夾彎護體,https://www.ettoday.net/news/20180719/1216326.htm,2018-07-19 13:54,「普普會」後，美國總統川普失言說「沒有理由相信俄國曾介入2016年美國總統大選」，引來兩黨和媒體撻伐，事後承認講錯話，但也未對他造成重創。讓我們從川普屢次得罪他國領導人的有趣歷史審視其強人作風，這次風暴，怎又能船過水無痕了呢？(論壇 / 2018-07-19 13:54),,0
ettoday,《決戰 平安京》S1賽季開打！摸史、Bebe、球z明星交流賽5/5登場,https://www.ettoday.net/news/20180504/1163277.htm,2018-05-04 18:42,以陰陽師為背景的和風創新MOBA手機遊戲作品《決戰！平安京》，遊戲已於日前正式上架雙平台，官方透露將在 5/5 晚點 8 點邀請MiSTakE、Bebe、Lilballz、Stanley、GodJJ組成明星隊，與實況主進行交流賽，同時遊戲 S1 賽季也於即日起正式開打。(遊戲 / 2018-05-04 18:42),,0
ettoday,墨西哥警局超扯！ 185名警察有113人是冒牌貨,https://www.ettoday.net/news/20180504/1162755.htm,2018-05-04 12:24,墨西哥檢察官日前突襲檢查中部城市聖馬丁特斯梅盧坎（San Martin Texmelucan）的警察總部，發現一件奇怪的事，185名警察中竟有113名是假警察。(國際 / 2018-05-04 12:24),,0
ettoday,普丁譴責西方空襲 美將續採經濟制裁對抗化武,https://www.ettoday.net/news/20180416/1151477.htm,2018-04-16 21:50,俄羅斯總統普丁（Vladimir Putin）15日警告，西方若進一步攻擊敘利亞，將使世界局勢陷入混亂；美國則準備以新的經濟制裁對俄羅斯加大施壓。(國際 / 2018-04-16 21:50),,0
ettoday,農民節、香丁節活動 黃健庭宣佈百萬元購冷藏設備,https://www.ettoday.net/news/20180312/1128280.htm,2018-03-12 00:01,由台東縣東河鄉農會辦理的「107東河鄉農民節暨晚崙西亞香丁節活動」，10日上午9時30分起在東河鄉北源村農會梅子加工廠登場，吸引上千遊客參與，將會場擠的是水洩不通，產區各農友將自己所生產的香丁擺出吸引遊客採購，縣長黃健庭應邀參與，並宣佈縣府將補助農會100萬元購置冷藏、冷凍設備，希望能延長香丁賞味期。(地方 / 2018-03-12 00:01),,0
ettoday,四大實況主齊聚！《鳳梨不累》年前團聚遊戲趴今晚開玩！,https://www.ettoday.net/news/20180209/1111487.htm,2018-02-09 17:41,由《ETtoday》製播，知名Youtuber Joeman（九妹）與知名實況主解婕翎所主持的實況節目《鳳梨不累 Online Play》將於今（2/9）日晚間9時播出，今晚知名實況主丁特、Sandy、瑀熙、咪妃將同時來到節目上，在跨年前一起進行分組比賽。(遊戲 / 2018-02-09 17:41),,0
ettoday,《天堂2：革命》現身電玩展 實況主丁特、小葵與玩家同台較勁,https://www.ettoday.net/news/20180128/1102462.htm,2018-01-28 22:58,網石遊戲旗下 MMORPG 手機遊戲《天堂2：革命》，在 1 月 27 日台北電玩展的舞台活動當中，特別邀請名氣實況主丁特、小葵到場與玩家同樂，上演討伐 BOSS 大戰和衝裝比賽，而官方也同時在下午舉辦的《天堂2：革命》Google Play 英雄盛會當中，更將遊戲中的骰子活動實體還原，與玩家大玩擲骰子送獎勵。(遊戲 / 2018-01-28 22:58),,0
ettoday,Mr.七、蘋果妹慶萬聖節！PK林芯儀海帶拳、驚嚇半裸丁特,https://www.ettoday.net/news/20171101/1042590.htm,2017-11-01 00:17,不給「贏」就搗蛋！網路歌手Mr.七（Seven）、蘋果妹Applemei為了慶祝萬聖節，利用簡單材料準備「無臉男」和「馬來貘」套裝，隨後與歌手林芯儀來場海帶拳PK，也默默潛入《英雄聯盟》電競選手的家中，驚嚇半裸熟睡的丁特！Mr.七表示，「為了讓萬聖節充滿驚喜，所以計畫與以往不同的的活動。」(生活 / 2017-11-01 00:17),,0
ettoday,統神遭實況主「集體暗酸」 解婕翎親自打電話道歉了,https://www.ettoday.net/news/20171017/1033357.htm,2017-10-17 20:19,女星解婕翎外型甜美，是許多電玩實況節目的主持人，平時常在社群網站分享生活點滴的她，15日和一大群實況主聚會時，也開啟實況直播，不料，幾段與知名電競主播Joeman（九妹）及Dinter（丁特）的對話，卻被指疑似暗酸亞洲統神（張嘉航），此舉引來統神粉絲不滿，事後，她也發文並去電正式向對方道歉。(影劇 / 2017-10-17 20:19),,0
ettoday,芹仁放閃不顧旁人！王仁甫看季芹的眼神「充滿愛」,https://www.ettoday.net/news/20171014/1031350.htm,2017-10-14 14:20,中視《飢餓遊戲》日前錄製一週年特別企劃，主持人王仁甫與來賓老婆季芹兩人在錄影過程中打情罵俏不說，即便眾人頻頻故意挖坑讓王仁甫醋勁大發，但他看老婆的「眼神」卻完全騙不了人，難怪被說「芹仁放閃都不顧旁人」！(影劇 / 2017-10-14 14:20),,0
ettoday,丁特上節目聊「墮胎事件」遭女方打臉 主持人慘被網友炮轟,https://www.ettoday.net/news/20171002/1023701.htm,2017-10-02 16:09,世界大賽賽前不寧靜！前《英雄聯盟》HKE 戰隊選手 Dinter 再引熱議。Dinter 在網路節目自爆兩年前的墮胎事件引發網友話題，然而卻遭到當事人女方貼出醫療紀錄打臉，呼籲「某人也請不要再自欺欺人」。而節目主持人 Joeman 也在一時之間成為眾矢之的，透過個人 Facebook 發文澄清當時節目錄製過程中的狀況，並且公開表示對男女雙方感到抱歉。(遊戲 / 2017-10-02 16:09),,0
ettoday,一開房門…三貓衝上床「蹂躪被被」 阿嬤心疼：想媽咪了齁,https://www.ettoday.net/news/20170916/1012343.htm,2017-09-16 17:56,「早上房門一開，阿孫們全部衝上床找被被。」網友「晴天」一早打開房門，3隻貓孫「黑甘蔗」、「柑仔」及「柳丁」就跳到床上狂踩棉被，然而這可愛的模樣背後卻藏著讓人心酸酸的故事。(寵物動物 / 2017-09-16 17:56),,0
ettoday,逃跑時滑倒被卡車輾過！ 搶匪脊椎碎裂、大腿「一字馬」慘死,https://www.ettoday.net/news/20170915/1011293.htm,2017-09-15 08:45,墨西哥普埃布拉州日前發生一起警匪追逐意外，一名搶匪持槍在加油站劫走一輛卡車，眼見要被警察追上，他試圖跳車逃逸卻不小心滑倒，下半身被卡車輾過血肉模糊，呈現詭異的「一字馬」狀態。(國際 / 2017-09-15 08:45),,0
ettoday,《天堂2》人氣實況主聯手直播要塞戰 官方預告將曝重大消息,https://www.ettoday.net/news/20170818/991994.htm,2017-08-18 14:10,網石遊戲旗下手機遊戲《天堂2：革命》，官方於 8 月 18 日宣布將邀請人氣實況主以及官方小編共同直播今晚要塞戰的精彩戰況，其實況主陣容包含：丁特、Denka、懶貓和小葵等等。官方更預告將會在今晚的直播節目當中，搶先公開遊戲的重大消息。(遊戲 / 2017-08-18 14:10),,0
ettoday,阿嬤輕捧小浪橘怕吵醒 收編後發現2年前櫃子藏「緣分」,https://www.ettoday.net/news/20170810/985988.htm,2017-08-10 14:12,有嬤的孩子像個寶！網友晴天分享，3個月前她收編尚未滿月的浪貓3兄弟，對其中特別瘦小的「小柳丁」更是捧在手掌心照顧。神奇的是，把「貓孫們」接回家後，晴天才發現2年前購買的櫃子上就印著3隻花色一模一樣的小貓，讓她驚嘆「真的是緣分。」(寵物動物 / 2017-08-10 14:12),,0
ettoday,俄國廠商推訂製3310神機 竟找普丁、川普合體？,https://www.ettoday.net/news/20170707/961643.htm,2017-07-07 18:34,手機鑲金戴銀不稀奇，能夠一次獲得兩位強國總統的保佑才是狂，近期俄羅斯手機訂製商 Caviar 推出純金與強化鈦打造的 Nokia 3310、iPhone 7，並在機背鑲嵌美國總統川普與俄羅斯總統普丁的肖像，話題性可說相當十足。(3C家電 / 2017-07-07 18:34),,0
ettoday,高雄超夢幻手工彩色冰磚 4種口味一次滿足！,https://www.ettoday.net/news/20170606/936740.htm,2017-06-06 10:00,冰果甜心 嚴選新鮮自然食材製作料理，提供獨創特色美食。店內不僅有夢幻漂亮的手工冰磚，也有燉飯、義大利麵等餐點。來這裡可以品嚐到鹹食及甜食，享受舒適的用餐氛圍，下次到大魯閣草衙道逛逛走走，不妨就約在冰果甜心約會聚餐吧！(旅遊 / 2017-06-06 10:00),,0
ettoday,丁特、九妹拋開羞恥心 大講笑話露齒無下限,https://www.ettoday.net/news/20170515/924760.htm,2017-05-15 17:30,66666～人氣實況主丁特要來拉！上次差點把殺梗整得不成人形 這次除了要聽丁特Dinter說故事之外，好像也準備了新玩具要好好的來伺候丁特呢！ 鳳梨當家九妹這次也會和丁特來個PK賽，挑戰九妹最擅長的吃東西！！（根本贏定了） 不過可是要蒙著眼睛玩！(遊戲 / 2017-05-15 17:30),,0
ettoday,立志從政改變台灣！亞洲統神大談司法素質太低,https://www.ettoday.net/news/20170301/875374.htm,2017-03-01 10:20,如果要從近年來的電玩實況熱潮中找出最具代表性的人物，我想大多數人腦海裡都會浮現出「亞洲統神張嘉航」這個名字，無論以實況熱度、粉絲人數、新聞版面到爭議事件，統神都名列前茅，而他的出身與外貌也重新跟世人定義了何謂「網紅」。(遊戲 / 2017-03-01 10:20),,0
ettoday,俄辣模玩命...僅靠手臂懸空高塔拍爆奶照 嚇瘋一票網友！,https://www.ettoday.net/news/20170216/867756.htm,2017-02-16 15:30,全世界的人對拍照都有一種莫名的著迷，在社交網站興起後，更還要挑戰無人能及的拍照手法、尋找最狂的拍照地點。俄羅斯23歲的火辣女模歐丁特柯娃(Viki Odintcova)完美詮釋出「戰鬥性格」竟跑到306公尺高的高樓上拍照，雙腳懸空僅靠助理單手抓著，看得令人手心直冒汗。(國際 / 2017-02-16 15:30),,0
ettoday,身價十位數的男人玩電競 HKES戰隊老闆鍾培生專訪,https://www.ettoday.net/news/20170209/863250.htm,2017-02-09 12:48,這10年來，華人電競圈裡不乏一些土豪成立的電競俱樂部、戰隊，但許多都是玩票性質，往往出資方對於電競的熱誠消失後，資金跟支援都快速抽走，而香港電子競技戰隊（HKE）甫成立時，也被外界唱衰，認為不過是曇花一現，然而這一路走來四年了，雖然過程有些風雨，但HKE仍屹立不搖(遊戲 / 2017-02-09 12:48),,0
ettoday,墾丁小漁港旁的海鮮店 吃得到活的小龍蝦！,https://www.ettoday.net/news/20161206/823348.htm,2016-12-06 17:00,「愛玉活海產」在紅柴坑小漁港港口旁，這轉角的位置肯定不容易錯過！這天我們和梅花鹿玩耍後就來吃海鮮，所以抵達是我們是第一組客人，離開時整間店快客滿，店員有年紀大點的阿姨也有小女孩，介紹菜色很客氣，不會讓人覺得有「硬塞」的感覺！重點超有耐性、超親切的！(旅遊 / 2016-12-06 17:00),,0
ettoday,小便斗會吸人、別人上廁所潑水 屁孩的20種神煩舉動！,https://www.ettoday.net/news/20161128/819435.htm,2016-11-28 11:26,屁孩行徑何其多，往往讓人啼笑皆非，在臉書擁有高人氣的網路紅人團體「頑GAME」近日拍攝一支新作品，探討「2016年小屁孩都會做的事」，近10分鐘的影片內描述20種屁孩舉動，超爆笑內容引發網友討論。(生活 / 2016-11-28 11:26),,0
ettoday,直擊《LOL》HKE、FW與JT！丁特：香港的寶可夢比台灣多,https://www.ettoday.net/news/20160822/760326.htm,2016-08-22 14:54,在香港亞洲博覽館舉辦的 2016《英雄聯盟》LMS 夏季總決賽過後，HKES、閃電狼與 J Team 等三支隊伍一同前往 2016 香港電腦通訊節現場與粉絲見面，面對香港粉絲的趣味疑問，現場選手有問必答，當中 HKES 丁特提到台灣，直說：「台灣Pokemon GO的怪很多」。(遊戲 / 2016-08-22 14:54),,0
ettoday,《英雄聯盟》LMS夏季季後賽首戰ahq三戰全勝，明戰FW,https://www.ettoday.net/news/20160817/757409.htm,2016-08-17 18:31,《英雄聯盟》2016 Garena LMS夏季季後賽台北站，第一天的賽事稍早落幕，首場由戰績名列第３、4 名的 ahq 與 HKES 對決，最後由 ahq 三連勝 HKES ，預計明天續留台北站，跟閃電狼 FW 爭奪台北站冠軍。(遊戲 / 2016-08-17 18:31),,0
ettoday,《英雄聯盟》LMS夏季季後賽台北站ahq首戰先奪一勝,https://www.ettoday.net/news/20160817/757258.htm,2016-08-17 16:18,《英雄聯盟》2016 Garena LMS夏季季後賽台北站，稍早開戰，首場由戰績名列第３、4 名的 ahq 與 HKES 對決，獲勝隊伍可以跟閃電狼 FW爭奪台北站冠軍，並取得與香港 J Team 一起爭奪LMS夏季賽冠軍，獲勝隊伍可以獲得參加世界賽、新台幣150萬元獎金，以及年底世界大賽當中，LMS賽區的第一種子的無上資格。(遊戲 / 2016-08-17 16:18),,0
ettoday,冰的披薩你吃過嗎？滿滿草莓、芒果墾丁吃得到,https://www.ettoday.net/news/20160718/736928.htm,2016-07-18 15:00,每到夏天我要去海邊、去海邊...。提到海邊我第一個會聯想到的是不輸國外的「墾丁」，但論起墾丁美食吃來吃去又就那幾樣美味的特色小吃。有時想找間像台北一樣舒服的環境一邊喝酒一邊吃飯，又總是不習慣那裡餐廳的味道。幸好，現在這個問題得到解決，那就是得知台北我最愛的披薩店，居然在墾丁也有分店耶!(旅遊 / 2016-07-18 15:00),,0
ettoday,【ET晚報】逆子弒母案 兇手抱死者進電梯驚悚影像曝光,https://www.ettoday.net/news/20160524/704122.htm,2016-05-24 18:30,割頸弒母！　逆子友抱死者進電梯驚悚影像曝光 新北市新莊區向姓少年弒母案震驚社會，警方調查，少年向母親索討6萬元不成，竟夥同李姓少年痛毆母親，再以利刃割頸致死；誇張的是，李姓少年事後抱意識不清的向母搭電梯，似乎完全不怕引人注意。【貼心提醒】完整報導請點閱下方「推薦閱讀」。(ET來了 / 2016-05-24 18:30),,0
ettoday,直播講笑話被告侵「著作權」 英雄聯盟選手丁特獲不起訴,https://www.ettoday.net/news/20160524/704084.htm,2016-05-24 17:00,線上遊戲《英雄聯盟》(LOL)職業電競選手丁特（Dinter）去年在網路直播平台講笑話，內容提到的「JULI倫比Julia還會演」被一名聲稱是「笑話著作者」的網友認為侵權，以違反《著作權法》控告丁特。士林地檢署偵辦後認為，該笑話是對公眾人物的諷刺，並由諧音轉化，難認定有原創性及最低創作高度，不受著作權法保護。(遊戲 / 2016-05-24 17:00),,0
ettoday,丁特半夜打LOL太吵 鄰居怒報警：打不好繼續練不用譙,https://www.ettoday.net/news/20160215/647725.htm,2016-02-15 16:48,LOL玩家丁特(Dinter)1月底才因「講笑話」被自稱原創的網友提告，14日深夜又因玩LOL太吵，讓鄰居憤而報警，讓警方上門關切近半小時才離去，而整個勸導過程因丁特的遊戲直播全被轉播出去。(生活 / 2016-02-15 16:48),,0
ettoday,講「JULI倫」笑話被告盜版 Dinter自嘲：生涯成就達成,https://www.ettoday.net/news/20160204/643568.htm,2016-02-04 12:30,分享網路笑話竟要小心被告！電競遊戲《英雄聯盟》HKES戰隊職業電競選手丁特(Dinter)2015年在實況遊戲中和網友分享一則笑話，「你們知道誰比Julia（日本AV女優）還會演？那個人叫做JULI倫」，沒想到卻遭自稱是笑話原創者提告。(生活 / 2016-02-04 12:30),,0
ettoday,誰比Julia還會演？ LOL玩家丁特分享笑話竟挨告,https://www.ettoday.net/news/20160204/643628.htm,2016-02-04 11:59,又有《英雄聯盟》玩家挨告，HKES戰隊職業電競選手丁特（Dinter）去年開實況時分享笑話，結果遭一名自稱是該笑話「創作者」的控告他涉犯《著作權法》。 (社會 / 2016-02-04 11:59),,0
ettoday,Twitch公開超過60位實況主見面會名單 29日電玩展登場,https://www.ettoday.net/news/20160119/633410.htm,2016-01-19 10:00,今年的 Twitch 有備而來，集結超過 60 名知名實況主，幾乎每一個都身懷絕技，從話題性十足的統神、鳥屎、丁特、六嘆、MiSTakE，到人氣十足的天菜娘娘、開水小姐、LuLu魯魯、Hafu 等，就連「Taiwan No.1」Angry Pug 都特別從國外請來一同參戰。(遊戲 / 2016-01-19 10:00),,0
ettoday,子瑜不需道歉！ LOL韓選手：台灣人舉中國國旗才奇怪,https://www.ettoday.net/news/20160117/632443.htm,2016-01-17 12:27,南韓女團「TWICE」台籍成員周子瑜，因為在節目中揮舞中華民國國旗被黃安瞎指為「台獨」，大陸網友更是群起撻伐，揚言抵制經紀公司旗下所有藝人，導致子瑜最後被JYP要求念聲明稿道歉，此舉引起台灣人的心疼和不滿，連韓籍電競選手Olleh也不能理解，他認為「台灣人拿中國國旗才奇怪。」(生活 / 2016-01-17 12:27),,0
ettoday,《英雄聯盟》LMS明星賽 十大人氣選手大亂鬥笑翻粉絲,https://www.ettoday.net/news/20151128/604950.htm,2015-11-28 23:07,《英雄聯盟》在本週舉辦了首次的全明星週末，第二日由玩家票選的十名選手出場，分別是AHQ的Ziv、An、Westdoor、Albis，閃電狼的Maple、Karsa、HKES的Dinter、Stanley、Olleh、以及甫重回TPA的Bebe，十位選手分別出場，還拋出了手上的玩偶給玩家。(遊戲 / 2015-11-28 23:07),,0
ettoday,電競圈再傳性醜聞 AHQ戰隊綠茶：「對不起，我錯了」,https://www.ettoday.net/news/20151119/599661.htm,2015-11-19 14:11,電競圈再傳偷吃，在丁特被爆料射後不理之後，有網友於18日在批踢踢（PTT）發文表示，網友看不下去AHQ戰隊「綠茶」表面裝清流私下卻劈腿偷吃女學生，並顯示多張兩人露骨的LINE對話紀錄。綠茶於19日在自己的粉絲團上發文道歉。(遊戲 / 2015-11-19 14:11),,0
ettoday,小三懷孕置之不理？電競選手丁特道歉：不夠成熟,https://www.ettoday.net/news/20151108/593480.htm,2015-11-08 20:12,職業電競選手薛弘偉經常在網路上分享電玩技巧，因此擁有大批粉絲，還被粉絲暱稱為「丁特」，但他被人在網路上揭發他在有女朋友的狀況下，讓女粉絲懷孕，讓女粉絲的朋友看不下去，在網路上PO出他與小三的對話，事件爆發後，薛弘偉在實況台開台向粉絲道歉，道歉過程也被側錄下來PO上網路。(地方 / 2015-11-08 20:12),,0
ettoday,HKEs丁特遭爆「射後不理」 未眠實況歉：我傷害2個女生,https://www.ettoday.net/news/20151107/593204.htm,2015-11-07 22:44,HKEs打野選手丁特（Dinter；本名薛弘偉）6日遭爆「射後不理」，有網友在LOL板上痛訴某H電競戰隊打野選手玩弄自己朋友感情，除了劈腿外，甚至將女方搞大了也不想負責，讓他痛罵根本「台服菁英又怎樣？根本現實垃圾」。對此，丁特在實況台上坦承自己傷害了兩位女生，接下來會暫停實況、勇敢面對。(遊戲 / 2015-11-07 22:44),,0
ettoday,HKES丁特友人打LOL巧遇周杰倫 倆人對話網友笑翻,https://www.ettoday.net/news/20151103/590439.htm,2015-11-03 16:03,你們有想過一起打電玩的同隊戰友可能是個大明星？HKES戰隊成員丁特朋友某天遇到一個GANK到哪死到哪的易大師，起初不知是周杰倫，更語出驚人：「我只是懶了嘴你們這群廢物而已」，之後發生了一連串讓該菁英朋友後悔一輩子的爆笑事件。(遊戲 / 2015-11-03 16:03),,0
ettoday,少女心噴發！以火龍果、紅麴入菜的超萌「粉紅色」料理,https://www.ettoday.net/news/20151013/577606.htm,2015-10-13 10:00,來，少女們請尖叫！看到這粉紅色料理簡直讓人想立刻、馬上擁有它XD虎麗初見它時也驚呼了許久～～ 其實任性中西餐坊使用紅龍果和紅麴入菜才會粉紅粉紅啦！所有食材都沒有多餘添加，可以吃得很安心 ★★★(旅遊 / 2015-10-13 10:00),,0
ettoday,不懂尊重只為好玩？ 美高中生集體玩「解剖用貓大體」,https://www.ettoday.net/news/20150513/506252.htm,2015-05-13 21:25,高中時期的瘋狂舉動，會留下許多美好的回憶，但什麼該做、什麼不該做應該要懂得適當拿捏！美國善待動物組織（PETA）12日在影音平台上公布一段影片，內容是一群高中生穿著實驗服，手拿解剖用貓大體跳舞的畫面，PETA直批這個行為相當侮辱動物。(國際 / 2015-05-13 21:25),,0
ettoday,奈德麗性感現身！專訪電競與COS雙棲正妹「森野葉子」,https://www.ettoday.net/news/20150306/474245.htm,2015-03-06 11:05,森野葉子，幾乎可以說是英雄聯盟中角色奈德麗的 Cosplay 經典代表，一襲野性的裝扮在展出之時造成了不小轟動。現在除了本身的 Cosplay 活動之外，葉子同時還是英雄聯盟電競職業隊伍 HKES 的一員，也參與過微電影與不少宣傳活動的演出。現在，讓我們來看看這位奈德麗化身在現實中的故事吧。(遊戲 / 2015-03-06 11:05),,0
ettoday,新‧台北暗殺星首戰SGS 是英雄還是時代的眼淚？,https://www.ettoday.net/news/20130703/235444.htm,2013-07-03 16:15,6月30日，Toyz(劉建偉)和Stanley(王榮燦)決定離開AZUBU台北暗殺星(AZUBU TaipeiAssassins，簡稱AZB TPA)，令不少粉絲心碎(包括我在內)，納入新成員的TPA，禮拜五就要在GPL夏季賽出戰新加坡先鋒隊，他們除了要展現實力外，也必須證明自己還保有吸引玩家支持的魅力，否則網路上的負面聲浪只會繼續延燒。(論壇 / 2013-07-03 16:15),,0
ettoday,台新金控(2887) 本公司公告董事會決議分派普通股股利,https://www.ettoday.net/news/20130425/197789.htm,2013-04-25 18:28,台新金控(2887) 本公司公告董事會決議分派普通股股利(財經 / 2013-04-25 18:28),,0
ettoday,全台十大青年旅店 小錢享受台灣美景,https://www.ettoday.net/news/20130326/182617.htm,2013-03-26 19:12,住好旅館一定要花大錢嗎？針對價格、網路評價、交通位置、環境清潔、飯店特色等元素，台灣網站yam蕃薯藤日前挑選出台灣十大青年旅店，價格皆在單人一晚1000元以下，且具有獨特人文及美景，提供給背包客參考。(旅遊 / 2013-03-26 19:12),,0
