ettoday,赴陸拚命工作「老闆給多少錢」？ 陳子璇親揭真相不藏了,https://www.ettoday.net/news/20211025/2108736.htm,2021-10-25 10:12,「補教天后」陳子璇2020年11月坦承離婚，和前補教名師高國華結束9年婚姻，恢復單身至今約1年時間，她仍經常透過社群網站分享生活點滴，近來面對外界好奇「老闆給你多少報酬」？她也鬆口寫下真心話。(影劇 / 2021-10-25 10:12),,0
ettoday,1年前被陳時中稱讚！ 正妹女記者「破尺度解放比基尼」現澎湖海邊,https://www.ettoday.net/news/20211025/2108647.htm,2021-10-25 09:02,因應新冠肺炎（COVID-19）肆虐，中央流行疫情指揮中心幾乎每天都會召開記者會。去年3月，指揮官陳時中面對一名女記者提問，曾難得鬆口稱讚「這個問題很好」，事後該名女記者被起底是年代新聞的劉一璇，甜美外型獲得外界關注，近來罕見曬出比基尼辣照，再度掀起網友熱議。(影劇 / 2021-10-25 09:02),,0
ettoday,紅髮艾德確診「上周同台Coldplay」！ 近距離合唱畫面曝光,https://www.ettoday.net/news/20211025/2108634.htm,2021-10-25 08:33,英國歌手紅髮艾德（Ed Sheeran）台灣時間25日凌晨發文表示，自己的新冠肺炎測試結果為陽性，目前正在隔離中，活動演出也將全面中斷。而他在宣布確診前一個禮拜，曾和英國搖滾天團Coldplay（酷玩樂團）同台演出。(影劇 / 2021-10-25 08:33),,0
ettoday,坤達、柯佳嬿罕同框！直播飆6000人 歐弟驚：這對神鵰俠侶太誇張,https://www.ettoday.net/news/20211025/2108615.htm,2021-10-25 07:39,藝人坤達、柯佳嬿2017年登記結婚，至今相隔約4年時間，感情依舊甜蜜穩定。雙方婚後不時會在社群網站分享夫妻視角，卻鮮少合體放閃，近來罕見在歐漢聲（歐弟）直播中同框，線上人數一度飆破6千人同時朝聖，讓歐弟忍不住驚呼：「太誇張了！」(影劇 / 2021-10-25 07:39),,0
ettoday,台中街頭驚見「超辣豹紋妹」！狂露S曲線 一轉正面「是百萬網紅」,https://www.ettoday.net/news/20211024/2108270.htm,2021-10-24 14:52,網紅小A辣個性直爽搞笑，平時常在社群網站分享生活，近來現蹤台中街頭，火辣打扮吸引不少路人視線停留，超高回頭率讓她不禁笑說：「怎麼一堆男生在看。」(影劇 / 2021-10-24 14:52),,0
ettoday,Ella信義威秀遇強震「天花板掉下來了」 聽見巨響嚇瘋：有小孩大哭,https://www.ettoday.net/news/20211024/2108349.htm,2021-10-24 14:26,今（24日）下午發生規模6.5地震，全台有感，女星Ella（陳嘉樺）也受到不小的驚嚇。她透露，當下人在信義威秀的手扶梯上，「突然後面一聲巨響，店家天花板掉下來了。」現場還有小孩嚇到放聲大哭，她也不禁驚呼：「我真的是嚇瘋了！」(影劇 / 2021-10-24 14:26),,0
ettoday,愛愛被指定動作…突聽見「謎之聲」！ 辣模開燈後怒了：很不尊重,https://www.ettoday.net/news/20211024/2108245.htm,2021-10-24 12:38,台俄混血女模王若熙（舊藝名：王嘉蒂，Rara）外型亮眼、身材高挑火辣，近來上節目大方暢聊房事，分享與過往男友發生性關係時，曾感到「解嗨」的瞬間，其中一次竟是發現男友戴著VR（虛擬實境）做愛，過程中還頻頻傳來「謎之聲」，讓她相當傻眼。(影劇 / 2021-10-24 12:38),,0
ettoday,「本土劇林志玲」遭親近的人批：誰會認出妳來！ IG痛訴受傷心聲,https://www.ettoday.net/news/20211024/2108187.htm,2021-10-24 11:36,女星王晴外型甜美出眾，曾被外界冠上「本土劇林志玲」封號，親民的她，不時會在社群平台分享生活點滴，昨（23日）卻低落吐露心聲，慘遭親近的人言語傷害，更坦言因此感到不太舒服。(影劇 / 2021-10-24 11:36),,0
ettoday,怕陳彥婷冷…老公秒脫外套！「真實原因超幻滅」：有小孩後的現實,https://www.ettoday.net/news/20211024/2108115.htm,2021-10-24 08:44,YouTuber陳彥婷和老公「巨人」去年5月結婚，並於同年10月生下兒子小黃金，時常分享育兒居家生活。近來天氣變冷，夫妻倆外出期間，男方一度將自己外套脫下給她穿，心中頓時冒出粉紅泡泡，豈料丈夫下秒表示「你感冒的話很麻煩，你兒子會被傳染」，說法讓她頓時幻滅、哭笑不得，也勾起大票網友心中共鳴。(影劇 / 2021-10-24 08:44),,0
ettoday,曾莞婷「正臉衝撞鏡頭」傷照曝光痛爆！ 女星一看嚇瘋：天啊,https://www.ettoday.net/news/20211024/2108108.htm,2021-10-24 07:44,女星曾莞婷擁有精緻五官及火辣身材，私底下也常會在社群網站分享日常，怎料近來卻意外受傷，正臉不慎衝撞鏡頭，導致鼻樑上有明顯紅腫傷痕，令不少粉絲看了相當心疼。(影劇 / 2021-10-24 07:44),,0
ettoday,周曉涵拍內衣照「經血突滲出褲褲」！崩潰驚叫衝廁所 結局超暖,https://www.ettoday.net/news/20211021/2105968.htm,2021-10-21 09:22,周曉涵擁有亮眼外型、傲人曲線，除了在戲劇圈闖出好成績，代言活動也接不停。然而，她昨晚（20日）無奈透露，過去每逢拍攝代言照片時，生理期必定準時報到，「這次也不例外」，更慘的是，拍照過程中，經血還意外滲出，她頓時驚叫一聲後衝進廁所，所幸有工作人員的幫忙，她苦嘆：「當女生真不容易呀。」(影劇 / 2021-10-21 09:22),,0
ettoday,男星錄影真實還原「上床激戰過程」！ 女主持人急阻止：好露骨,https://www.ettoday.net/news/20211021/2105957.htm,2021-10-21 08:25,男星馬國賢近來上節目暢聊房事，分享與過往女友發生性關係時，曾經感到「超解嗨」的瞬間。然而，在描述過程中，他形容地十分具體，一度讓主持人之一的Melody（殷悅）急忙阻止：「他講得好露骨。」意外成為錄影間的小插曲。(影劇 / 2021-10-21 08:25),,0
ettoday,野生大蛇丸現蹤台北吃一蘭拉麵！ 用餐畫面曝光：被卡住的感覺,https://www.ettoday.net/news/20211020/2105477.htm,2021-10-20 14:19,網紅團體「狠愛演」雖然已經在2020年宣布解散，但昔日團員私底下仍維持友好交情，其中大蛇丸和胡椒近日還一起外出，到知名拉麵店用餐，畫面曝光後，頓時在網路上掀起極高討論度，不到一天時間就累積超過4.4萬人按讚關注。(影劇 / 2021-10-20 14:19),,0
ettoday,搭捷運「腿間突卡東西」下秒發生限制級情節！Albee嚇傻回家淚崩：好噁心,https://www.ettoday.net/news/20210917/2081931.htm,2021-09-17 15:23,Albee（范乙霏）外貌甜美，同時擁有C罩杯窈窕身材，卻也因此不時會遭到性騷擾，讓她非常無奈，比方說，她有次在捷運忠孝敦化站上車時，適逢附近有在舉辦活動，車廂內擠滿了人，沒想到雙腿之間突然有「卡了一個東西」的感覺，隨後還發現那個東西在動，回頭看才發現是色狼，「第一次遇到我就傻眼！」(影劇 / 2021-09-17 15:23),,0
ettoday,台灣喝喜酒「穿這樣被罵沒禮貌」！她2年不敢再穿…小禎一看：是新娘穿的,https://www.ettoday.net/news/20210917/2081802.htm,2021-09-17 13:59,俄羅斯美女安妮（Annie）在台發展多年，性感健康形象深植人心，卻也因此一度遭到批評，原來她2019年身穿深V開高衩禮服參加哈孝遠的婚宴時，被罵沒禮貌：「以為妳是走紅毯嗎？」事隔近2年，她上節目《今晚開讚吧》解釋，在國外穿得很漂亮才是在意該場婚禮的象徵。(影劇 / 2021-09-17 13:59),,0
ettoday,澎恰恰認「債主增加」錄影碰面超尷尬：多半是演藝人！2.4億還債進度曝,https://www.ettoday.net/news/20210917/2081701.htm,2021-09-17 11:06,澎恰恰欠2.4億元債務一度鬧失聯，後來透過臉書報平安，他表示只是一時情緒性發文，而網紅連千毅決定伸援手，開出年收超過2000萬的直播合約，但就在對方宣布將正式合作之際，他16日晚間緊急發聲明強調仍在考慮中，並決定在17日現身說明近況。(影劇 / 2021-09-17 11:06),,0
ettoday,快訊／打臉連千毅合作協議！ 澎恰恰首現身：這件事一直都沒談成,https://www.ettoday.net/news/20210917/2081592.htm,2021-09-17 10:55,澎恰恰欠2.4億元債務一度鬧失聯，後來透過臉書報平安，他表示只是一時情緒性發文，而網紅連千毅決定伸援手，開出年收超過2000萬的直播合約，但就在對方宣布將正式合作之際，他16日晚間緊急發聲明強調仍在考慮中，並決定在17日現身說明近況。(影劇 / 2021-09-17 10:55),,0
ettoday,吳尊：終於等到中國疫苗！「全家做出這個選擇」2原因曝：華人很強大,https://www.ettoday.net/news/20210917/2081634.htm,2021-09-17 10:14,吳尊8月在微博透露汶萊本來已經1年多沒有確診案例，但因為當周疫情突然再度爆發，當局馬上決定開始封城，事隔約1個月，他發文宣布好消息：「疫苗搞定！終於有機會等到中國的疫苗。」PO出夫妻穿著防護裝的合照，他興奮坦言已經接種完兩劑疫苗。(影劇 / 2021-09-17 10:14),,0
ettoday,狄鶯不忍了！「下衣失蹤」悼龍劭華挨譙 PO照反擊：人有嘴不一定有腦,https://www.ettoday.net/news/20210917/2081546.htm,2021-09-17 08:59,狄鶯最近在社群網站PO出的一系列長輩圖，引起網友的高度討論，但龍劭華離世隔天，她上傳一張身穿黑衣、下身失蹤的辣照當底圖，儘管哀悼文寫著「抱歉，今天為前輩龍劭華哀悼1日，一路好走」，部分網友仍認為很不得體，即使沒有正面回應，但她17日似乎藉由「早安圖」反擊了！(影劇 / 2021-09-17 08:59),,0
ettoday,Angelababy被拍到擁吻賴冠霖！海邊背後抱親密戲曝…網：期待這對姐弟戀,https://www.ettoday.net/news/20210917/2081524.htm,2021-09-17 08:31,Angelababy（楊穎）與黃曉明結婚5年多，儘管從2019年就開始頻頻傳出婚變，她仍積極發展演藝事業，接拍電視劇、參加綜藝節目樣樣來，格外引起討論的是，賴冠霖從背後抱住她的吻戲路透照在16日一曝光，立刻掀起大批粉絲熱議：「開始期待這對姐弟戀了！」(影劇 / 2021-09-17 08:31),,0
ettoday,大蛇丸宣布重要公告！節食1個月「身體出現2明顯變化」：真的有差,https://www.ettoday.net/news/20210916/2080743.htm,2021-09-16 10:51,YouTuber團體「狠愛演」擁有160萬追蹤者，卻在2020年突然宣布停更，消息震驚大票粉絲，所幸成員們依舊各自活躍，仍常在社群網站分享生活點滴。大蛇丸15日便上傳一支「有史以來最大最重要的公告」的影片坦言，已經默默節食一個多月了，身體明顯出現兩種變化，讓他忍不住驚呼：「真的有差！」(影劇 / 2021-09-16 10:51),,0
ettoday,最重量級嘉賓！大蛇丸「我誰～」球員也噴笑 網：聽到都快腦充血,https://www.ettoday.net/news/20210913/2078106.htm,2021-09-13 10:39,中信兄弟與統一獅昨（12日）在高雄澄清湖球場開打，邀請到鄉土味十足的網紅「大蛇丸」開球，他一出場就彷彿吉祥物逗得眾人哈哈大笑，粉絲大讚蛇丸這次出席非常情義相挺，在場上賣力嘶吼、投球十分消耗體能，是平時拍片運動量的好幾倍，網友笑喊「一輪喊完熱量都少600卡了！」(體育 / 2021-09-13 10:39),,0
ettoday,耶～我誰！ 大蛇丸12日在澄清湖為兄弟開球,https://www.ettoday.net/news/20210909/2075947.htm,2021-09-09 18:37,「耶～～～～～～～～～～我誰！」中信兄弟11日、12日到高雄澄清湖球場擔任主場，12日請來網紅「大蛇丸」擔任開球貴賓。(體育 / 2021-09-09 18:37),,0
ettoday,破億直播主曝「鳳梨鼠薯」暖舉！斜槓演員搶侯彥西飯碗,https://www.ettoday.net/news/20210824/2063523.htm,2021-08-24 18:13,演員侯彥西和直播主宥凱在電影《再說一次我願意》中擔任蔡凡熙和郭書瑤的最強親友團，而宥凱更是首度跨足電影圈，直言「有點演上癮」，讓一旁的侯彥西頻頻阻止，開完笑說直播賺這麼多錢，「不要跟我們搶飯碗！」(影劇 / 2021-08-24 18:13),,0
ettoday,銀赫、神童演三角戀！SJ厲旭「金髮洋裝」當女主角 意外撞臉Elsa,https://www.ettoday.net/news/20210704/2022640.htm,2021-07-04 20:00,韓團Super Junior即使在台上是超有魅力的偶像團，其實各個成員都具有十足的綜藝感，私下生活備受關注。成員厲旭為了更貼近粉絲，在YouTube開設個人頻道「厲旭的秘密基地」，與粉絲們分享生活點滴，近日更找來隊友銀赫與神童一同翻唱歌曲，不僅穿女裝還戴上金色的長假髮，讓網友看到MV後紛紛笑翻！(影劇 / 2021-07-04 20:00),,0
ettoday,大蛇丸「頭頂花圈」Q萌造型無違和！蔡凡熙遭肥肚撞曝2字感想,https://www.ettoday.net/news/20210704/2022619.htm,2021-07-04 17:58,「通靈少女CP」蔡凡熙、郭書瑤（瑤瑤）再續前緣演出電影《再說一次我願意》，近日前導預告釋出，兩人30公分身高差的女下男上「逆襲吻」讓粉絲看得臉紅心跳，不過在預告結尾網紅「大蛇丸」驚喜現身，讓網友紛紛留言「竟然有蛇丸！」蔡凡熙也向《ETtoday星光雲》透露，自己其實也是大蛇丸的小粉絲，自曝戲中被他肚子撞到彈飛那一下「很軟」。(影劇 / 2021-07-04 17:58),,0
ettoday,大蛇丸屏東約會《木曜》女神級班底！「我藏著那麼久的她」公開了,https://www.ettoday.net/news/20210630/2018898.htm,2021-06-30 11:29,YouTuber團體「狠愛演」擁有百萬追蹤者，卻在2020年宣布停更，所幸成員們依舊各自活躍，仍常在社群網站分享生活點滴。其中，大蛇丸昨（29日）晚突然公開「我藏著那麼久的她！」曬出多張與《木曜4超玩》女神阿部瑪利亞的「約會照」，畫面曝光立刻掀起大批網友暴動，意外掀起一陣熱烈討論。(影劇 / 2021-06-30 11:29),,0
ettoday,Delta入侵！大蛇丸「以身為屏東人為榮」Man護遭污名家鄉 難得感性PO文,https://www.ettoday.net/news/20210628/2017478.htm,2021-06-28 13:15,自秘魯返台的屏東祖孫感染印度Delta變種病毒，傳播鏈向外擴散已有12人染疫，各縣市政府無不以更謹慎的態度面對這波疫情，部分網友也因此想起身在屏東的YouTuber大蛇丸，對此，他27日連忙浮出水面報平安：「很多朋友跟粉絲都紛紛關心我過得還好嗎？謝謝你們第一時間想起我，耶～。」(影劇 / 2021-06-28 13:15),,0
ettoday,黃安急call台灣弟弟「絕不要送媽媽打AZ疫苗」！轟台人命賤：完了,https://www.ettoday.net/news/20210616/2008288.htm,2021-06-16 15:46,黃安近年幾乎將生活重心放在大陸，儘管如此，仍常透過微博發表對時事的看法，比方說台灣近期的疫苗議題，他16日直言昨天晚上打電話給台灣的弟弟，叮嚀對方「絕對不要送媽媽去打那個AZ鬼疫苗」，因為他認為台灣政府做事藏有滿滿算計，「絕不是站在人民角度去思考的，不可信不可信。」(影劇 / 2021-06-16 15:46),,0
ettoday,比不過巧虎！2歲女玩到一半突喊「不要唱歌」 陶嫚曼玻璃心碎：怎麼敢,https://www.ettoday.net/news/20210616/2008200.htm,2021-06-16 15:08,陶嫚曼（Mandy）出身自《我愛黑澀會》，2018年低調完婚、隔年成為人母，如今女兒已經2歲多，常在社群網站分享育兒生活的她15日透露，小孩最近迷上巧虎的唱唱跳跳系列，她也在旁邊一起學舞步和唱歌，怎料前幾天唱到一半，孩子突然脫口：「媽媽不要唱！」附上14個捧臉大喊的表情符號，顯見她的崩潰心情。(影劇 / 2021-06-16 15:08),,0
ettoday,小學生哭指「他罵我髒話」4字真相揭曉！老師花半小時解釋…網笑翻,https://www.ettoday.net/news/20210616/2008114.htm,2021-06-16 13:55,紀曉君是知名實力派唱將，嘹亮嗓音擄獲不少歌迷的心，私下也不時會和粉絲交流生活趣事，她16日凌晨在社群網站分享一位排灣族朋友的故事，對方的姊姊在山地門的某間國小任職教師，有次聽到其中一個小朋友難過指出被另一個小朋友罵髒話，想進一步知道是什麼髒話，結果真相曝光，不少網友都不禁嘴角失守。(影劇 / 2021-06-16 13:55),,0
ettoday,月扛5萬房貸「剩業配收入」：苦哈哈！謝忻穩交男友1年曝相處近況,https://www.ettoday.net/news/20210616/2008017.htm,2021-06-16 12:11,謝忻2019年6月爆出與阿翔（陳秉立）婚外情，演藝工作因此大受影響，走過低潮後，她隔年底也坦言有「正在了解中的人」，雙方經由爬山相識，但她當時僅透露已經相處約半年，並未詳談男方的行業，相當呵護戀情，事隔半年多，最近被問到感情近況，她也低調回應了。(影劇 / 2021-06-16 12:11),,0
ettoday,宅急便大哥認出「妳是DJ」下秒自信脫口1句話！魏如萱笑了：謝謝喔,https://www.ettoday.net/news/20210616/2007852.htm,2021-06-16 11:10,魏如萱（娃娃）儘管工作忙碌，仍不時會與粉絲分享生活點滴，繼前陣子發生外送員在家門口拉肚子的事情，她15日在Instagram透露當天在門口遇到宅急便大哥時，對方認出她並自信說出一句話的經過，讓她邊開門邊笑回「謝謝喔」，直到上樓梯還一直忍不住發笑。(影劇 / 2021-06-16 11:10),,0
ettoday,打工第一份薪水買電視放老家！爸用到現在「突脫口1問題」二伯好揪心,https://www.ettoday.net/news/20210616/2007769.htm,2021-06-16 09:23,YouTuber二伯與蔡阿嘎結婚後，育有2個兒子「蔡桃貴」和「蔡波能」，不時會與粉絲分享生活點滴，她最近在社群網站透露第一份薪水買的電視始終放在老家，直到爸爸前陣子問了1個問題，她才驚覺對方「不是不想換電視，只是捨不得換掉我的心意」，頓時覺得揪心，但沒想到網友都歪樓狂盯她爸爸的襪子。(影劇 / 2021-06-16 09:23),,0
ettoday,第1次看到瘦版大蛇丸！「臉消風超多」6年前舊照曝…網驚：認不出來,https://www.ettoday.net/news/20210615/2007030.htm,2021-06-15 11:13,YouTuber團體「狠愛演」擁有160萬追蹤者，卻在2020年突然宣布停更，消息震驚大票粉絲，所幸成員們依舊各自活躍，仍常在社群網站分享生活點滴。大蛇丸最近便在Instagram公開6年前的舊照，但由於與現在的身材對比太大，引來一票粉絲驚問：「這誰？瘦到認不出來！」(影劇 / 2021-06-15 11:13),,0
ettoday,大蛇丸新片「無罩趴趴走」！他怒截圖公審 網傻眼掀戰：別秀下限,https://www.ettoday.net/news/20210526/1991080.htm,2021-05-26 08:00,台灣疫情連日來天天百日確診，全台三級警戒延至6月14日，民眾人心惶惶，只要看到有人沒戴口罩就會「特別關切」，卻意外演變成獵巫行為。YouTuber大蛇丸近日遭網友公審，直指他在拍片過程中沒戴口罩還趴趴走，根本就是防疫破口，此文一出反而慘遭其他人打臉。(影劇 / 2021-05-26 08:00),,0
ettoday,猴頭菇Q嫩多汁超涮嘴！屏東浮誇木湯匙料理 海陸總匯一次滿足,https://www.ettoday.net/news/20210404/1947792.htm,2021-04-04 17:00,木湯匙位在屏東香榭驛舍裡，提供現點現做的丼飯、鍋物、炸物，可以滿足想吃飯或麵食的需求，在舒適明亮的類美食街空間裡用餐感覺很輕鬆。肉食族推薦必點醬燒特級雪花牛，淋上醬汁的丼飯鋪滿雪花牛，肉質扎實鮮嫩，醬燒料理鹹甜順口。(旅遊 / 2021-04-04 17:00),,0
ettoday,獨／傳說名人配音再一彈！蛇丸化身「泳裝夸克」配音花絮搶先曝光,https://www.ettoday.net/news/20210329/1938731.htm,2021-03-29 18:00,我誰！日前在手遊《傳說對決》中亮相、由玩家選出製作的「泳裝夸克」造型，在千呼萬喚下終於出現，並且繼上次名人配音，由館長擔綱拉茲「一拳超神」配音員之後，這次Garena傳說對決再度邀請人氣網紅「大蛇丸」。(遊戲 / 2021-03-29 18:00),,0
ettoday,長髮嫩妻「穿睡衣」要上床！丈夫一看嚇軟…照片曝光網驚呆,https://www.ettoday.net/news/20210306/1932632.htm,2021-03-06 22:16,妻子穿著睡衣站在床旁，丈夫卻被嚇到秒軟！一張照片近期在網路上流傳，有名「長髮正妹」身穿睡衣，站在床旁邊，盯著丈夫看，丈夫卻被嚇得不輕，原來是因為照片光線不佳，看起來臉色慘白，加上長髮過肩，詭異的畫面讓人感到害怕。(網搜 / 2021-03-06 22:16),,0
ettoday,【廣編】桂格30天健康動吃大挑戰！雙網紅熱度引發網友蓋高樓,https://www.ettoday.net/news/20210217/1920632.htm,2021-02-17 12:12,坐擁40支百萬觀看影片，超高人氣的YouTuber團體《欸你這週要幹嘛》，在新的一年，決定為自己的健康身體力行，接受桂格公司的邀請，發起連續30天「桂格健康動吃大挑戰」，更點名了即將步入百萬粉絲大關的另一組YouTuber團體《見習網美小吳》加入挑戰，看誰能在30天後改變最顯著，獲得最終勝利。(消費 / 2021-02-17 12:12),,0
ettoday,狠愛演「解散5個月近況曝光」！ 3人私下真實互動…160萬粉看哭,https://www.ettoday.net/news/20210213/1883001.htm,2021-02-13 18:20,狠愛演在屏東坐擁6萬人團隊，YouTube也擁有160萬追蹤，2020上半年出片速度頻繁，到下半年卻鮮少更新，同年8月時更丟出停更的震撼彈，坦言團內出現了一些問題，同時也對不安的粉絲感到很不好意思，但網友懷疑解散理由不單純，他們又再次拍片澄清，強調是團隊內部在未來的方向找不到平衡點，因此選擇停更。而狠愛演雖然各自單飛，三人私下關係還是很好，牛排、胡椒及蛇丸也都擁有自己的頻道，讓不少粉絲好奇解散後成員們的發展。(影劇 / 2021-02-13 18:20),,0
ettoday,那英《浪姐2》大秀舞技！ 肢體僵硬「跳到心虛笑場」網嘲：作法現場,https://www.ettoday.net/news/20210124/1906210.htm,2021-01-24 17:45,大陸綜藝選秀節目《乘風破浪的姐姐》第一季播出後爆紅，製作單位抓緊熱度推出第二季，陣容相當堅強，包含那英、張柏芝、容祖兒、陳妍希、周筆暢、弦子等等，開播後不負眾望成功掀起討論。其中，天后級的那英在第一集的首次舞台表現，便因生疏的舞技讓觀眾笑著直呼根本是「作法現場」。 (影劇 / 2021-01-24 17:45),,0
ettoday,大蛇丸親姊結婚了！連換3婚紗「低胸解放深溝」驚艷全網：也太漂亮,https://www.ettoday.net/news/20210124/1905967.htm,2021-01-24 11:16,YouTuber團體「狠愛演」擁有160萬追蹤者，卻在2020年突然宣布停更，消息震驚大票粉絲，所幸成員們依舊各自活躍，仍常在社群網站分享生活點滴。大蛇丸23日便在Instagram開心透露：「親愛的姊姊終於嫁出去了！」照片中的姊姊連續換了3套婚紗，窈窕身材讓不少網友驚呼：「姊姊也太漂亮！！」(影劇 / 2021-01-24 11:16),,0
ettoday,「160分鐘0冷場」！首播飆6.3萬人…讚爆《木曜4》全明星運動大會,https://www.ettoday.net/news/20210115/1899022.htm,2021-01-15 02:40,《木曜4》主辦的第二屆YARTIST全明星運動大會在14日晚間首播，正片2小時40分鐘（影片總長2小時55分鐘）0冷場、留言0負評，在麥卡貝電視吸引了最高同時在線1.6萬人一起觀看；YouTube深夜首播在10分鐘內就衝破3萬人觀看，最高同時在線更到6.3萬人。競賽內容高潮迭起，網友看到看最後都直呼「好感動」。(網搜 / 2021-01-15 02:40),,0
ettoday,千萬YouTuber木曜運動會！狠愛演「奇蹟同台」…破萬人卡位等首播,https://www.ettoday.net/news/20210114/1898725.htm,2021-01-14 18:25,知名YouTube頻道《木曜4超玩》以體驗各行各業的「一日系列」橫走YouTube發燒排行榜，培養一批死忠的粉絲。2019年首創「YARTIST全明星運動會」引發廣大迴響，2020再續辦第二屆，齊聚千萬訂閱的網紅運動場上廝殺。節目首播將在14日晚上8點提早登場。(網搜 / 2021-01-14 18:25),,0
ettoday,《通靈少女》CP再合作！郭書瑤羞曝「吻戲可能很多遍」,https://www.ettoday.net/news/20201216/1877950.htm,2020-12-16 21:28,郭書瑤、蔡凡熙繼2017年合作《通靈少女》之後，新片《再說一次我願意》再度合作！兩人今（16日）現身聖興天后宮，共同祈福開鏡順利，郭書瑤開心表示：「我一聽到男主角是蔡凡熙，沒看劇本就答應了！」(影劇 / 2020-12-16 21:28),,0
ettoday,肺阻塞年奪6000命！蟬連11年國人第7大死因 吸菸者罹患風險高出6.3倍,https://www.ettoday.net/news/20201117/1856378.htm,2020-11-17 16:59,"肺阻塞為不可逆的呼吸道阻塞疾病，不僅是全球10大死因第3名，也是台灣國人10大死因第7名，已蟬連11年，尤其40歲以上民眾為高危險族群，平均每16人就有1人罹病。台灣胸腔暨重症加護醫學會理事長林孟志表示，在108年就有6,301人因肺阻塞離世，推估全台有超過40萬人已罹患中重度肺阻塞卻尚未就醫治療。(健康 / 2020-11-17 16:59)",,0
ettoday,大蛇丸突PO舊照「手插口袋帥氣皺眉」 網驚：原來有瘦過！,https://www.ettoday.net/news/20201013/1830823.htm,2020-10-13 22:42,YouTuber團體「狠愛演」擁有160萬追蹤者，卻在8月突然發公告宣布停更，坦言團內出現了一些問題，驚動了大批粉絲，所幸成員們依舊各自活躍於自己的頻道，也常常在社群軟體上分享日常，其中大蛇丸在13日曬出一張舊照，帥氣的模樣引起許多網友討論，就連頑童的大淵都忍不住留言。(影劇 / 2020-10-13 22:42),,0
ettoday,大蛇丸凌晨連續道歉3次！ 親上火線「直接拿掉影片不適當部分」：當年不懂事,https://www.ettoday.net/news/20200905/1801657.htm,2020-09-05 08:19,知名Youtuber大蛇丸日前拍片分享高中趣事，怎料和胡椒在麵包加工廠拿蛋吃的往事，意外掀起爭議，事件延燒幾天後，他5日正式在社群網站道歉了，「以後我也會更加注意拍片尺度的拿捏，也謝謝各位粉絲指出我錯誤的地方！」(影劇 / 2020-09-05 08:19),,0
ettoday,蛇丸炫耀高中偷蛋 粉絲護航「沒什麼」！網傻眼：偷竊是犯法,https://www.ettoday.net/news/20200903/1800174.htm,2020-09-03 14:55,知名Youtuber蛇丸昨（1）日上傳新影片分享高中趣事，提到和另一名Youtuber胡椒高中時期會到加工廠偷蛋來吃。有網友對這樣的偷竊行為感到憤怒，認為蛇丸不應該帶著「炫耀的心情」分享犯罪事蹟。貼文一出後底下留言超兩極，有人認為「高中惡作劇誰沒有？」但也有人認為「偷竊就是不對」。(生活 / 2020-09-03 14:55),,0
ettoday,前老闆爆：把妹大頭症！狠愛演「停更後首合體」鞠躬道歉 認4原因致內部出問題,https://www.ettoday.net/news/20200805/1777590.htm,2020-08-05 13:51,YouTuber團體「狠愛演」在1日宣布停更，坦言團內確實出現問題，不少網友都注意到3人已經一段時間沒有合體，猜測是不是團員間不合，甚至網路上又流傳前老闆的爆料，4日3人終於合體，大蛇丸強調3人私下關係相當之好，希望網友不要過度猜測。(影劇 / 2020-08-05 13:51),,0
ettoday,2020上半年台灣最熱門的 5 個YouTube廣告,https://www.ettoday.net/news/20200728/1771231.htm,2020-07-28 15:11,在網路媒體掌握大權的時代，商業廣告戰場也逐漸轉向影音平台。因此，Google自2016年起，每年都會統計YouTube上的廣告，參考付費觀看次數、自然觀看次數和觀眾續看率（觀眾實際觀看的影片長度），選出優秀的廣告案例。前幾年都是以季度的方式評選廣告，今年則特別改為半年發佈一次。(行銷雲 / 2020-07-28 15:11),,0
ettoday,朝聖名店連續碰壁！意外掀網紅集體「週一腸胃公休日」挑戰熱潮,https://www.ettoday.net/news/20200720/1753943.htm,2020-07-20 10:30,IG網紅最近流行起週一讓腸胃公休的熱潮，到底是怎麼回事？原來是許多網路熱搜的美食店家都選在週一公休，常常讓興沖沖前往名店朝聖的吃貨網紅們碰壁，那…既然煮的人都休息了，網紅們索性化悲憤為力量，直接挑戰近期討論度很高的「週一腸胃公休日」，來場腸胃大掃除。(消費 / 2020-07-20 10:30),,0
ettoday,YouTuber們的隱藏版天菜家人！ 0負評正妹Kelly「弟弟也是極品」,https://www.ettoday.net/news/20200124/1590429.htm,2020-01-24 11:30,YouTuber這項職業的興起，帶起了一波素人也能迅速爆紅的風潮，除了創作者本身，他們的家人偶爾也會因為有意無意的入鏡，成為吸睛亮點。以下就整理幾位線上當紅的YouTuber，他們身邊其實都有顏值超高的家人喔！(影劇 / 2020-01-24 11:30),,0
ettoday,《木曜4》世紀突破！網「0負評」刷網狂讚 3.5萬粉挺YouTuber全明星運動會,https://www.ettoday.net/news/20191227/1611353.htm,2019-12-27 02:33,《木曜4超玩》以不斷推陳出新的企劃一直是YouTube熱門榜上的常客。近期曝光最新企劃是集合10多位總訂閱破1000萬的YouTuber舉辦一場「YouTuber全明星運動會」，影片在26日晚間首播，104分鐘「0冷場」的運動會內容，吸引了最高同時在線3.5萬人一起觀看。值得一提的是，刷網洗版內容完全0負評。(生活 / 2019-12-27 02:33),,0
ettoday,千萬大咖合體！《木曜4》「YouTuber全明星運動會」影片曝光：真香,https://www.ettoday.net/news/20191224/1608789.htm,2019-12-24 01:30,《木曜4超玩》以不斷推陳出新的企劃一直是YouTube熱門榜上的常客。近期曝光最新企劃是集合10多位總訂閱破1000萬的YouTuber舉辦一場「YouTuber全明星運動會」，影片曝光後不少網友敲碗首播時間，「就在12/26，超級期待，每天都在倒數」。(生活 / 2019-12-24 01:30),,0
ettoday,「狠愛演」萬元交換禮物！「天堂vs.地獄」價差20倍 抽到牛排的直接崩潰,https://www.ettoday.net/news/20191218/1604585.htm,2019-12-18 11:12,一年一度聖誕節又要來了，今年你參加交換禮物活動了嗎？YouTuber「狠愛演」這次把禮物預算提高，參加的人要準備「自己認為價值在一萬塊以上的禮物」，沒想到竟然會出現價差高達20倍的結果。(影劇 / 2019-12-18 11:12),,0
ettoday,台灣YouTube年度最佳影片放榜 「跨界合作」類最吸睛,https://www.ettoday.net/news/20191205/1594747.htm,2019-12-05 09:35,YouTube稍早公布了台灣年度影片排行榜，今年公布了「熱門影片」、「熱門音樂影片」、「快速累積訂閱創作者」、「熱門新聞影片」、「熱門創作者美食影片」、「熱門跨界合作影片」、「熱門嘻哈音樂影片」等7個榜單；其中值得注意的是，「跨界合作 (Crossover)」影片佔據「熱門影片」榜單過半席次，是相當具有人氣的影片創作類型，這也是為什麼YouTube今年特別列出「熱門跨界合作影片」排行榜。 (3C家電 / 2019-12-05 09:35),,0
ettoday,外送員接單…一看備註愣：有危險嗎！客人語氣狂炸「我瘋～子」 網笑炸,https://www.ettoday.net/news/20191105/1572488.htm,2019-11-05 10:42,美食外送平台崛起，對許多無法分身外出買食物的人來說相當方便，但就像服務業，外送人員可能會遇到各種客人。臉書粉絲專頁《靠北熊貓》就貼出一名外送人員的投稿，只見他接了一個訂單，備註上一句話讓他直呼「這個送去會有危險嗎？」看懂的網友瞬間笑噴，「不知道他是誰的大概都是老一代的人了」。(生活 / 2019-11-05 10:42),,0
ettoday,尼克結婚倒數3個月「抓包Ashly躺別人肩膀」 深夜發聲明：全面開戰,https://www.ettoday.net/news/20191104/1571630.htm,2019-11-04 08:15,YouTuber尼克、Ashly將在2020年2月結婚，目前還在籌備婚事當中。沒想到，尼克近來無預警在IG發出聲明稿，稱與網紅大蛇丸「全面開戰」，原因是不久前參加錄影活動時，驚見未婚妻躺在對方肩膀上，吃醋反應在網路上掀起熱議，就連男星坤達都親自留言關心，所幸整件事應只是幽默一場，並非真的動怒。(影劇 / 2019-11-04 08:15),,0
ettoday,狠愛演下載交友軟體約妹！屏東男團現身做料理「鴕鳥腳筋」惹小護士笑了,https://www.ettoday.net/news/20190925/1538925.htm,2019-09-25 16:17,知名網紅團體「狠愛演」以幹話、搞笑風格擄獲大票粉絲，全新一集他們又化身「廚師到你家」突擊有緣的正妹，親自做料理給對方難忘的一餐！為了尋覓合適的女孩，胡椒下載時下最夯的婚配平台「JustDating」搞笑把自己取名為—紐約下水道，希望這個富有意境的名字能夠約到賞心悅目、的女孩一同手作料理。(生活 / 2019-09-25 16:17),,0
ettoday,影／中壢鹹酥雞店開箱...3萬人餓炸！一查2萬粉絲數 內行大推「隱藏雞排」,https://www.ettoday.net/news/20190922/1540827.htm,2019-09-22 17:17,「Tetris Challenge」開箱文正夯，各行各業人士都熱衷於分享工作用的裝備，從政府官員、醫生、美容師到攤販都有。中壢一家鹹酥雞店日前也跟風發圖，照片被轉貼至爆系社團後更是吸引了3萬多人按讚，還有眼尖內行認出店址，大讚該店的隱藏雞排超好吃。(生活 / 2019-09-22 17:17),,0
ettoday,命名是「關係建立的方式」 11年為134隻走進書店的貓取名,https://www.ettoday.net/news/20190718/1492844.htm,2019-07-18 11:15,為初見的貓咪命名，是一種建立關係的方式，要說是據為己有的企圖也無不可。表面上像是命名者馴服了被命名者，但其實，極可能是相反的，正因為心有所屬、害怕失去，所以，非得給對方一個名字不可。於是苦苦思索，根據牠的特徵和個性，在喜愛的字詞中挑撿，終於，一個名字，從空無中誕生，一頂金色的頭箍，被放在孫悟空的頭上。(生活 / 2019-07-18 11:15),,0
ettoday,牆上水管裡有生物…他探頭看清後驚呆 「裡面裝潢怎麼有點高級」,https://www.ettoday.net/news/20190420/1426465.htm,2019-04-20 01:41,結束一天的工作回到家之後，每個人都希望回到一個溫馨的家、可以好好放鬆，而這一隻蛇想的，可能跟所有人都一樣，只要看看牠家裡布置就知道了，不只用心而已，還別有品味。 (寵物動物 / 2019-04-20 01:41),,0
ettoday,值日生在日誌畫鳴人…神級老師回敬「大蛇丸」 萬人狂讚：畫力超高,https://www.ettoday.net/news/20180831/1248262.htm,2018-08-31 11:38,日本一名網友擔任值日生時，用橘色畫筆在學級日誌裡面畫了火影忍者主角之一的漩渦鳴人，沒想到，老師竟然也用細細的紅筆完美呈現大蛇丸來回應。照片分享至推特後，讓上萬名網友紛紛驚嘆轉推，直呼老師的畫畫功力非常厲害。(新奇 / 2018-08-31 11:38),,0
ettoday,下車回頭看巴士！長髮女鬼坐駕駛位 網起雞母皮：勸你快刪照片,https://www.ettoday.net/news/20180405/1143352.htm,2018-04-05 10:20,大陸一名網友去年出國來到希臘聖托里尼島（Santorini）遊玩，某天來到伊亞（oia）小鎮景點時，剛下車就聽到司機囑咐說「X點前要回來唷」，他怕回來上錯車，趕緊拿出手機拍下車牌號碼；晚上回飯店後開始整理照片，他一放大查看瞬間崩潰，長髮女鬼的身影讓他整整一年都不能忘懷。(新奇 / 2018-04-05 10:20),,0
ettoday,質詢不到賴清德…謝龍介感嘆失落 網：好萌！趕快去選立委啊～,https://www.ettoday.net/news/20170904/1004118.htm,2017-09-04 22:41,台南市長賴清德4日傳出將在本星期接下行政院長職位，常在市議會與賴清德用台語對話的台南市議員謝龍介「祝福」，盼好朋友賴清德到行政院後能「自求多福」，而對於無法質詢賴清德「感到相當可惜」。針對謝龍介的失落，網友表示：「選立委去質詢賴清德不就得了？」(政治 / 2017-09-04 22:41),,0
ettoday,《火影忍者》劇情有啥意涵？ 鄉民分析：陰險政治的漫畫,https://www.ettoday.net/news/20170408/900139.htm,2017-04-08 15:52,日本動漫《火影忍者》一直深受漫畫迷青睞，台灣也有非常多年輕人討論，連台北市長柯文哲都要「cosplay」一番。不過這部動漫主題到底想傳達什麼意涵？有網友認為，這部漫畫表面上是熱血忍者的故事，實際上是打破黑暗獨裁統治的英雄故事，「根本就是陰險政治的漫畫！」(生活 / 2017-04-08 15:52),,0
ettoday,《火影忍者》14年動畫完結篇！最大哭點「鳴人結婚先找他」,https://www.ettoday.net/news/20170324/891363.htm,2017-03-24 17:37,日本超人氣動漫《火影忍者》是描述忍者世界的故事，漫畫單行本在全球暢銷超過2億冊，動畫自2002年10月首播至今長達14年，在台灣同樣掀起忍術熱潮。隨著漫畫連載於3年前劃下句點，動畫版第二部《疾風傳》也在23日播出完結篇，最後鳴人和雛田舉行婚禮，幸福畫面令廣大動漫迷感動爆哭！(影劇 / 2017-03-24 17:37),,0
ettoday,美準第一夫人激似「大蛇丸」 網友：轉生術是真的！,https://www.ettoday.net/news/20161129/820427.htm,2016-11-29 18:06,川普（Donald Trump）當選美國新任總統之後，美艷的妻子梅蘭妮亞（Melania Trump）也創下紀錄，成為首位白宮超模和拍過裸照的第一夫人。梅蘭妮亞的外貌也引起台灣網友的注意，有網友表示她跟火影忍者的角色「大蛇丸」超相似。(新奇 / 2016-11-29 18:06),,0
ettoday,《火影忍者Online》第五代火影綱手首次現身情報釋出,https://www.ettoday.net/news/20160429/689396.htm,2016-04-29 15:16,認為「只有傻瓜才會當火影」的千手綱手，在被鳴人的意志和決心感動後臨危受命，成為被大家所認可的第五代火影。即日起，綱手《第五代火影》降臨《火影忍者Online》，和你同一陣線一起守護忍界和平，同時玩家等級上限也提升至Lv90。 綱手喜歡賭博，衣服(遊戲 / 2016-04-29 15:16),,0
ettoday,《火影忍者Online》鬥祭戰場開啟忍者知識車輪戰！,https://www.ettoday.net/news/20160319/664772.htm,2016-03-19 19:30,由集英社正式授權、騰訊遊戲旗下魔方工作室與萬代南夢宮娛樂股份有限公司合作研發、G妹遊戲代理的知名動畫改編RPG《火影忍者Online》自17日起正式開啟忍者殘酷車輪戰「鬥祭戰場」，和12名夥伴一同抵抗敵人的連擊！此外，趣味答題系統「忍者測試」同步上線，火影達人即將受到挑戰！(遊戲 / 2016-03-19 19:30),,0
ettoday,《魔獸世界》十年了！三百位玩家到場解任務開派對,https://www.ettoday.net/news/20151226/620058.htm,2015-12-26 22:43,台灣暴雪今（12/26）日在台北三創園區舉行《魔獸世界》10週年慶祝派對，現場湧入三百名玩家，許多社群名人也一起參與，官方也準備了有趣的任務和名片給每一位玩家，讓整場活動的玩家們都非常開心，Blizzard也邀請玩家邁向下一個十年。(遊戲 / 2015-12-26 22:43),,0
ettoday,「干柿鬼鮫」加入！《火影忍者ONLINE》12月中旬公測,https://www.ettoday.net/news/20151207/608212.htm,2015-12-07 19:30,由知名動畫改編的RPG《火影忍者ONLINE》自不刪檔封測以來人氣火爆，繼大蛇丸後，第二位曉組織成員「干柿鬼鮫」正式加入遊戲，同時強調《火影忍者ONLINE》將於12月中旬展開公測，屆時將推出公測資料片，請各位玩家期待！(遊戲 / 2015-12-07 19:30),,0
ettoday,《火影忍者ONLINE》正式釋出「君麻呂」忍者情報,https://www.ettoday.net/news/20151122/599846.htm,2015-11-22 17:00,動畫原作中的君麻呂可控制骨細胞，以不同部份的骨骼作為攻擊和防禦的武器，在《火影忍者ONLINE》也是一樣，其奧義技能「屍骨脈·草厥之舞」可對敵方小隊至少4體造成體術和忍術傷害，選定敵人附帶「大浮空」狀態，而「空木」可追打打浮空狀態下的敵人，使敵人被擊退撞傷後排隊友，造成再一次傷害！(遊戲 / 2015-11-22 17:00),,0
ettoday,10位火影忍者被不起眼小物亂入 根本沒發現它們存在..,https://www.ettoday.net/news/20150828/556496.htm,2015-08-28 16:00,生活中總是有些小地方會讓人會心一笑，像是天上的雲像隻雞腿，恩...現在小編肚子還頗餓的，或是B牌車子前頭看起來像隻霸氣豬等等等，如果再加點小巧思感覺又不一樣了，國外有名25歲的藝術家「Nguyen Quang Huy」，就利用生活周遭隨處可得的小東西創作了一系列被不起眼物品亂入的《火影忍者》。(遊戲 / 2015-08-28 16:00),,0
ettoday,美型畫風火影忍者！可以用這種畫風再來個續集嗎？,https://www.ettoday.net/news/20150213/465902.htm,2015-02-13 10:00,最近火影忍者好夯啊！小編之前有跟捧友們帶來【火影忍者舞台劇定裝照】的消息，這個舞台劇讓已經完結篇之後的火影忍者居然比完結前還紅耶，上次只有發表到9位演員的定裝照片。小編很喜歡的一位畫家Sakimi chan 也因為火影忍者完結篇的關係，用了他的畫風畫了許多火影忍者的人物唷！(遊戲 / 2015-02-13 10:00),,0
ettoday,神還原！火影忍者舞台劇定裝照 拜託快拍真人電影吧,https://www.ettoday.net/news/20150121/451829.htm,2015-01-21 09:00,前陣子才完結連載長跑15年的人氣漫畫「火影忍者」，在完結的最後人氣可以說是飆到最高點！還籌備了真人版舞台劇「Live Spectacle火影忍者」，這個舞台劇劇情內容，從漫畫的第一集到終末之谷中的故事作為演出主軸。官方放出了許多舞台劇演員的定裝照來宣傳造勢，主角都是嚇死人的像啊！（激動）(遊戲 / 2015-01-21 09:00),,0
ettoday,《火影忍者》真人版劇照曝光 網友嚇喊：根本神複製！,https://www.ettoday.net/news/20141222/442076.htm,2014-12-22 16:46,日本知名動漫《火影忍者》是許多粉絲公認最經典作品之一，從1999年起連載長達15年，11月10日終於迎來完結篇，讓許多忠實觀眾大呼捨不得。改編自漫畫的真人版舞台劇搭著這波熱潮，將在2015年3月正式演出，近來搶先曝光主角定裝照，造型還原度之高令網友震驚直呼「根本神複製！」(影劇 / 2014-12-22 16:46),,0
