ettoday,屁店貓「佔位平躺放空」 臘腸客汪罰站不敢動…她笑：你有付錢耶,https://www.ettoday.net/news/20211220/2150173.htm,2021-12-20 16:50,跟客人搶位置！東森寵物雲宜蘭羅東店有隻奶油臘腸「Nana」來洗澡，準備吹毛時店貓「咪咪醬」忽然跳上桌刷存在感，直接躺平硬要跟Nana搶位，逼得Nana只能默默窩在一旁「罰站」不敢動。店貓超霸道的行徑，逗得美容師小貝笑翻直呼，「到底誰付錢洗澡啦XD」。 (寵物動物 / 2021-12-20 16:50),,0
ettoday,快訊／「世界小姐」佳麗確診決賽暫停 選出最美女人再等等,https://www.ettoday.net/news/20211217/2148180.htm,2021-12-17 01:49,"正在波多黎各舉行的「世界小姐」（Miss World）選美比賽，因為有佳麗確診新冠肺炎,所以決定延後舉行決賽賽事。(國際 / 2021-12-17 01:49)",,0
ettoday,豬哥柴見美貓店員想吸！ 「靠近狂聞髮香」被打巴掌揍爆：找死膩,https://www.ettoday.net/news/20211212/2144308.htm,2021-12-12 17:19,「竟敢吃本喵豆腐？大膽！」東森寵物雲宜蘭羅東店有隻不到1歲的三花貓店長「咪咪醬」，平時對客人帶來的貓狗都很友善的牠，總是會跟毛孩們玩在一起，沒想到這天一隻親人親貓的白柴「財寶」來店裡洗澡時，趁著美容空檔不斷搭訕咪咪醬，多次試圖想「吸貓」卻遭到拒絕，當場被有個性的咪咪醬狂賞巴掌暴打一頓。(寵物動物 / 2021-12-12 17:19),,0
ettoday,「圓臉工讀生」上班時間塞爆抽屜睡翻 美容師笑曝：牠還會欺負狗,https://www.ettoday.net/news/20211202/2136795.htm,2021-12-02 16:28,小心年終被扣罐罐！東森寵物雲宜蘭羅東店有隻超可愛的店貓「咪咪醬」，每天都會陪大家一起上班，只是牠沒有什麼專長，只會在旁邊偷懶摸魚。有趣的是，這天咪咪醬趁著美容師不注意時，跳進活動櫃的抽屜裡「塞好塞滿」，閉上眼睛呼大睡，讓人看了又氣又好笑。(寵物動物 / 2021-12-02 16:28),,0
ettoday,特斯拉重摔30m懸崖！車身爛成廢鐵...駕駛竟「沒事」 馬斯克也驚呆,https://www.ettoday.net/news/20211202/2136801.htm,2021-12-02 12:41,波多黎各發生一起特斯拉車禍事故。一名男子上周四駕駛著特斯拉出門，行車途中愛車竟成「飛天跑車」，讓他摔進30公尺深的懸崖裡，整輛車摔成了廢鐵，但驚人的是，男子竟「沒事」自行走出車外，全身上下只有輕微擦傷，讓許多人感到不可置信，甚至連特斯拉創辦人馬斯克（Elon Musk）也嘖嘖稱奇。(國際 / 2021-12-02 12:41),,0
ettoday,胖胖毛店員窩主機取暖 摸魚被抓包「愛睏臉」鄙視店長：去上班啊,https://www.ettoday.net/news/20211109/2119721.htm,2021-11-09 16:25,店員完全掌握最舒服的摸魚位置！東森寵物雲通化店有隻貓店員「胖胖」，日前因為天氣轉涼，跑到店內放置監視螢幕的機器上饋修，擠在螢幕後的小縫隙中躺到都快睡著了，偷懶的行為被店長Roy拍下來時還一臉愛睏的鄙視他，似乎在說，「拍什麼拍？去上班啊！」(寵物動物 / 2021-11-09 16:25),,0
ettoday,「澎毛小饅頭」兼職店貓無辜等飯 媽看呆融化狂拍：有夠可愛～,https://www.ettoday.net/news/20211006/2095350.htm,2021-10-06 17:52,東森寵物雲河南門市店員云慈前陣子，帶著貓兒子「Mukuro」到逢甲店支援，這天午餐時間一到，Mukuro委屈巴巴窩在水槽邊，全程盯著奴才吃著自己的午餐，滿臉好奇又無辜的模樣，讓她忍不住停下動作一陣狂拍，更直呼「真的超級可愛！」。 (寵物動物 / 2021-10-06 17:52),,0
ettoday,79歲阿祖拉拔長大的貓！對麥克風「啊啊啊」接唱超配合 千網笑慘,https://www.ettoday.net/news/20210828/2066506.htm,2021-08-28 18:27,原來家裡有貓歌手！花蓮有隻7歲大的橘貓busi超可愛，在家常常陪漂亮的姑婆唱歌。這天姑婆又抱緊牠，兩人在家裡歡唱《愛的初體驗》，結果姑婆唱完一段後，將麥克風遞給busi，結果busi超級配合，完美在節拍上「喵喵」兩聲，當場逗樂在場家人。(寵物動物 / 2021-08-28 18:27),,0
ettoday,過去無法為牠們做什麼？ 他中元節為「往生浪浪」準備豐盛一餐,https://www.ettoday.net/news/20210823/2062245.htm,2021-08-23 13:54,「過去無法為你們做什麼，但每年中元節盡我們所能，準備毛孩愛吃的東西邀請你們一起來享用...。」東森寵物雲彰化中正店店長阿坤從進入寵物業以來，就一直習慣在中元節準備豐盛的一餐，給那些不幸離世卻不一定有人記得的浪浪，也祈禱牠們能盡早投胎，下輩子生在一個好的環境並健康快樂的成長。(寵物動物 / 2021-08-23 13:54),,0
ettoday,《摩登家庭》同志爸要結婚了！訂婚護士女友甜秀超大鑽戒,https://www.ettoday.net/news/20210823/2062439.htm,2021-08-23 13:40,美國家庭情境喜劇《摩登家庭》中「米契」和「卡梅隆」這對同志家庭讓人印象深刻，兩人劇中的細膩演技超到位，而現實生活中，飾演「米契」的美國男星傑西泰勒弗格森（Jesse Tyler Ferguson）本人也是公開的男同性戀，不過「卡梅隆」艾力克斯通斯特里特（Eric Stonestreet）並不是，他在今（23）日於IG宣布和交往多年的護士女友訂婚的好消息！(影劇 / 2021-08-23 13:40),,0
ettoday,萌虎斑乖坐拉桿包挑零食！ 見肉泥「握手、擊掌」才藝樣樣來,https://www.ettoday.net/news/20210820/2060200.htm,2021-08-20 16:38,「如果給本喵一條肉泥，我可以表演所有才藝！」東森寵物雲新莊店日前來了一名特別的小顧客，白底虎斑貓「夢夢」，牠一進門就十分穩定地待在拉桿包中，跟著飼主一起挑零食，吸引了副店長蒨的注意，後來在肉泥的誘惑下更示範了握手和擊掌的特殊才藝，讓店員姐姐們全都驚呼連連。(寵物動物 / 2021-08-20 16:38),,0
ettoday,6月大浪浪成最美店貓！ 1個月冒出「激萌驚喜」升格少女媽媽,https://www.ettoday.net/news/20210727/2041231.htm,2021-07-27 18:09,驚喜中的驚喜！東森寵物雲頭份店有隻漂亮的混種三花貓「小柒」，僅僅6個月大的牠，在送到頭份店照顧時，被發現居然已經懷孕了！不久前生下小奶貓的牠，在寶寶們斷奶後又恢復快樂的少女生活，經常在店內逛大街賣萌，可愛的模樣吸引不少客人的注意！(寵物動物 / 2021-07-27 18:09),,0
ettoday,貓不喝水 腎衰竭死因居高不下 心疼飼主肉泥只賣45元,https://www.ettoday.net/news/20210719/2034161.htm,2021-07-19 12:00,貓咪不喝水一直是貓奴們最擔心的問題，而動保處也長年統計犬貓的死因對外公怖，然在家貓的部份死因腎衰竭一直是位列一二名，飼主要讓貓寶貝愛上喝水這件事就成為了極其重要的課題。(寵物動物 / 2021-07-19 12:00),,0
ettoday,天氣太炎熱 幫毛孩洗澡又滿身大汗嗎？ 救星來啦！,https://www.ettoday.net/news/20210718/2033785.htm,2021-07-18 17:30,看似簡單的洗澡卻一點都不簡單，要小心注意毛寶貝的耳朵是否進水，如果不小心疏忽了還可能造成耳朵發炎，原來沖水也是有技巧的呢！若再加上不受控的毛寶貝拼命甩水，往往洗完後的飼主就像上演濕身秀！吹毛的過程就更是煎熬難耐了，到底還要吹多久？(寵物動物 / 2021-07-18 17:30),,0
ettoday,Lambda病毒強襲31國！科學家揭「傳染力」1疑點 難以分析威脅性,https://www.ettoday.net/news/20210707/2024637.htm,2021-07-07 12:01,Lambda病毒在秘魯迅速蔓延，讓該國成為全球死亡率最高的國家，如今擴散到31國，一度被認為可能是目前最具傳染性、最致命的變異株。但部分專家指出，Lambda病毒在上述地區的病例數至今仍未超越Delta病毒，令人非常困惑，目前也沒有證據證明更具威脅性。英國專家提到，Lambda病毒出現一組「相當不尋常的突變」，難以理解其威脅性。(國際 / 2021-07-07 12:01),,0
ettoday,智利研究：「Lambda變種」能逃脫抗體 打過2劑科興疫苗可能無效,https://www.ettoday.net/news/20210703/2022009.htm,2021-07-03 17:37,世界衛生組織（WHO）警告，2020年底首次在秘魯發現的新冠變種病毒「Lambda」帶有的一種「不尋常」突變，可能會讓Lambda變種逃脫疫苗引發的抗體反應。據報導，12月時秘魯的Lambda相關病例只占0.5%，到5、6月卻躍升至82%，可見Lambda變種病毒的傳播率高於其他變種，而且秘魯是全球新冠死亡率最高的國家。(國際 / 2021-07-03 17:37),,0
ettoday,活了112年又328天 波多黎各最長壽男人破金氏紀錄,https://www.ettoday.net/news/20210702/2021101.htm,2021-07-02 22:27,波多黎各一位百歲人瑞，靠著高齡112歲的超長壽紀錄，打破金氏世界紀錄，比上一位「最長壽男人」的紀錄保持者多了1歲多。(國際 / 2021-07-02 22:27),,0
ettoday,凡妮莎親自聲明！Nike Kobe Protro 6「Mamba Forever」不會發售,https://www.ettoday.net/news/20210604/1998859.htm,2021-06-04 14:12,先前 Nike 與傳奇球星 Kobe Bryant 合作合約到期，且後續 Vanessa Bryant 先釋出並未考慮續約的消息，讓不少曼巴粉絲們感到相當錯愕，加上之後又接續發售一款致敬 Kobe 與女兒 GiGi 的 Nike Kobe 6 Protro “Mamba Forever”(時尚 / 2021-06-04 14:12),,0
ettoday,來東森寵物雲用國民旅遊卡！ 3月「罐頭大賞」輕鬆寵毛孩,https://www.ettoday.net/news/20210303/1927302.htm,2021-03-03 18:03,東森寵物雲全台門市都加入國民旅遊卡特約商店了！即日起至東森寵物雲替毛孩買飼料添用品，歡迎使用國民旅遊卡。(寵物動物 / 2021-03-03 18:03),,0
ettoday,東森寵物雲太好買 蔡英文掃年貨一推車全都露,https://www.ettoday.net/news/20210211/1911437.htm,2021-02-11 19:00,農曆新年到來，總統蔡英文暫時放下繁雜的國政，特別前往《東森寵物雲》，幫家中的5隻毛寶貝買年貨。在第一次逛寵物店的過程中，蔡英文買了許多有益毛小孩健康的肉泥、零嘴與鮮食，滿滿一推車的戰利品，還不忘幫貓咪添購新衣，要回家讓領養的3隻退役導盲犬Bunny、Bella、Maru，以及常在媒體曝光的貓咪想想、阿才，過個溫暖的好年。(政治 / 2021-02-11 19:00),,0
ettoday,一眼神一微笑...就讓人大喊「我要你！」 6個超火紅西班牙新星（上）,https://www.ettoday.net/news/20210210/1882198.htm,2021-02-10 05:20,"近幾年除了台劇、華劇、韓劇以及美劇之外，也掀起一股西班牙語劇的風潮。當中討論度較高的劇集包含《紙房子》（La casa de papel, Money Heist）、《菁英殺機》（Élite, Elite），以及《暗慾》 (Oscuro deseo, Dark Desire)...等，這些作品都有一定的燒腦程度，再加上西班牙熱情的民情，讓劇迷在觀看時深刻感受到角色不拐彎抹角的情感奔放，或許也是因為這樣，劇裡的演員們受關注度越來越高，尤其是一群出生於西元1990年後的新人演員，面容姣好，而且演技也不遜色於資(影劇 / 2021-02-10 05:20)",,0
ettoday,寵物用品新春優惠懶人包／四大平台過年拚低價 囤貨就靠這一波,https://www.ettoday.net/news/20210205/1915135.htm,2021-02-05 17:04,過年毛孩要吃的用的準備好了嗎？ETtoday整理四大寵物電商平台新春優惠資訊，包括東森寵物雲網路商城、東森購物、寵物主義、寵物王國，無論是超殺特價、消費滿額贈、下單送好禮等等應有盡有，新年除舊布新、團圓年夜飯，別忘了毛小孩的份喔！(寵物動物 / 2021-02-05 17:04),,0
ettoday,鮮嫩肉塊＋牛磺酸「貓咪機能零食」只要68元 過年吃這個澎派又健康,https://www.ettoday.net/news/20210203/1913482.htm,2021-02-03 18:10,吃零食又能補充牛磺酸！東森寵物雲商城精選推薦【吶一口】貓機能零食，100%台灣手工精製，添加牛磺酸保健貓咪視力與心血管，還有食品、食安雙重認證，夾鏈封口設計方便拿取餵食，讓毛小孩吃得健康又安心，多種口味特價68元，過年零食的好選擇！(寵物動物 / 2021-02-03 18:10),,0
ettoday,澎恰恰狂接通告還債 王彩樺搭檔笑虧「是不是缺很大」,https://www.ettoday.net/news/20210129/1909960.htm,2021-01-29 16:26,藝人澎恰恰與王彩樺主持新春特別節目《牛轉乾坤好運到》，帶領群星以90年代綜藝節目，兩人重現過去的經典節目風格，加上藝人與模仿巨星同台較勁，演唱經典歌曲，營造出巨星登台的熱鬧新年氣氛。另外，王彩樺一開場就猛攻澎恰恰欠債狂接通告，逗得現場哈哈大笑。(影劇 / 2021-01-29 16:26),,0
ettoday,毛孩辦年貨就來東森寵物雲！ 門市消費888送「最牛紅包袋」,https://www.ettoday.net/news/20210113/1897897.htm,2021-01-13 15:37,過年一定要逛年貨大街才有fu！東森寵物雲實體門市給毛孩滿滿年味，年貨大街商品特惠69折起，消費滿888元就送新春限定好運紅包袋，祝大家新的一年好運犇發。(寵物動物 / 2021-01-13 15:37),,0
ettoday,越南大肚豬遭棄狂繁殖！ 入侵家園、島上散步成波多黎各惡夢,https://www.ettoday.net/news/20201227/1885466.htm,2020-12-27 15:30,若走在路上隨時會被竄出的豬嚇到，恐怕出門會是變成一場噩夢。加勒比海地區的美國自治區波多黎各自由邦（Commonwealth of Puerto Rico）目前約有數千隻野豬在島上漫遊散步，造成民眾恐慌、尖叫連連。(寵物動物 / 2020-12-27 15:30),,0
ettoday,雙12優惠懶人包／四大寵物電商優惠看這邊 2020年末最強檔買起來！,https://www.ettoday.net/news/20201211/1874071.htm,2020-12-11 18:24,雙12購物節來囉！ETtoday整理四大寵物電商平台雙12優惠資訊，包括東森寵物雲網路商城、寵物王國、東森購物、寵物主義，無論是超殺特價、優質贈品還是瘋狂抽獎應有盡有，2020年末最大優惠千萬不要錯過！(寵物動物 / 2020-12-11 18:24),,0
ettoday,Google熱氣球網路計畫導入AI 可在空中停留更長的時間,https://www.ettoday.net/news/20201204/1869302.htm,2020-12-04 15:13,週五來點不同的新聞！還記得 Google 的熱氣球計畫 Project Loon 嗎？在 Google I/O 2016 期間，Google 對外公開了它的真實樣貌，但是你絕對想像不到，Google 公司將 AI 機器學習應用在這計劃上，證實了 RL 可有效的強化自動控制的精確性，相關資料更登上了 nature 雜誌。(3C家電 / 2020-12-04 15:13),,0
ettoday,900噸天文望遠鏡墜毀！007電影曾取景 才宣布要拆…支撐電纜突斷裂,https://www.ettoday.net/news/20201202/1867371.htm,2020-12-02 13:21,波多黎各的阿雷西博天文台（Arecibo Observatory）是世界最大的天文望遠鏡之一，也曾在好萊塢007電影場景中出現，望遠鏡的支撐電纜在服役57年後開始裂損，迫使官方於8月關閉天文台並計劃拆除，然而消息才公布不到1個月，懸吊著重達900噸儀器的纜繩於當地時間1日斷裂，失去支撐的天文望遠鏡硬生倒塌。(國際 / 2020-12-02 13:21),,0
ettoday,美國將新增兩州？華盛頓特區＆波多黎各情勢分析,https://www.ettoday.net/news/20201021/1836435.htm,2020-10-21 15:08,"這次美國大選當中的重大議題，除了Covid-19疫情以及經濟狀況之外（中國議題也是，但外交政策一向都不是大選中的決勝點），還有一個被人們忽略但卻同樣影響非常深遠的議題：華盛頓哥倫比亞特區（Washington, DC）以及波多黎各（Puerto Rico）是否可以成為新的「州」，因此將擴充參議院的席次為104席。(論壇 / 2020-10-21 15:08)",,0
ettoday,獨自1人被6惡犬包圍！ 鏡頭直擊他絕望扔石...遭分食爆血慘死,https://www.ettoday.net/news/20200910/1805518.htm,2020-09-10 11:20,墨西哥近來發生惡犬攻擊人事件，監視紀錄器拍到一名男子被5條狗圍攻的恐怖畫面，只見他拼命扔石頭想要趕走對方，5犬卻還是緩緩逼近，想要逃跑時又有第6條狗現身，最後慘遭6犬分食咬死。(國際 / 2020-09-10 11:20),,0
ettoday,寵物雲網路清倉最後一周抽「陶瓷抗菌飲水器」！ Ciao肉泥55元、御天犬零食7折,https://www.ettoday.net/news/20200909/1804761.htm,2020-09-09 15:46,東森寵物雲網路商城「改版大清倉」最後一週！百樣商品特價只到9月20日止，Ciao肉泥特價55元、御天犬零食7折、IBIYAYA 禪眠手編寵物藤窩特價1399元，還有9月9日狗狗節精選特惠；本周的週週抽好禮獎品為日本GEX 貓用陶瓷抗菌飲水器，價值2480元，消費滿1899元就有機會抽中！另外結帳輸入折扣碼【ET100】可以現折100元；滿2000元輸入【ET200】折200元，清倉優惠倒數中，千萬不要錯過喔！(寵物動物 / 2020-09-09 15:46),,0
ettoday,她用「強力膠封住私密處」持刀瘋狂自殘！發狠誣陷前男友下場曝光,https://www.ettoday.net/news/20200906/1802596.htm,2020-09-06 17:55,西班牙北部的萊昂（León）發生一起可怕事件。女子瓦內莎（Vanesa Gesto）持刀自殘，甚至使用強力膠把自己的陰道黏起來，就是為了設局誣陷前男友伊凡（Ivan Rico）。但是，相關單位很快就識破這場「被害遭遇」，她也因此被判處10年有期徒刑與賠償金。(國際 / 2020-09-06 17:55),,0
ettoday,雙颶風先虐加勒比海再襲墨西哥灣！ 路易斯安那州「災難宣言」撤沿岸居民,https://www.ettoday.net/news/20200824/1791703.htm,2020-08-24 08:05,颶風馬爾科（Marco）和熱帶氣旋勞拉（Laura）逼近美國，23日已進入肆虐加勒比海和墨西哥灣地區，迫使路易斯安那州（Louisiana）和古巴數以千計的沿岸居民撤離，海地首都太子港的道路已被淹沒，整個墨西哥灣沿岸乃至美國南部地區，本州災情預計更加嚴重。(國際 / 2020-08-24 08:05),,0
ettoday,歡慶門市破百家！寵物雲+奧斯卡8/10攜手快閃 希爾思、皇家買一送一,https://www.ettoday.net/news/20200807/1779751.htm,2020-08-07 20:55,東森寵物雲商店今年7月喜迎「雙百」！全台門市突破100家，會員人數突破100萬人，刷新寵物產業紀錄，締造全新里程碑。為此，寵物雲商店與奧斯卡寵物水族聯合在8/10（一）舉辦一日快閃活動，十大品牌買一送一，數量有限搶完為止。(寵物動物 / 2020-08-07 20:55),,0
ettoday,50年最強烈沙塵暴！從撒哈拉一路吹到美洲 侵襲古巴、佛州、加勒比海,https://www.ettoday.net/news/20200625/1746532.htm,2020-06-25 20:24,來自非洲撒哈拉沙漠的滾滾黃沙遠渡大西洋，本周開始陸續侵襲加勒比海地區，預計還將對美國佛州、德州等地造成影響，空氣品質將繼續惡化。當地衛生官員警告，這波沙塵暴可能對患有呼吸道系統疾病患者造成危險。(國際 / 2020-06-25 20:24),,0
ettoday,林志潔／聯電美光案啟示 美國共謀犯罪與法人刑事責任,https://www.ettoday.net/news/20200615/1737900.htm,2020-06-15 11:23,目前美國聯電與福建晉華涉及《聯邦經濟間諜法》的案件，正由聯邦地方法院審理中，有民事也有刑事，聯電後續如舉證不足、無法說服法院，還有很多硬仗要打。廣達集團的廣明光電雖聲稱要上訴第三審，但美國聯邦最高法院的案件受理率極低，上訴的勝訴可能並不高(論壇 / 2020-06-15 11:23),,0
ettoday,盤點最適合NBA球迷居住城市 美媒推薦洛杉磯,https://www.ettoday.net/news/20200530/1706580.htm,2020-05-30 17:40,受到新冠肺炎影響，全球體育賽事幾乎都被迫推遲賽季，NBA的復賽日至今仍遙遙無期，儘管如此，NBA總會有復賽的一天，球迷總有一天能進場看比賽。對此，美國媒體《ClutchPoints》便撰文分析適合NBA球迷居住的五大城市，其中洛杉磯被認為是最合適的地方。(房產雲 / 2020-05-30 17:40),,0
ettoday,美13歲男童拿下「4個副學士學位」 成為富勒頓學院最年輕畢業生！,https://www.ettoday.net/news/20200527/1723662.htm,2020-05-27 14:24,美國加州一名就讀富勒頓學院（Fullerton College）的13歲男童，2年內獲得4個副學士學位，成為該校有史以來最年輕畢業生，目前他還拿到內華達大學全額獎學金，將攻讀更高學程。(國際 / 2020-05-27 14:24),,0
ettoday,更新／川普下令啟動國民衛隊 協助紐約、加州、華盛頓州抗疫,https://www.ettoday.net/news/20200323/1674009.htm,2020-03-23 07:30,美國總統川普周日（22日）宣布，將動用紐約州、加州和華盛頓州的國民衛隊，協助抗疫。川普在防疫簡報中強調，這次部署行動和戒嚴不同，3州州長保有國民衛隊的指揮權，而所有抗議行動的開支，將由聯邦緊急事務管理署 （Federal Emergency Management Agency）支付。(國際 / 2020-03-23 07:30),,0
ettoday,【慕尼黑安全會議】美國為華為5G建設訓斥歐洲各國,https://www.ettoday.net/news/20200219/1649015.htm,2020-02-19 14:36,美中貿易戰的火花持續延燒！情人節那天，美國眾議院議長佩洛西、國務卿龐佩奧和國防部長艾斯培出席慕尼黑安全會議（全球最大的國際安全政策決策論壇），為歐洲各國不排斥華為參與5G建設，訓斥一番！(論壇 / 2020-02-19 14:36),,0
ettoday,評論家放「汽水罐」毀了60萬元藝術品 滿地碎玻璃嚇壞觀眾,https://www.ettoday.net/news/20200212/1643698.htm,2020-02-12 16:08,現代藝術作品經常讓人摸不著頭緒，但因為富含創意，常常受到收藏家的青睞。近日在墨西哥的藝術博覽會上，藝術家布里埃爾·里科（Gabriel Rico）以羽毛、足球及小刀等大物件戳穿大玻璃窗的藝術品，被藝術評論家萊珀（Avelina Lésper）不小心用汽水罐破壞，讓價值2萬美金的藝術品碎成一地。(國際 / 2020-02-12 16:08),,0
ettoday,NSO 《世紀之聲》攜手鋼琴家白建宇共譜浪漫,https://www.ettoday.net/news/20200206/1639700.htm,2020-02-06 17:42,開春首場! NSO國家交響樂團將於2/7(五)在台北國家音樂廳舉辦《世紀之聲》音樂會，力邀國際知名指揮里科・斯卡尼(Rico Saccani)及鋼琴名家白建宇(Kun Woo Paik)演出舒曼的A小調鋼琴協奏曲及貝多芬的《普羅米修斯》序曲。(影劇 / 2020-02-06 17:42),,0
ettoday,波多黎各3年前救援物資堆倉庫放到過期 至今仍有5000災民,https://www.ettoday.net/news/20200121/1630643.htm,2020-01-21 18:47,美國位於加勒比海的自治邦波多黎各日前才遭百年強震襲擊，許多災民家破人亡，到現在都還睡在帳篷裡。但近日卻有民眾在臉書上揭露，波多黎各南部的龐塞（Ponce）有一座倉庫，裡面堆滿了未發放的救援物資，且有些甚至已經過期了，目前當地司法單位已經展開調查。 (國際 / 2020-01-21 18:47),,0
ettoday,快訊／波多黎各發生規模6.0地震！震源深度僅10公里,https://www.ettoday.net/news/20200111/1623440.htm,2020-01-11 21:28,根據美國地質調查局（USGS）、歐洲─地中海地震中心（EMSC）最新消息，波多黎各於當地時間早上8時54分左右發生規模6.0強震，震央位於印地優斯（Indios）南方8英里（大約12.8公里）處，震源深度僅10公里。據了解，當局目前仍未發布海嘯警報。(國際 / 2020-01-11 21:28),,0
ettoday,快訊／波多黎各規模6.6地震「狂搖至少10秒」斷電 深度僅7公里,https://www.ettoday.net/news/20200107/1619837.htm,2020-01-07 16:47,波多黎各南部外海當地7日清晨4時24分發生規模6.6地震，美國地質調查局數據顯示，震央位在Indios南方約10公里處，震源深度僅7公里。另據歐洲-地中海地震中心（EMSC）所收到的回報，這起地震震感強烈，部分人家無電可用，搖晃時間至少持續10秒鐘。(國際 / 2020-01-07 16:47),,0
ettoday,金球獎／史嘉蕾喬韓森「深V紅袍」辣翻天 撞色妮可基嫚巧妙化解,https://www.ettoday.net/news/20200106/1618430.htm,2020-01-06 10:22,第77屆金球獎頒獎典禮於台灣時間6日上午揭開序幕，史嘉蕾喬韓森（Scarlett Johansson）憑藉《婚姻故事》入圍劇情類最佳女主角，身穿一席大紅色深V禮服來勢洶洶，不料卻與妮可基嫚（Nicole Kidman）撞色，兩人較勁意味相當濃厚。(時尚 / 2020-01-06 10:22),,0
ettoday,快訊／波多黎各地震連2起！最大規模6深度10公里 當局未發布海嘯警報,https://www.ettoday.net/news/20190924/1542040.htm,2019-09-24 11:47,根據美國地質調查局（USGS）最新數據，波多黎各北部外海於當地時間23日23時23分（台灣時間11時23分）發生規模6的地震，震源深度10公里。(國際 / 2019-09-24 11:47),,0
ettoday,熱褲女變喪屍「抓狂咬Uber司機」...怪力掰斷雨刷！誇張片曝光,https://www.ettoday.net/news/20190904/1527919.htm,2019-09-04 07:03,開UBER總是會遇到各式各樣的怪異客人！美國喬治亞州亞特蘭大的45歲司機哈迪（Yasser Abdul Hadi）日前載完客人之後，路上竟突然冒出一名怪異熱褲妹，他拒絕載客後，對方突然發狂，如殭屍一般直接撲向他並咬他的手臂。這些瘋狂行徑全被路人拍下，哈迪回憶當時真的太恐怖了。(國際 / 2019-09-04 07:03),,0
ettoday,熱帶暴風「多利安」直撲！ 波多黎各宣布進入防災「緊急狀態」,https://www.ettoday.net/news/20190828/1523344.htm,2019-08-28 18:17,美屬波多黎各總督巴斯克斯（Wanda Vázquez）今（28日）宣布進入緊急狀態，為來勢洶洶的熱帶暴風多利安（Dorian）做好防災準備。根據了解，川普簽署通過緊急命令後，聯邦政府的協助與救援將可以更快速抵達當地。國家颶風中心預測，多利安28日登陸時，可能已經升級成一級颶風，時雨量最多可能達到6英吋（約為152mm）。(國際 / 2019-08-28 18:17),,0
ettoday,畢業生搶跟校狗合照 牠狠咬證書留下專屬印記：不能忘記我喔,https://www.ettoday.net/news/20190623/1473416.htm,2019-06-23 12:26,鳳凰花開又是送走畢業生的日子。美國加勒比海波多黎各馬亞圭斯的一所大學年的畢業典禮就發生一件趣事，被視為吉祥物的校狗Tarzán在跟畢業生拍照時，突然轉頭狠咬證書，留下專屬於牠的永恆印記，帶給學生們難忘的可愛插曲。 (寵物動物 / 2019-06-23 12:26),,0
ettoday,影／突襲短打也不行？洋基球員破洛磯無安打收死亡威脅,https://www.ettoday.net/news/20190608/1462960.htm,2019-06-08 14:00,洋基2A打者列普卡（Matt Lipka）日前靠著突襲短打，打破洛磯的無安打比賽，引發雙方衝突。場上衝突結束後，場下的衝突還在持續延燒，《紐約郵報》報導，列普卡因爲這個內野安打打破洛磯無安打比賽，現在收到了死亡威脅。 (體育 / 2019-06-08 14:00),,0
ettoday,洋基2A突襲短打破洛磯接力「無安打」 觸犯潛規則板凳清空,https://www.ettoday.net/news/20190605/1460575.htm,2019-06-05 12:28,洛磯農場排名第21的右投賈西亞（Rico Garcia）與2名後援在2A的比賽聯手，將無安打比賽推進至第9局，沒想到對手此時使用突襲短打打破無安打比賽，雖然無關勝負，但由於觸犯棒球場上潛規則，雙方賽後在場上隔空叫囂。(體育 / 2019-06-05 12:28),,0
ettoday,7192公尺深爪哇海溝影像曝光 科學家驚見「透明膠狀新物種」：超像人造,https://www.ettoday.net/news/20190422/1427562.htm,2019-04-22 08:45,美國潛水團隊日前在印度洋爪哇海溝下潛至23596英呎（約7192公尺），進行海底生態探索，發現一個「透明凝膠狀」的生物從鏡頭前緩緩游過，身體下方延伸一條線狀物；科學家開心地說，這是人類從未見過的物種，牠的出現讓人大開眼界。(國際 / 2019-04-22 08:45),,0
ettoday,滅火器爆炸奪命！紅帽男「喉嚨重創」慘死 驚恐11秒影片曝光,https://www.ettoday.net/news/20190328/1409517.htm,2019-03-28 09:02,波多黎各男子提歐森（Joseph Tiosen）日前在路上叫住一名推著攤車的小販，上前想要挑選一瓶二手滅火器，沒想到20秒後，滅火器突然爆炸，他因喉部遭受重擊而當場死亡。(國際 / 2019-03-28 09:02),,0
ettoday,張育成連兩戰熄火 林子偉先發守二壘但紅襪比賽取消,https://www.ettoday.net/news/20190227/1387819.htm,2019-02-27 09:49,印地安人27日（台灣時間）與洛磯進行熱身賽，台灣內野手張育成先發三壘手，兩打數無安打。(體育 / 2019-02-27 09:49),,0
ettoday,醉男發狂打乘客嚇壞空姐 酷航起飛1.2小時折返迫降雪梨,https://www.ettoday.net/news/20190122/1362742.htm,2019-01-22 15:06,新加坡航空旗下廉航酷航(Scoot)一架由澳洲昆士蘭飛往新加坡的航班，發生醉漢鬧事事件，一名酒醉乘客起飛不久後，突然發狂毆打另一名乘客，空服人員雖然試圖勸導，但醉男仍不受控，最後已起飛的航班只好緊急折返，迫降雪梨機場。(國際 / 2019-01-22 15:06),,0
ettoday,世籃資格賽／倒數4秒準絕殺 烏拉圭爆冷波多黎各升分組第3,https://www.ettoday.net/news/20181130/1319609.htm,2018-11-30 12:33,儘管烏爾塔斯（David Huertas）飆進5顆三分球狂轟濫炸36分，但烏拉圭最後一波攻擊部署，找到埋伏外圍的卡法尼（Mathias Calfani），倒數4秒飆進準絕殺三分球，以64比62擊敗勁旅波多黎各，6勝3敗名次上升到E組第3的晉級行列之中。(體育 / 2018-11-30 12:33),,0
ettoday,對手偷襲砸磚塊 摔角選手「爆頭」賽後送加護病房,https://www.ettoday.net/news/20181122/1312526.htm,2018-11-22 21:30,墨西哥近日一場摔角賽中，摔角選手「禿鷲」正與另一名選手「天使亦魔鬼」搏鬥，「禿鷲」先是拿起了場上的鋼椅猛敲對手。過一陣子之後，「天使亦魔鬼」也反擊，誇張地搬起了一塊「水泥磚」硬是往對方身後砸去，以致禿鷲直接被爆頭倒地。比賽結束後，禿」接受了腦部血栓的緊急手術，目前人仍在加護病房。(國際 / 2018-11-22 21:30),,0
ettoday,孫安佐案今判刑！ 4點被推斷「再坐5年牢」,https://www.ettoday.net/news/20181119/1310189.htm,2018-11-19 14:39,孫安佐案將於美國時間19日上午宣判，李敖長女李文自事件爆發後便持續關注，她今凌晨透過臉書表示，以孫安佐是初犯、持有槍枝2枝以下且兩度認罪的條件來看，很有可能被判5年牢刑，服完直接遣送回台。(影劇 / 2018-11-19 14:39),,0
ettoday,美日對抗／陽岱鋼3安猛打賞2得分 大聯盟9比6勝巨人,https://www.ettoday.net/news/20181108/1301643.htm,2018-11-08 20:01,大聯盟美日明星交流賽相隔4年再次舉辦，大聯盟明星隊今8日與讀賣巨人交手，旅日好手陽岱鋼擊出3安打猛打賞，跑回2分，但大聯盟明星隊打線發揮更加出色，3局上狂灌5分奠定勝基，儘管全場出現4次失誤，但終場以9比6擊敗巨人，在美日對抗賽前的熱身賽先開紅盤。 (體育 / 2018-11-08 20:01),,0
ettoday,政治冷感、錯過登記、重罪前科...美國人千奇百怪不投票原因,https://www.ettoday.net/news/20181106/1299062.htm,2018-11-06 12:01,美國期中選舉在當地時闁6日登場，共和黨與民主黨大咖們無不卯足全力催票。儘管選戰打得激烈，美國投票率卻不高，2016年總統選舉的投票率僅56％。《華盛頓郵報》就特別蒐集了選民不想投票的原因，理由千奇百怪，包括對政治失望、來不及登記或是有重罪在身。(國際 / 2018-11-06 12:01),,0
ettoday,影／淋巴癌末期熬過12次化療 型男主廚再掀「甜點界香奈兒」炫風,https://www.ettoday.net/news/20181003/1271648.htm,2018-10-03 19:33,老闆Rico推開店門第一句話就是道歉，「不好意思讓你久等了。」3小時前他正在成大醫院接受追蹤，第四期淋巴癌與12次化療，差點要了他的命。但他熬過來了，還帶著新系列甜品歸來。比起不惑之年轉行的衝勁，此次作品多了些內斂；摘去塔上的水果，花5分鐘煎一片餅皮，珠寶盒紫色球面反著光，映出他對甜點不變的熱情。(旅遊 / 2018-10-03 19:33),,0
ettoday,變身骷髏夢想成真！男割耳鼻「舌切半」染黑眼珠 網驚：活見鬼,https://www.ettoday.net/news/20180922/1264457.htm,2018-09-22 10:57,哥倫比亞22歲男子拉米瑞茲（Eric Ramírez）對骷髏情有獨鍾，他為此削去自己的半個鼻子、割去雙耳，把舌頭割成兩半並染上藍色和灰色，甚至把眼球染黑，且在眼周刺上大黑圈。而他為自己打造「骷髏頭」的照片隨後也在網路瘋傳，讓網友驚呼「活見鬼」。(國際 / 2018-09-22 10:57),,0
ettoday,全球15大最棒海灘！普吉島被譽為「天堂的一小角」位居世界第二,https://www.ettoday.net/news/20180913/1257350.htm,2018-09-13 19:10,普吉島被評選為世界上第二佳海灘，美國新聞與世界報導（U.S. News & World Report）日前評選出了全球15大最棒海灘，其中泰國普吉島位居第二，報導更以「一小片天堂」來讚譽泰國度假島嶼美景。 (旅遊 / 2018-09-13 19:10),,0
ettoday,影／印尼小哥路邊撿到小灰狗 10月照顧竟變「霸氣月月」！,https://www.ettoday.net/news/20180902/1249939.htm,2018-09-02 17:59,每一條生命都值得被尊重對待。一直以來，許多動保團體都提倡「不要任意棄養」但還是無法保護每一個小生命，除了靠著動保團體之外，就是善心人士的領養。住在印尼的網友瑞可(Rico Soegiarto)10個月前撿到一隻全身被寄生蟲感染、脫毛嚴重的狗兒，在仔細考量之後，決定給這小傢伙一個溫暖的家。(寵物動物 / 2018-09-02 17:59),,0
ettoday,殭屍男孩Rick Genest最後PO文離奇消失！ 經紀人還原真相,https://www.ettoday.net/news/20180804/1227942.htm,2018-08-04 18:15,加拿大模特兒「殭屍男孩」Rick Genest日前被發現陳屍蒙特利爾家中，自殺身亡，享年32歲，粉絲都悲痛不已。隨後有不少眼尖網友發現，殭屍男孩在生前的最後一封發文離奇消失，因此頻頻留言質問，事隔2天後，他的經紀人出面還原真相，稱該發文是他死後，自己代發的。(影劇 / 2018-08-04 18:15),,0
ettoday,U15世界盃棒球賽  中華隊首戰巴拿馬,https://www.ettoday.net/news/20180625/1199053.htm,2018-06-25 21:23,2018年U15世界盃棒球賽8月10日到19日在巴拿馬大衛市與奇特雷市所舉行舉辦，賽程25日公布，中華隊首戰地主隊巴拿馬。(體育 / 2018-06-25 21:23),,0
ettoday,以為這坨黑黑是垃圾 浪汪被淋汽油灼傷但勇敢活下來了,https://www.ettoday.net/news/20180619/1194279.htm,2018-06-19 18:47,美國女子Alix Mattingly去年12月和男友一起到墨西哥找家人度假，卻在旅途中陸續拯救了7隻狗狗，其中Rico的遭遇讓她相當悲傷。(寵物動物 / 2018-06-19 18:47),,0
ettoday,月月蹲角落嚶嗚低鳴！皮膚潰爛脫毛 他對眼心軟：走，回家吧,https://www.ettoday.net/news/20180506/1163923.htm,2018-05-06 19:27,「這隻狗遭遇了什麼...？」印尼峇里島瑞可（Rico Soegiarto）10個月前在路邊聽見嗚嗚嗚的聲音，仔細一看角落裡有隻瘦成皮包骨的小狗，且皮膚多處潰爛，毛髮早已掉光，根本看不出是什麼品種，但當他看見小狗露出害怕的眼神後，二話不說對著牠說「走，回家」並帶去看醫生，還親自洗澡、養肥，才知道原來是一隻酷帥又呆萌的「月月」哈士奇。(寵物動物 / 2018-05-06 19:27),,0
ettoday,除役前的最後飛行！美軍C-130墜毀起火「黑煙衝天」機上9人全罹難,https://www.ettoday.net/news/20180503/1162025.htm,2018-05-03 13:40,美軍一架C-130式大力士型運輸機（C-130 Hercules）2日進行除役前的最後一次飛行，但卻在起飛不久後，墜毀於喬治亞州薩凡納（Savannah）機場附近的21號公路，導致機身當場起火燃燒，而機上9人全數罹難。(國際 / 2018-05-03 13:40),,0
ettoday,颶風捲走忠犬...一家人心碎搬家 7個月後奇蹟重逢暖哭人,https://www.ettoday.net/news/20180422/1155478.htm,2018-04-22 23:03,意想不到的天災常常造成許多家庭分離的悲劇，有一家人在颶風中失去他們的狗兒，原以為就此永別，沒想到奇妙的事情發生了。(寵物動物 / 2018-04-22 23:03),,0
ettoday,「淡菸」不會成癮？ 專家：吸進的焦油、尼古丁一樣多,https://www.ettoday.net/news/20171208/1068063.htm,2017-12-08 07:07,大家都知道抽菸有害身體健康，董氏基金會與台灣醫界菸害防制聯盟今（7）日舉行記者會，公布菸商欺騙民眾的10大手法。專家指出，大家都認為「淡菸」比較不會成癮，但其實菸商都有動過做手腳，實際上吸進去的焦油和尼古丁含量都與一般菸品相同，也會成癮。(健康 / 2017-12-08 07:07),,0
ettoday,一個人也能出發的波多黎各小島 令人難以忘懷的美麗,https://www.ettoday.net/news/20171202/1047266.htm,2017-12-02 13:01,每次看著背包部落客或是身邊的好友分享出走的照片，真的會很想拋下一切像他們一樣往外衝，但自己好像永遠缺乏那麼一點勇氣。剛好趁著轉換工作的空檔，買下了淡季機票，就這麼去了個五天四夜的小旅行囉。 (時尚 / 2017-12-02 13:01),,0
ettoday,《孤獨星球》10大最佳旅遊城市 台灣高雄奪世界第五！,https://www.ettoday.net/news/20171025/1038676.htm,2017-10-25 17:14,"國際旅遊知名指南《孤獨星球》(Lonely Planet)近來公布2018年世界10大最佳旅遊城市，第一名為西班牙的塞維亞(Seville)、第二名為美國底特律(Detroit, USA)，而台灣的高雄市也有上榜並奪下第五名。(國際 / 2017-10-25 17:14)",,0
ettoday,馮迪索「永遠是家人」挺巨石強森 揭《玩命9》延後原因,https://www.ettoday.net/news/20171007/1027330.htm,2017-10-07 18:54,《玩命關頭9》宣布延期上映後，風波不斷，在片中飾演羅曼的泰瑞斯早前公開在IG上點名砲轟巨石強森，稱對方同意飾演該電影外傳，「毀了整個『玩命家庭』」，對此在電影中的大家長「唐老大」，同時兼任該片製作人的馮迪索（Vin Diesel），稍早也在社群網站上曬出與巨石強森的合照，力挺對方。(影劇 / 2017-10-07 18:54),,0
ettoday,救援波多黎各！ 眾星分享「青春期糗照」募款,https://www.ettoday.net/news/20170930/1022158.htm,2017-09-30 16:15,颶風瑪莉亞（Maria）重創美國位於加勒比海的境外領土波多黎各（Puerto Rico），全島陷入缺水、缺電的困境。颶風哈維（Harvey）和颶風艾瑪（Irma）接連侵襲美國德州和佛羅里達州，波多黎各似乎被人們遺忘，脫口秀主持人史提芬荷伯（Stephen Colbert）和喜劇演員尼克克羅爾（Nick Kroll）號召眾星分享自己的「青春期糗照」為波多黎各募款。(國際 / 2017-09-30 16:15),,0
ettoday,波多黎各災情慘重 聽過Despacito、肖想過翹臀珍就捐1元！,https://www.ettoday.net/news/20170930/1022143.htm,2017-09-30 16:14,颶風瑪莉亞（Maria）重創美國位於加勒比海的境外領土波多黎各（Puerto Rico），全島陷入缺水缺電的困境，急需各界的物資。脫口秀《每日秀》（The Daily Show）的主持人諾亞（Trevor Noah）指出，由於颶風哈維（Harvey）和颶風艾瑪（Irma）接連侵襲美國德州和佛羅里達州，人們已經「同情心疲乏」（compassion fatigue）了，因此波多黎各沒有接收到比想像中一樣多的物資救援。(國際 / 2017-09-30 16:14),,0
ettoday,援助波多黎各...907公斤飛機超重 「屁股著地」取消飛行,https://www.ettoday.net/news/20170929/1021278.htm,2017-09-29 14:56,美國非盈利慈善組織Wings of Rescue28日前往波多黎各（The Commonwealth of Puerto Rico）進行救災任務，但907公斤的物資卻讓飛機尾翼太重，形成頭重腳輕的狀況，機頭「翹孤輪」，因此無法順利飛行。(國際 / 2017-09-29 14:56),,0
ettoday,全島大斷電！「颶風瑪莉亞」重創波多黎各 電力設備全斷,https://www.ettoday.net/news/20170921/1015398.htm,2017-09-21 14:34,4級颶風瑪莉亞（Maria）20日挾帶時速超過250公里的強風暴雨，重創美國位於加勒比海的境外領土波多黎各（Puerto Rico），島上電力基礎設施全毀，導致全島大停電，淹水、交通等災情接連傳出。當地應急管理機構負責人無奈指出，「颶風帶來的重大損失，讓整座島嶼無能為力！」(國際 / 2017-09-21 14:34),,0
ettoday,又來！瑪莉亞增強至5級颶風 加勒比海小島剉咧等,https://www.ettoday.net/news/20170919/1013805.htm,2017-09-19 12:03,歷經颶風哈維（Harvey）、艾瑪（Irma）的襲擊後，美國東南部的颶風威脅仍未結束。目前颶風瑪莉亞（Maria）已經升級成5級颶風，最高風速達260公里，以西北西的方向朝加勒比海域島嶼前進，預計將掃過多米尼克，直撲背風群島（Leeward Islands）、美屬維京群島（the Virgin Islands）和波多黎各（Puerto Rico）。總統川普對此發布緊急聲明，向波多黎各提供聯邦救援。(國際 / 2017-09-19 12:03),,0
ettoday,台積磁吸效應發酵 設備商默克南科再砸一億,https://www.ettoday.net/news/20170909/1007333.htm,2017-09-09 04:47,半導體材料設備大廠默克今（8）日成立研發中心，相關供應鏈台廠紛紛來加持，台積電、日月光、南亞科、美光等大廠都前來祝賀，台積電奈米材料處處長吳宗熹更興奮的表示，此實驗室成立，把原本要花兩到四星期才能知道的實驗結果，一天就搞定，是非常重大的一里路。(財經 / 2017-09-09 04:47),,0
ettoday,颶風接連侵襲！伊瑪變四級風暴 佛州宣布緊急戒備,https://www.ettoday.net/news/20170905/1004292.htm,2017-09-05 16:20,颶風伊瑪（Irma）在當地時間4日下午增強至第4級風暴，自大西洋朝加勒比海直撲美國，預計6日登陸美屬維京群島（United States Virgin Islands）及波多黎各（Puerto Rico）。根據氣象預測，伊瑪恐帶來3000公釐的驚人雨量，佛羅里達州（Florida）與波多黎各（Puerto Rico）雙雙宣布進入緊急狀態。(國際 / 2017-09-05 16:20),,0
ettoday,不只水球大肌肌！ 世大運荷蘭隊這些項目俊男美女也超多,https://www.ettoday.net/news/20170817/991361.htm,2017-08-17 22:30,世大運在即，近日荷蘭隊因水球猛男照曝光，造成門票熱賣，荷蘭辦事處接著又釋出田徑、擊劍及柔道等選手照片，其中標槍提瑪曼(Lars Timmerman)裸上身的照片更是刺激廣大網友，讓不少人直呼想要去看世大運！ (體育 / 2017-08-17 22:30),,0
ettoday,浜田貞雄曾帶史丹佛3次封王 世大運要讓體操瘋狂,https://www.ettoday.net/news/20170812/987610.htm,2017-08-12 15:09,為了備戰台北世大運，2015年請來的體操教練浜田貞雄來頭不小，執教美國名校史丹佛大學30年奪下3次NCAA全國冠軍，3次獲選最佳教練，還入主美國體操名人堂，更是太陽馬戲團顧問。而年過70的他作風大膽，喜歡鼓勵選手挑戰高難度動作，要徹底改變台灣體操體質。 (體育 / 2017-08-12 15:09),,0
ettoday,「奇特訊號」來自11光年外 科學家：最佳解釋是外星人,https://www.ettoday.net/news/20170718/969222.htm,2017-07-18 15:13,波多黎各科學家公布，他們發現到一段來自距地球約11光年外的「奇特訊號」，且由一顆紅矮星「羅斯128」（Ross 128）發射出來，團隊又對其他星球做觀測，也都未沒發現相似情形，且學者認為「這些訊號並非來自本地射頻干擾」，讓世人又再度對外星生命充滿無限想像。(新奇 / 2017-07-18 15:13),,0
ettoday,18歲限定的微醺情調夜 嚴選「全台4間特色酒吧」,https://www.ettoday.net/news/20170411/902208.htm,2017-04-11 18:00,微風徐徐的春日夜晚，下班後相當適合與三五好友來bar聊天散心，將煩憂一掃而盡。各式特色酒吧推陳出新，有太空、鑽戒為主題，甚至還有超狂酒吧能在戶外划船！《ETtoday東森新聞雲》嚴選出全台4間特色酒吧，下班後就來度過大人味的一晚吧。(旅遊 / 2017-04-11 18:00),,0
ettoday,影／經典賽／肢體語言豐富 美國球員很有戲,https://www.ettoday.net/news/20170323/890504.htm,2017-03-23 14:30,美國奪下2017年經典賽冠軍，也是隊史首度摘冠，決賽時球員的肢體語言相當豐富，也被鏡頭捕捉下來，就透過畫面來看看這些球員多有戲。(體育 / 2017-03-23 14:30),,0
ettoday,經典賽／打擊最燙非MLB球員 巴倫汀6成15連波國都害怕,https://www.ettoday.net/news/20170321/888991.htm,2017-03-21 15:33,目前效力日職的荷蘭巨砲巴倫汀（Wladimir Balentien），在高張力的四強賽中對不敗軍團波多黎各首局開轟，讓之後波多黎各面對他都格外小心，甚至在3局敬遠保送他，最後荷蘭全場拿下的3分都與他有關，最終以恐怖的6成15打擊率結束本屆WBC。(體育 / 2017-03-21 15:33),,0
ettoday,經典賽／波多黎各「金髮力量」 總教練：晉決賽我也染,https://www.ettoday.net/news/20170318/887144.htm,2017-03-18 15:06,「金髮軍」波多黎各首戰11：0完封扣倒強敵委內瑞拉揭開序幕，並以預賽全勝晉級，次輪先斬多明尼加再破美國保持無敵之姿闖進四強，有這樣的好成績，總教練羅德里奎茲（Edwin Rodriguez）承諾選手們，只要打進冠軍賽，他就一起染金髮。(體育 / 2017-03-18 15:06),,0
ettoday,經典賽／無懼多國「四棒海」 桃猿羅曼化解0出局滿壘,https://www.ettoday.net/news/20170315/884898.htm,2017-03-15 12:21,上屆WBC冠軍戰重賽組合波多黎各對戰多明尼加，八強首戰碰頭，由效力中華職棒Lamigo 桃猿的羅曼（Orlando Roman）先發對決多國的大聯盟「四棒海」打線，主投2.1局化解首局無人出局滿壘危機，僅失1分退場。(體育 / 2017-03-15 12:21),,0
ettoday,經典賽／最幸運的球迷 一場比賽接到2顆球,https://www.ettoday.net/news/20170315/884843.htm,2017-03-15 11:23,多明尼加與波多黎各的8強戰，要得分果然要靠長打，不過外野有個球迷超搶眼，不但出手接到克魯茲(Nelson Cruz)的全壘打，之後羅沙里歐(Eddie Rosario)的二壘安打，也是他接到球。(體育 / 2017-03-15 11:23),,0
ettoday,快訊／兩隊相加43名MLB好手 波多黎各5局2：1領先,https://www.ettoday.net/news/20170315/884831.htm,2017-03-15 11:16,兩隊相加43位大聯盟選手的上屆WBC冠軍戰組合，多明尼加、波多黎各八強碰頭。首局波多黎各先馳得點，2上克魯茲（Nelson Cruz）馬上以陽春砲回擊扳成平手，波多黎各局局化解失分危機，4下攻勢再起羅沙里歐適時二壘安再度以2：1超前比分，5局雙方各有攻勢但皆無法取分，維持波多黎各領先局面。(體育 / 2017-03-15 11:16),,0
ettoday,快訊／球迷助攻場地二壘安 波多黎各4下2：1超前,https://www.ettoday.net/news/20170315/884783.htm,2017-03-15 10:53,兩隊相加43位大聯盟選手的上屆WBC冠軍戰組合，多明尼加、波多黎各八強碰頭。首局波多黎各先馳得點，2上克魯茲（Nelson Cruz）馬上以陽春砲回擊扳成平手，波多黎各局局化解失分危機，4下攻勢再起羅沙里歐適時二壘安再度以2：1超前比分。(體育 / 2017-03-15 10:53),,0
ettoday,快訊／波國本壘雙殺化解危機 莫里納德州安率先得分,https://www.ettoday.net/news/20170315/884736.htm,2017-03-15 09:35,上賽屆WBC波多黎各面對多明尼加3戰全敗，雙方八強首戰碰頭，波國派出效力Lamigo 桃猿的羅曼（Orlando Roman）先發迎戰紅雀右投馬丁尼茲（Carlos Martinez）。波國上半局以精彩的本壘攻防雙殺化解滿壘危機，之後莫里納適時安打，首局打完以1：0領先多明尼加。 (體育 / 2017-03-15 09:35),,0
ettoday,經典賽／球迷暴動險波及球員家屬 莫里納怒轟大聯盟,https://www.ettoday.net/news/20170313/883211.htm,2017-03-13 01:40,波多黎各12日對決墨西哥，場上打得火熱觀眾席也燃起火花，8局結束左側牛棚的觀眾席發生肢體衝突，而這區域正是球員家屬貴賓席的位子，此舉引發紅雀明星捕手莫里納（Yadier Molina），賽後在社群上大篇幅炮轟主辦單位未落實維安。(體育 / 2017-03-13 01:40),,0
ettoday,泳池畔小酌、月光下浪漫划船！台中超狂酒吧「老子有錢」,https://www.ettoday.net/news/20170207/862046.htm,2017-02-07 15:53,位於台中七期的這間爵士酒吧RICO PADRE，店名取自西班牙文意為「老子有錢」，果真店如其名奢華浪漫、氣氛絕佳，成了鬧區中難得一見的Villa感泳池酒吧，不少客人都選在這小酌、慶生辦趴。 (旅遊 / 2017-02-07 15:53),,0
ettoday,32年「神預言」教授萊特曼：川普很可能被彈劾！,https://www.ettoday.net/news/20161117/811704.htm,2016-11-17 20:02,CNN報導，在華府美利堅大學任教的政治史專家萊特曼(Allan Lichtman)，因為從1984年至今幾乎每次都能神準預測總統大選結果，獲得「預言教授」的封號。最近萊特曼在Erin Burnett OutFront的節目上作出驚人預言說：「川普很可能會被彈劾！」(國際 / 2016-11-17 20:02),,0
ettoday,AV板神人po「女體研究之膣內觀察」 網：根本子宮王！,https://www.ettoday.net/news/20160926/782160.htm,2016-09-26 16:14,PTT的AV板又出現了一位神人網友，該網友在22日時PO出一篇充滿霸氣的文章「女體研究 膣內觀察之子宮口篇」，以他多年來看A片的經歷，分享各類關於有拍攝子宮口畫面的A片。內容的豐富度和專精的程度，堪稱有研究所等級的論文程度，使得該文短短幾小時就被推爆，且還被AV板主M文。(男女 / 2016-09-26 16:14),,0
ettoday,北京便宜坊烤鴨600年前就開了！全球值得一訪12間老餐廳,https://www.ettoday.net/news/20160819/757415.htm,2016-08-19 09:01,越來越多的新穎的餐廳搶客，但是有一部份的旅客就愛老味道，歷久不衰的老餐廳，因為歷史意義和特殊的風格，擁有著穩定的客源。Buzzfeed網站整理了｢世界上最老的12間餐廳｣，歐洲最老的餐廳可以追溯自九世紀，你也想去瞧瞧嗎？(旅遊 / 2016-08-19 09:01),,0
ettoday,【ET晚報】阿扁手抖假不了 陳致中：每秒6.6次,https://www.ettoday.net/news/20160607/712716.htm,2016-06-07 18:41,阿扁手抖真的假不了　陳致中提醫學證據：每秒6.6次 前總統陳水扁保外就醫後，日前坐輪椅首度搭高鐵北上出席募款餐會，卻被質疑手抖症狀「看到鏡頭才手抖」。對此，他的兒子陳致中6日在臉書PO文駁斥，強調「真的假不了，假的真不了！(ET來了 / 2016-06-07 18:41),,0
ettoday,希拉蕊跨過門檻 成為美國第一位大黨女性總統候選人,https://www.ettoday.net/news/20160607/712393.htm,2016-06-07 11:27,美國民主黨總統參選人希拉蕊(Hillary Clinton)在6日的波多黎各（Puerto Rico）黨內初選擊敗對手桑德斯（Bernie Sanders）。《美聯社》也在7日上午的報導指出，希拉蕊已經贏得2383張黨代表票，成功跨越提名門檻，確定可以代表民主黨角逐美國總統寶座，同時也成為美國史上第一位「大黨」女性總統候選人。(國際 / 2016-06-07 11:27),,0
ettoday,波多黎各受虐浪浪→帥氣警犬 鐵漢警察都變狗奴啦,https://www.ettoday.net/news/20160524/703822.htm,2016-05-24 17:27,黑白狗Gorgi是波多黎各巴阿蒙(Bayamón)市警局的大明星，牠的領巾上繡有警察局徽章，胸背上也有警局的金屬牌，儼然是個正式公務員。其實在這之前，牠全身是傷在街頭流浪，偶然的「毛遂自薦」才幸運被警察局收編。(寵物動物 / 2016-05-24 17:27),,0
ettoday,巨乳女醫睡600男爆紅 詐領醫藥費遭逮「素顏像妖怪」,https://www.ettoday.net/news/20160309/660182.htm,2016-03-09 22:12,日本巨乳女醫脇坂英理子是開業整形名醫，暱稱「Rico醫生」，同時也是藝人，經常在綜藝節目中暢談自己的奢華生活，還到牛郎店尋歡作樂，號稱已經睡過的男人超過600個，而且一晚上開瓶費就砸錢日幣900萬（約台幣270萬元）。沒想到她9日驚傳灌水醫療紀錄，詐領健保費以詐欺罪遭到逮捕。(影劇 / 2016-03-09 22:12),,0
ettoday,AV男優超敬業「勃起18小時」 局部腫脹送醫院放血急救,https://www.ettoday.net/news/20160220/650413.htm,2016-02-20 14:44,敬業精神！美國一名AV男優因為拍片過猛，居然在上周住進了醫院，幸好他治療後沒有大礙，還po出數張血腥的手術照。原來，AV男優為了拍攝，使用一種「Caverject」的藥物，讓自己能長時間勃起，沒想到…(新奇 / 2016-02-20 14:44),,0
ettoday,吃藥連續勃起18小時 AV男優「割GG放血」險變太監,https://www.ettoday.net/news/20160220/650475.htm,2016-02-20 12:54,AV產業發達，對於許多男性朋友來說，A片可以說是陪伴度過寂寞時刻的最佳工具，許多人也逐漸投入AV產業、搶食這塊大餅。不過，近日有名美國的AV男優為了拍出更「強大」效果的A片，將藥物注射進生殖器中，卻因為副作用的關係，差點讓他成為太監。(影劇 / 2016-02-20 12:54),,0
ettoday,太空人「小鮮肉」柯瑞亞 回家鄉波多黎各爆紅,https://www.ettoday.net/news/20160217/648919.htm,2016-02-17 16:09,上季22轟創太空人隊史菜鳥紀錄，柯瑞亞(Carlos Correa)大聯盟菜鳥年一鳴驚人，21歲的他甚至成為美聯季後賽史上最年輕轟出單場雙響砲球員，讓他季外返回家鄉波多黎克，成為家喻戶曉的球星。(體育 / 2016-02-17 16:09),,0
ettoday,「防腐屍體」重回牌桌刁牌！波國另類習俗：陪死人玩樂,https://www.ettoday.net/news/20160127/638816.htm,2016-01-27 19:12,面對親友離世，世界各地有不同的哀悼方式。然而在波多黎各 （Puerto Rico）近年來卻掀起一股另類習俗。當地民眾為了緬懷過世親人，會要求葬儀社替屍體進行防腐處理，並與屍體共度最後一次相處的機會。(國際 / 2016-01-27 19:12),,0
ettoday,買《南華》後再洽購《明報》？ 阿里巴巴否認,https://www.ettoday.net/news/20151217/614871.htm,2015-12-17 13:20,阿里巴巴集團以近88億元台幣收購香港《南華早報》不到一周的時間，17日又有消息指稱，阿里巴巴正在洽談收購香港《明報》。不過，阿里巴巴發言人稍早否認上述消息。(大陸 / 2015-12-17 13:20),,0
ettoday,連淋浴時都在搞自拍 波多黎各「最濕女囚」照片外流,https://www.ettoday.net/news/20151125/602891.htm,2015-11-25 16:19,監獄的生活太苦悶，女囚犯苦中作樂玩起自拍。她們違法使用照相手機將穿著暴露的自拍照PO上網，沒想到卻給無所不在的記者刊登在報紙上，這下子她們能出獄的日子又要往後延了！(國際 / 2015-11-25 16:19),,0
ettoday,在開放世界冒險！《正當防衛 3》將於12月1日推出,https://www.ettoday.net/news/20150907/561221.htm,2015-09-07 20:50,台灣萬代南夢宮娛樂於今（9/7）日宣布將於2015年12月1日在PlayStation 4、Xbox ONE以及PC平台上推出開放世界冒險遊戲《Just Cause 3（正當防衛 3）》，遊戲將採英文字幕與語音。(遊戲 / 2015-09-07 20:50),,0
ettoday,小馬青少棒／徐若熙無安打 中華勝波多黎各闖冠軍戰,https://www.ettoday.net/news/20150812/548634.htm,2015-08-12 10:40,小馬聯盟世界青少棒賽中華隊今天(12日)在4強賽出戰波多黎各，靠徐若熙完投5局無安打比賽，周士哲轟出全壘打在內10支安打，提前在5局以10比0贏球，闖進冠軍戰。(體育 / 2015-08-12 10:40),,0
ettoday,什麼事讓網友推爆？ 美1家8口的「故事」湧進百萬善款,https://www.ettoday.net/news/20150725/540354.htm,2015-07-25 22:36,友情無價！美國一名婦女為了信守承諾，在好友離世便堅持收養對方4名女兒，儘管自身已有2名女兒，但仍視如己出；由於一口氣增加4名成員，家庭經濟負擔更加沉重，美婦為了能給6個女孩更美好的生活，目前正透過募資網站募款。(國際 / 2015-07-25 22:36),,0
ettoday,你怎能錯過天使打沙灘排球！VS火辣泳裝秀7大看點,https://www.ettoday.net/news/20150301/471498.htm,2015-03-01 20:44,維多利亞的秘密剛結束去年年底精彩大秀，立刻又馬不停蹄帶給粉絲驚喜──史上第一場VS泳裝秀！美國時間2/26晚間9點，天使們在波多黎各的海灘，上演火辣又帥氣的泳裝大秀。聽起來還不夠吸引人嗎？以下這7個絕佳看點，包準讓你等不及收看！ (消費 / 2015-03-01 20:44),,0
ettoday,Google Project Ara 開發進度公開！DIY手機擬年底上市,https://www.ettoday.net/news/20150121/455907.htm,2015-01-21 11:41,Google 於 1 月 14 日陸續在美國 Google 舊金山山景城總部、紐約、阿根廷布宜諾斯艾利斯以及英國倫敦舉辦 Project Ara 第二次開發者大會，公開了 DIY 手機計劃的最新進度 (ETlife(勿用) / 2015-01-21 11:41),,0
ettoday,Google Project Ara 開發進度公開！DIY手機擬年底上市,https://www.ettoday.net/news/20150115/451761.htm,2015-01-15 10:54,如同先前所預告，Google 於 1 月 14 日陸續在美國 Google 舊金山山景城總部、紐約、阿根廷布宜諾斯艾利斯以及英國倫敦舉辦 Project Ara 第二次開發者大會，公開了 DIY 手機計劃的最新進度，以及最接近上市版本的原型機種跟最新開發套件，預定首款 DIY 手機，將會於年底前上市。(3C家電 / 2015-01-15 10:54),,0
ettoday,《馬達加斯加爆走企鵝》電影同名跑酷手遊 雙平台上架,https://www.ettoday.net/news/20141130/431930.htm,2014-11-30 13:00,由影片「馬達加斯加」系列動畫電影同名手遊《Penguins of Madagascar: Dibble Dash》也正式上架 iOS 和 Android 平臺了！四隻來自南極的企鵝，它們分別是領隊 Skipper、軍師 Kowalski、軍火庫 Rico 和新人 Private ，玩家將帶領這四隻企鵝對戰章魚博士。(遊戲 / 2014-11-30 13:00),,0
ettoday,印尼19歲「補胎美少女」 修車修到客人都戀愛了,https://www.ettoday.net/news/20141112/424988.htm,2014-11-12 17:56,拜現代網路之賜，很多素人只要外型夠好，很容易就一夕成名。印尼的社群網路上最近就有一位突然爆紅的美少女，她除了長相清新之外，目前還在機車行裡工作，幫客人修補輪胎，印尼《羅盤報》（Kompas）12日上午點閱率最高的新聞不是總統出訪APEC，而是「補胎美少女」！(國際 / 2014-11-12 17:56),,0
ettoday,「5cm」超萌約克夏Belle 英國「全世界最小的狗？」,https://www.ettoday.net/news/20141020/415341.htm,2014-10-20 20:09,剛出生又體型迷你的狗狗最可愛了，但世界上最小隻的到底有多小呢？英國東部的大雅茅斯（Great Yarmouth）有一隻約7周大的約克夏（Yorkshire），牠「身高」僅有不可思議的5公分，難怪被外媒評為「可能是世界最小的狗」！(寵物動物 / 2014-10-20 20:09),,0
ettoday,香蕉之夜未央演唱會 波多黎各青年熱情歡唱,https://www.ettoday.net/news/20140829/395305.htm,2014-08-29 17:32,2014 AIESEC全球青年領袖世界大會已圓滿落幕，124國家及地區的世界青年分散於美麗的臺灣，參加大會特別舉辦的「臺灣深度旅遊專案」及「大會旅遊專案」。(生活 / 2014-08-29 17:32),,0
ettoday,「你是我哥！」猴子光看照片 就能認親！,https://www.ettoday.net/news/20140811/388442.htm,2014-08-11 17:19,獼猴成長的過程中，通常待在母親的身邊，往往不熟悉自己的生父是哪位。但是，即使牠們永遠都沒被介紹認識，卻能認出父系的家人。根據發表在《當代生物學》（Current Biology）的研究顯示，研究人員認為，猴子只要看另一隻猴子一眼，就能夠知道牠們是否有親屬關係。(寵物動物 / 2014-08-11 17:19),,0
ettoday,就靠她音樂放鬆！ 科學家：新品水蟎取名珍妮佛羅培茲,https://www.ettoday.net/news/20140717/379426.htm,2014-07-17 14:53,用明星名字給新物種命名的例子很多，科學界也不例外。最近科學家在波多黎各（Puerto Rico）發現新品種的水蟎，就決定用美國流行歌手「翹臀珍」珍妮佛羅培茲（Jennifer Lopez）的名字替水蟎命名，藉此向她致上敬意。(新奇 / 2014-07-17 14:53),,0
ettoday,13歲女兒貼20歲裸男床照外流！ 威爾史密斯夫婦遭調查,https://www.ettoday.net/news/20140522/359960.htm,2014-05-22 10:33,好萊塢A咖男星威爾史密斯（Willow Smith）是娛樂圈內出了名的愛家好男人代表，近日卻因為13歲女兒葳蘿（Willow Smith）和20歲男星摩伊西斯阿里亞斯（Moises Arias）拍攝的「床照」外流，還被媒體爆出，讓夫婦倆將遭到兒福機構調查。不過，老婆事後表示，這一切都是純粹的藝術表現，絕對和性沒有關係。(影劇 / 2014-05-22 10:33),,0
ettoday,影／世界最長、最快、最狂野的三大溜索體驗,https://www.ettoday.net/news/20140426/350722.htm,2014-04-26 21:40,結合速度、高度與所有脆弱，看似無法支撐起身體的安全設備，溜索恐怕是最刺激的戶外活動之一了！不過乘著溜索你總可以經過地球上任何最美麗的景色。但是哪一個地方最值得玩命滑溜索？從地底下50公尺到高空中300公尺，這裡提供世界各地最長、最快、最狂野的溜索體驗！(旅遊 / 2014-04-26 21:40),,0
ettoday,MLB／倪福德大聯盟熱身賽亮相 0.1局無失分,https://www.ettoday.net/news/20140303/330522.htm,2014-03-03 15:48,倪福德本季與道奇簽下小聯盟合約，雖未獲邀參加大聯盟春訓，但3日支援大聯盟熱身賽，倪福德投0.1局無失分，面對2人次，1次保送，1次飛球出局。(體育 / 2014-03-03 15:48),,0
ettoday,MLB／陽耀勳再度上場中繼 2次觸身球失1分,https://www.ettoday.net/news/20140303/330372.htm,2014-03-03 10:22,海盜台灣左投陽耀勳今日台北時間3日再度上場中繼，主投1局失掉1分，也是春訓熱身賽首次掉分，但依然幫助海盜4:1擊敗費城人，陽耀勳仍記中繼成功。(體育 / 2014-03-03 10:22),,0
ettoday,GQ／《殭屍》導演麥浚龍與殭屍男孩MV上演男男激吻情節,https://www.ettoday.net/news/20131204/303326.htm,2013-12-04 11:30,你肯定不會忘記這身骷髏模樣，從一個無名小卒、擁有個人Facebook粉絲團，接著走上2011年Mugler巴黎時裝週秀場，而在客串女神卡卡Lady Gaga《天生如此Born This Way》MV後更知名度大開，(消費 / 2013-12-04 11:30),,0
ettoday,東亞運／關島成棒第一次國際賽 美式風格首戰對中華,https://www.ettoday.net/news/20131005/278643.htm,2013-10-05 13:54,6日中華隊即將迎戰關島隊，根據《關島運動網Guam Sports Network》報導，關島這次由百威棒球聯盟組成明星隊參賽，關島隊自8月初起開始集訓備戰，希望能透過東亞運與各國強隊較勁，增加國際賽經驗。(體育 / 2013-10-05 13:54),,0
ettoday,LLB青少棒／擊敗強敵庫拉索 中華將爭世界冠軍,https://www.ettoday.net/news/20130817/258262.htm,2013-08-17 11:09,"2013年LLB世界青少棒 (Junior League) ，中華隊由桃園縣新明國中所組成，17日在國際組冠軍戰中，再以11比0大勝庫拉索隊，奪得國際組冠軍獎盃。18日凌晨2時將與來自亞利桑那州里奧里科 ( Rio Rico, Arizona) 的美西代表隊對戰，爭奪世界冠軍。(體育 / 2013-08-17 11:09)",,0
ettoday,圖／童星成海璃子轉大人脹乳 全裸賣C奶,https://www.ettoday.net/news/20120820/89827.htm,2012-08-20 12:00,童星出身的日本女星成海璃子日前剛滿20歲，正式轉大人的她也推出最新寫真集《RICO DAYS》和粉絲分享私密心情。只是先前她推出的清純寫真《12歲》，內容走夢幻、清新路線，這回卻是大秀性感，就連胸部罩杯都三級跳，大賣C奶好身材！(影劇 / 2012-08-20 12:00),,0
ettoday,MLB／盜！盜！盜！ 小聯盟最速男將拚單季160盜,https://www.ettoday.net/news/20120609/55572.htm,2012-06-09 13:07,美國職棒聚集了全世界頂尖的棒球人才，每年都有不少小聯盟球員竄出頭，成為球隊的明日之星。而近日辛辛那提紅人隊高階1A出現了一名「最速男」，他本季平均每場比賽完成1.2次盜壘成功，很有機會挑戰單季160次盜壘，而他的名字漢米爾頓(Billy Hamilton)也注定將成為未來球迷關注的焦點。(體育 / 2012-06-09 13:07),,0
ettoday,全球最美味飲品！ CNN：水第1、台灣手搖杯第25,https://www.ettoday.net/news/20111211/12004.htm,2011-12-11 10:45,美國有線電視新聞網(CNN)的旅遊網站《CNN GO》，選出了全世界最美味的50種飲料。其中，榜首就是生活中最不可或缺的「水」，第2名是美國的可口可樂，第3名是衣索匹亞的咖啡；而台灣隨處可見的手搖飲料店也進了榜單，排行第25。(生活 / 2011-12-11 10:45),,0
