ettoday,打敗阿滴、志祺七七！網驚問這組YouTuber是誰 學生力推：老師上課也播,https://www.ettoday.net/news/20211115/2124420.htm,2021-11-15 18:24,一年一度網紅盛會「走鐘獎」在13日晚間頒獎，YouTube頻道「Taiwan Bar」打敗阿滴、志祺七七、77老大、蒼藍鴿，光榮拿下「金頭腦獎」。有網友在Dcard發文表示，名單裡唯一沒看過的就是Taiwan Bar，沒料竟會是由他們得獎，引出許多人熱烈討論！(影劇 / 2021-11-15 18:24),,0
ettoday,換臉太惡劣！《這群人》告小玉妨害名譽 刑事局：筆錄約1小時,https://www.ettoday.net/news/20211115/2124367.htm,2021-11-15 17:26,台灣年度網紅盛典「走鍾獎」在13日晚間舉行，其中網紅團體《這群人》不僅盛裝打扮出席、也受邀擔任評審、頒獎人，沒想到頒獎前鄭茵聲率團員道歉並提前離開頒獎直播現場：「因為我跟木星要代替全場的女性去告一個人。」刑事局15日證實，鄭茵聲和木星針對「換臉案」提告小玉妨害名譽。(社會 / 2021-11-15 17:26),,0
ettoday,蕾菈頒獎前自爆胸垂「要隆乳嗎」 網刷一排問號：尷尬…她正面回應了,https://www.ettoday.net/news/20211115/2124018.htm,2021-11-15 11:44,百萬YouTuber「WACKYBOYS反骨男孩」13日擔任第3屆走鐘獎頒獎人，格外引起討論的是，輪到蕾菈頒發「上班不要看」的獎項時，她突然脫口問全場創作者：「我到底要不要去隆乳？我覺得我的胸部太垂了。」此話一出，收看直播的網友狂刷一排問號，對此，她14日也發文虛心回應了。(影劇 / 2021-11-15 11:44),,0
ettoday,這群人現身刑事局！ 鄭茵聲走鐘獎道歉：要代替全場女性告一個人,https://www.ettoday.net/news/20211115/2123924.htm,2021-11-15 09:42,一年一度的網紅盛典「走鐘獎」在13日晚間舉行，其中團體「這群人」這次不僅盛裝出席，也擔任評審及頒獎人，沒想到在頒獎之前，鄭茵聲率領團員，一起在台上90度鞠躬道歉，原因是該團當天有2人必須要提前離場：「因為我跟木星要代替全場的女性去告一個人。」(影劇 / 2021-11-15 09:42),,0
ettoday,泰國娘娘走鐘獎獲獎「謝謝自由的台灣」 上台先大笑：要講什麼我好餓,https://www.ettoday.net/news/20211114/2123451.htm,2021-11-14 11:55,來自泰國的Alizabeth娘娘日前以一身粉紅造型出席第3屆走鐘獎頒獎典禮，娘娘經營的頻道「娘娘研究室」奪下「懂吃大吃獎」，在一同入圍的「千千進食中」、「萍哥 Pinger」、「Fred吃上癮」、「Ting’s Bistro克里斯丁」、「臺灣尋奇」中脫穎而出。娘娘一聽到自己的名字相當驚訝，上台時不小心踩到裙襬，「黃氏兄弟」瑋瑋趕緊上前牽他上台。(影劇 / 2021-11-14 11:55),,0
ettoday,小A辣變性片奪女主角獎！「林進上台1句話」哭到發抖 全網跟著淚崩,https://www.ettoday.net/news/20211114/2123345.htm,2021-11-14 09:04,YouTube頻道「上班不要看」13日舉辦第3屆走鐘獎頒獎典禮，許多YouTuber紛紛隆重打扮出席，小A辣首次入圍就成功奪下最佳女主角獎，閨蜜林進陪著上台，講沒幾句話就當場痛哭，讓小A辣有些失笑慌張，但接下來林進哭著說出的一句話，讓她跟著泛淚。(影劇 / 2021-11-14 09:04),,0
ettoday,蕾菈穿深V「胸太垂該隆乳嗎」認困擾3年 酷炫一聽台下反應：喜歡垂,https://www.ettoday.net/news/20211113/2123271.htm,2021-11-13 21:36,百萬YouTuber「WACKYBOYS反骨男孩」今（13日）擔任第3屆走鐘獎頒獎人，孫生登台演唱一段饒舌，不過有幾段沒對到音樂，酷炫笑虧：「孫生啊！你要不要回來頒獎，不愧是YT界的表演王，能把正式當彩排。」(影劇 / 2021-11-13 21:36),,0
ettoday,奎丁走鐘獎爆乳走紅毯「正面重摔」 手抖失眠瘦一圈：一吃就想吐,https://www.ettoday.net/news/20211113/2123190.htm,2021-11-13 17:55,正妹YouTuber奎丁今（13日）出席上班不要看第3屆走鐘獎，她身穿深藍色緞面魚尾禮服現身，步上紅毯時不小心踩到裙襬，正面趴地摔倒，紅毯主持人瑪麗直呼：「女生非常辛苦，我們給她掌聲鼓勵。」機智化解，身旁工作人員緊急上前扶她起身。紅毯後奎丁大嘆剛剛跌了一跤，膝蓋現在超級痛，為了這次穿魚尾禮服沒有特別節食，透露因新聞事件常失眠，2周瘦了5公斤。(影劇 / 2021-11-13 17:55),,0
ettoday,白癡公主走紅毯…主持人驚呆：她上下全開！ 「上衣掀起」無P畫面曝光,https://www.ettoday.net/news/20200324/1675277.htm,2020-03-24 14:28,YouTuber白癡公主以惡搞配音走紅，無厘頭的影片風格深受網友喜愛。她日前參加網紅盛典「走鐘獎」時，穿著一襲桃紅色連身禮服，「上下全開」的超大尺度，以及走紅毯時的浮誇動作，都意外掀起不少討論。(影劇 / 2020-03-24 14:28),,0
ettoday,陳思傑／呱吉參選市議員，是來真的嗎？一個社群行銷人的觀點,https://www.ettoday.net/news/20180906/1252616.htm,2018-09-06 10:44,這篇想聊聊這次參選市議員的YouTuber呱吉，到底是不是來真的。我想用自己的眼睛去確認：一個網路重度使用者，可以怎麼做好「選民」這個角色？社群的資訊流通性、社群演算法造成的厚厚同溫層，真的有辦法幫助判斷該做怎樣的選擇嗎？(論壇 / 2018-09-06 10:44),,0
ettoday,呱吉改名「邱議員」 洪健益酸：改成邱吉爾效果更好,https://www.ettoday.net/news/20180330/1141192.htm,2018-03-30 15:12,原名邱威傑的網紅「呱吉」，日前傳出將參選台北市議員，30日接受專訪時證實將參選松山信義區，還狂言要「打倒國民黨五個老白痴」。對此，松山信義區民進黨籍市議員洪健益表示，年滿20歲都有改名兩次的機會，他要改邱議員、邱總統、邱市長都可以，「一樣是80元，我建議邱議員改成『邱吉爾』效果會更好。」(政治 / 2018-03-30 15:12),,0
ettoday,網紅首參政！呱吉「邱議員」參選台北市議員：要打倒政壇老白痴,https://www.ettoday.net/news/20180330/1140868.htm,2018-03-30 14:54,網路直播主「呱吉」才把本名邱威傑改成「邱議員」，拍成影片直搗參選台北市議員的謠言，網友們看這齣笑呵呵卻看不懂到底要不要參選？他30日早上卻在廣播節目證實，將以無黨籍身分參選台北市松山、信義區市議員，憑藉「網紅」實力打破選舉老舊思維，預計下星期將成立官方網站；至於選舉政見，他目前僅表示打倒「國民黨的5個老白痴」未來會慢慢公布政見！(政治 / 2018-03-30 14:54),,0
ettoday,呱吉真的變成「邱議員」！投資競選經費80元 大秀證據影片曝光,https://www.ettoday.net/news/20180330/1140775.htm,2018-03-30 01:40,網路紅人「呱吉」近期傳出將參選台北市松山信義區議員。呱吉今在他經營的「上班不要看」頻道上PO出影片正式回應成為「邱議員」，但真相卻是去戶政事務所直接改名，讓網友笑翻。 (網搜 / 2018-03-30 01:40),,0
ettoday,「呱吉」也來尬一角！AR解謎手遊《鎮山》配音陣容曝光,https://www.ettoday.net/news/20180205/1108226.htm,2018-02-05 23:21,AR 行動定位偵探解謎手機遊戲《鎮山》，是一款由來自美國紐約的台灣新創團隊 Toii（又稱踢歐哎哎實驗室）所打造的作品，遊戲目前已正式於 iOS 和 Android 雙平台推出。開發團隊在 2 月 5 日公開台灣人氣網路歌手「薛南」領銜演唱的遊戲主題曲「知了」MV，並宣布《鎮山》原聲帶專輯於 Spotify、KKBOX、iTunes 等國內外知名數位音樂平台同步發行。(遊戲 / 2018-02-05 23:21),,0
ettoday,遭爆走後門！求走鐘獎「安插1個」張旭認了 網再挖板擦妹內幕,https://www.ettoday.net/news/20211127/2133005.htm,2021-11-27 11:49,數學補教名師張旭日前將教學影片上傳到YouTube，讓幫忙擦黑板的超正板姐「芸寶」爆紅，該影片觀看數甚至高達近30萬次，張旭也再度成為話題。不過，就有鍵盤柯南發現，張旭團隊似乎曾寄信給「上班不要看」，希望對方在走鐘獎上安插一個獎項給他，線索交叉比對後，網友們不禁直嘆「一切都是為了行銷。」(生活 / 2021-11-27 11:49),,0
ettoday,奎丁走紅毯「跌倒惡作劇」 走鐘獎負責人呱吉：算網路媒體特有文化,https://www.ettoday.net/news/20211123/2129743.htm,2021-11-23 10:02,正妹YouTuber奎丁13日出席上班不要看舉辦的第3屆走鐘獎，她身穿深藍色緞面魚尾禮服現身，步上紅毯時，摔倒正面趴地，讓工作人員相當緊張。奎丁昨（22日）上傳新片，她在片中邀請教練「練習跌倒」，也表示在走鐘獎前一天到現場場勘。對此走鐘獎負責人呱吉也向《ETtoday》回應了。(影劇 / 2021-11-23 10:02),,0
ettoday,奎丁走鐘獎重摔「穿禮服練跌倒」影片曝！ 前1天場勘：我將一跌成名,https://www.ettoday.net/news/20211122/2129616.htm,2021-11-22 23:33,正妹YouTuber奎丁13日出席上班不要看舉辦的第3屆走鐘獎，她身穿深藍色緞面魚尾禮服現身，步上紅毯時，摔倒正面趴地，讓工作人員相當緊張。奎丁今（22日）上傳新片「走鐘獎跌倒！摔得真好？！」她在片中邀請教練「練習跌倒」，也表示在走鐘獎前一天到現場場勘。(影劇 / 2021-11-22 23:33),,0
ettoday,被質疑「切割愛莉莎莎」！ 阿圓正面回擊…親揭兩人真實關係,https://www.ettoday.net/news/20211120/2127939.htm,2021-11-20 00:30,YouTube頻道上班不要看13日舉辦第3屆走鐘獎頒獎典禮，許多知名YouTuber都前往共襄盛舉，不過有網友發現愛莉莎莎並沒參加這屆的走鐘獎，懷疑她因為今（2021）年發生太多失言爭議，所以遭到切割，對此，她透過IG反駁遭切割的說法，澄清自己只是因為當天有私事不克出席，而被點名與她切割的好友阿圓也出面發聲。 (影劇 / 2021-11-20 00:30),,0
ettoday,缺席走鐘獎被指「失言遭切割」！ 愛莉莎莎回應吐實：別亂腦補,https://www.ettoday.net/news/20211119/2127827.htm,2021-11-19 19:09,由YouTube頻道「上班不要看」舉辦的第3屆走鐘獎日前順利落幕，許多知名網紅、藝人都受邀出席，備受外界討論及關注。不過就網友發現，坐擁百萬訂閱的「愛莉莎莎」這次罕見缺席，被傳是因為屢次失言而遭切割，對此，她本人稍早出面回應了。(影劇 / 2021-11-19 19:09),,0
ettoday,柯舜智／「走鐘獎」已看見「金鐘獎」車尾燈,https://www.ettoday.net/news/20211118/2126873.htm,2021-11-18 23:00,走鐘獎有三金典禮的御用司儀、鋪上紅毯的星光大道、仿金鐘的走鐘獎座、公司化的製作團隊，再冠文化部影視局作指導單位，讓這個原本是由使用者生產內容的自媒體創作風潮，在大量增添專業生產內容之後，逐步轉型為職業生產內容，而專業化與職業化的多元社群媒體作品，帶給傳統影視產業不亞於OTT的衝擊。(論壇 / 2021-11-18 23:00),,0
ettoday,董仔走鐘獎後虛脫「累到癱地不起」！ 展榮心疼抱：向女性們致敬,https://www.ettoday.net/news/20211115/2124507.htm,2021-11-15 22:54,由YouTube頻道「上班不要看」主辦的網紅盛會「走鐘獎」在13日舉行，來自各方的創作者都盛裝打扮出席，相當有看頭。不過，「這群人」展榮事後曝光1張照片，拍下團員董仔在典禮結束後累癱的模樣，心疼大呼：「向昨晚的女性們致敬，妳們辛苦了。」(影劇 / 2021-11-15 22:54),,0
ettoday,上屆走鐘獎無罩挨轟！ 一隻阿圓「這1年真的好難」…吐複雜心聲,https://www.ettoday.net/news/20211115/2124504.htm,2021-11-15 22:15,由YouTube頻道「上班不要看」舉辦的走鐘獎今年邁入第3屆，已於13日順利落幕，包括反骨男孩、這群人、木曜4超玩等等都有參加，造成不少話題。其中，「一隻阿圓」去年因從韓國返台，未滿隔離期就無罩出席挨轟，如今再次登上典禮，吐露1年多來的複雜心聲。(影劇 / 2021-11-15 22:15),,0
ettoday,打敗阿滴、志祺七七！網驚問這組YouTuber是誰 學生力推：老師上課也播,https://www.ettoday.net/news/20211115/2124420.htm,2021-11-15 18:24,一年一度網紅盛會「走鐘獎」在13日晚間頒獎，YouTube頻道「Taiwan Bar」打敗阿滴、志祺七七、77老大、蒼藍鴿，光榮拿下「金頭腦獎」。有網友在Dcard發文表示，名單裡唯一沒看過的就是Taiwan Bar，沒料竟會是由他們得獎，引出許多人熱烈討論！(影劇 / 2021-11-15 18:24),,0
ettoday,換臉太惡劣！《這群人》告小玉妨害名譽 刑事局：筆錄約1小時,https://www.ettoday.net/news/20211115/2124367.htm,2021-11-15 17:26,台灣年度網紅盛典「走鍾獎」在13日晚間舉行，其中網紅團體《這群人》不僅盛裝打扮出席、也受邀擔任評審、頒獎人，沒想到頒獎前鄭茵聲率團員道歉並提前離開頒獎直播現場：「因為我跟木星要代替全場的女性去告一個人。」刑事局15日證實，鄭茵聲和木星針對「換臉案」提告小玉妨害名譽。(社會 / 2021-11-15 17:26),,0
ettoday,蕾菈頒獎前自爆胸垂「要隆乳嗎」 網刷一排問號：尷尬…她正面回應了,https://www.ettoday.net/news/20211115/2124018.htm,2021-11-15 11:44,百萬YouTuber「WACKYBOYS反骨男孩」13日擔任第3屆走鐘獎頒獎人，格外引起討論的是，輪到蕾菈頒發「上班不要看」的獎項時，她突然脫口問全場創作者：「我到底要不要去隆乳？我覺得我的胸部太垂了。」此話一出，收看直播的網友狂刷一排問號，對此，她14日也發文虛心回應了。(影劇 / 2021-11-15 11:44),,0
ettoday,這群人現身刑事局！ 鄭茵聲走鐘獎道歉：要代替全場女性告一個人,https://www.ettoday.net/news/20211115/2123924.htm,2021-11-15 09:42,一年一度的網紅盛典「走鐘獎」在13日晚間舉行，其中團體「這群人」這次不僅盛裝出席，也擔任評審及頒獎人，沒想到在頒獎之前，鄭茵聲率領團員，一起在台上90度鞠躬道歉，原因是該團當天有2人必須要提前離場：「因為我跟木星要代替全場的女性去告一個人。」(影劇 / 2021-11-15 09:42),,0
ettoday,1218公投》吳崑玉／在民主政治高速公路上 台灣僅學會直線加速——「選舉」,https://www.ettoday.net/news/20211114/2123615.htm,2021-11-14 20:17,講白點，雖然近日藍綠雙方為了四大公投戰得烽火連天，雙方都「呼群保義，在此一舉」；「國家興亡，在此一戰」。當成總統大選在打，或視為閣揆保衛戰，也有人說成2022年選舉前哨戰。但現實上民眾對公投頗為冷感。(論壇 / 2021-11-14 20:17),,0
ettoday,泰國娘娘走鐘獎獲獎「謝謝自由的台灣」 上台先大笑：要講什麼我好餓,https://www.ettoday.net/news/20211114/2123451.htm,2021-11-14 11:55,來自泰國的Alizabeth娘娘日前以一身粉紅造型出席第3屆走鐘獎頒獎典禮，娘娘經營的頻道「娘娘研究室」奪下「懂吃大吃獎」，在一同入圍的「千千進食中」、「萍哥 Pinger」、「Fred吃上癮」、「Ting’s Bistro克里斯丁」、「臺灣尋奇」中脫穎而出。娘娘一聽到自己的名字相當驚訝，上台時不小心踩到裙襬，「黃氏兄弟」瑋瑋趕緊上前牽他上台。(影劇 / 2021-11-14 11:55),,0
ettoday,小A辣變性片奪女主角獎！「林進上台1句話」哭到發抖 全網跟著淚崩,https://www.ettoday.net/news/20211114/2123345.htm,2021-11-14 09:04,YouTube頻道「上班不要看」13日舉辦第3屆走鐘獎頒獎典禮，許多YouTuber紛紛隆重打扮出席，小A辣首次入圍就成功奪下最佳女主角獎，閨蜜林進陪著上台，講沒幾句話就當場痛哭，讓小A辣有些失笑慌張，但接下來林進哭著說出的一句話，讓她跟著泛淚。(影劇 / 2021-11-14 09:04),,0
ettoday,蕾菈穿深V「胸太垂該隆乳嗎」認困擾3年 酷炫一聽台下反應：喜歡垂,https://www.ettoday.net/news/20211113/2123271.htm,2021-11-13 21:36,百萬YouTuber「WACKYBOYS反骨男孩」今（13日）擔任第3屆走鐘獎頒獎人，孫生登台演唱一段饒舌，不過有幾段沒對到音樂，酷炫笑虧：「孫生啊！你要不要回來頒獎，不愧是YT界的表演王，能把正式當彩排。」(影劇 / 2021-11-13 21:36),,0
ettoday,小A辣走鐘獎開深V登場！ 轉身辣洩「細腿＋雪白美背」網讚：像美人魚,https://www.ettoday.net/news/20211113/2123264.htm,2021-11-13 21:12,YouTube頻道「上班不要看」13日舉辦第3屆走鐘獎頒獎典禮，許多YouTuber紛紛隆重打扮出席，身材火辣的網紅小A辣也沒放過這次機會，選穿了藍色緊身禮服出場，還自信地來段走秀，曬在臉書後，引發網友熱烈回響，稱讚她「除了妳沒人駕馭的了這身衣服」。 (影劇 / 2021-11-13 21:12),,0
ettoday,王思佳擠完奶穿「超緊身禮服」 下馬威出席走鐘獎：YT圈比較溫暖,https://www.ettoday.net/news/20211113/2123253.htm,2021-11-13 20:43,王思佳近來開啟YouTube頻道「王思佳的王美頻道Beauty Wang」，她在片中自然活潑的分享王美語錄，吸引一票粉絲追隨。王思佳今（13日）以「創作者」身份出席由上班不要看舉辦的第3屆走鐘獎頒獎典禮，謙虛表示：「做頻道1年多，是抱著蹭熱度的心情來，他們都蠻敬老尊賢，都說『思佳姐好』，我才要跟他們拜碼頭，原來YouTuber圈比較溫暖。」(影劇 / 2021-11-13 20:43),,0
ettoday,一隻阿圓「走鐘獎發防疫品」 呱吉砸700萬打造典禮：去年有小瑕疵,https://www.ettoday.net/news/20211113/2123204.htm,2021-11-13 18:39,YouTube頻道上班不要看今（13日）舉辦第3屆走鐘獎頒獎典禮，負責人呱吉（邱威傑）表示今年作品比以往多，角逐的作品有1500件，在評選花了非常多時間，最後選出34個獎項，透露這屆規模較往年盛大，花了700萬元打造典禮，「跟以前規模有差10倍左右，上一屆3、400萬左右，第一屆約3、40萬。」(影劇 / 2021-11-13 18:39),,0
ettoday,奎丁走鐘獎爆乳走紅毯「正面重摔」 手抖失眠瘦一圈：一吃就想吐,https://www.ettoday.net/news/20211113/2123190.htm,2021-11-13 17:55,正妹YouTuber奎丁今（13日）出席上班不要看第3屆走鐘獎，她身穿深藍色緞面魚尾禮服現身，步上紅毯時不小心踩到裙襬，正面趴地摔倒，紅毯主持人瑪麗直呼：「女生非常辛苦，我們給她掌聲鼓勵。」機智化解，身旁工作人員緊急上前扶她起身。紅毯後奎丁大嘆剛剛跌了一跤，膝蓋現在超級痛，為了這次穿魚尾禮服沒有特別節食，透露因新聞事件常失眠，2周瘦了5公斤。(影劇 / 2021-11-13 17:55),,0
ettoday,開箱台中金錢豹KTV 「國語排行榜冠軍」竟是他們2年前的歌曲,https://www.ettoday.net/news/20211017/2103240.htm,2021-10-17 15:05,日前「上班不要看」、「蔡阿嘎」等YouTuber，開箱台中金錢豹自助式KTV，意外發現國語排行榜第一名是原子邦妮前年推出的歌曲《在名為未來的波浪裡》，讓原子邦妮覺得十分有趣，笑說：「很開心看到我們的音樂被這麼多人喜愛！」 (影劇 / 2021-10-17 15:05),,0
ettoday,誰是台灣男神級YouTuber？ 鄉民少女心噴發「點名他」：帥到瘋,https://www.ettoday.net/news/20211016/2102757.htm,2021-10-16 17:39,你心目中「最帥YouTuber」是誰呢？有網友在批踢踢上發起討論，好奇詢問眾人「大家覺得台灣哪位YouTuber超帥是男神等級？」貼文曝光後，立刻讓網友一致點名「上班不要看」成員阿傑並且紛紛瘋喊「根本帥到瘋掉！」(生活 / 2021-10-16 17:39),,0
ettoday,LINE熱門貼圖下殺1折！ 26款限時下載,https://www.ettoday.net/news/20211009/2097863.htm,2021-10-09 17:48,LINE貼圖超狂優惠來了！為慶祝雙十國慶日，LINE特別精選26款貼圖限時1折，通通只要新台幣6元就能打包回家用到爽。(財經 / 2021-10-09 17:48),,0
ettoday,收到鄭家純送的飛機杯！ 呱吉看「蔡哥尺寸」一比傻眼：真的生氣了,https://www.ettoday.net/news/20210913/2078723.htm,2021-09-13 21:33,藝人鄭家純（雞排妹）經營自創情趣用品品牌，前陣子大力宣傳的飛機杯「純愛杯」，也送了不少給身邊的網紅試用，台北市議員兼YouTube頻道「上班不要看」的老闆呱吉（邱威傑）也收到了公關品，不料卻因為身旁頻道成員蔡哥拿到的尺寸比他大，讓他傻眼「這下子我真的生氣了」，笑翻網友。 (影劇 / 2021-09-13 21:33),,0
ettoday,YouTuber「青澀當兵照」神撞臉藍正龍！ 海軍陸戰隊高顏值驚呆網,https://www.ettoday.net/news/20210904/2071917.htm,2021-09-04 15:01,昨（3日）是九三軍人節，不少人都趁著這天曬出過去當兵時的照片，其中也包括YouTuber阿傑（廉傑克曼、RJ）。當天，他翻出一系列穿著迷彩軍服的青澀舊照，模樣被指神似男星藍正龍，高顏值更令網紅蕾菈（Lyla）看了忍不住驚呼：「怎麼可以怎樣都長這麼好看？」(影劇 / 2021-09-04 15:01),,0
ettoday,好萊塢巨星「打工辛酸畫面」流出 瞿友寧、呱吉笑瘋被療癒,https://www.ettoday.net/news/20210826/2064660.htm,2021-08-26 07:14,集結三大金獎影帝勞勃狄尼洛、摩根費里曼、湯米李瓊斯爆笑主演的年度爆笑喜劇片《詐製片家》，片中三位影帝為了詐領保險金，竟把歪腦筋動到電影上，以製片身份惡搞拍片現場，超爆笑題材讓許多台灣影人看得心有戚戚焉。(影劇 / 2021-08-26 07:14),,0
ettoday,《木曜》爆退訂潮…蔡哥首發聲！ 揭錄影後私下互動：節目成功了,https://www.ettoday.net/news/20210707/2024511.htm,2021-07-07 08:27,網路節目《木曜4超玩》近日爆出爭議，在日前播出的〈一個屋簷下〉苗栗篇中，來賓蔡哥頻頻被其他表演者嗆，引起部分網友不滿認為太欺負人，甚至意外掀起一陣退訂潮。面對外界批評聲浪，身為當事人的蔡哥今（7日）凌晨親自發文回應：「我很開心也完全沒事，希望大家不要因為我去跟人家吵成一團。」(影劇 / 2021-07-07 08:27),,0
ettoday,OREO＋牛奶微波＝布朗尼！ 阿傑實作蹦出「超噁成品」：這吃得下去？,https://www.ettoday.net/news/20210526/1991900.htm,2021-05-26 18:57,YouTuber阿傑（廉傑克曼、RJ）為樂團「七月半」的成員之一，也曾是YouTube頻道「上班不要看」成員之一，目前將創作主力放在個人頻道，與公司轉成外部合作形式。他經常在頻道及個人社群曬出許多搞笑創作短片，近日他在家嘗試網路上流傳的布朗尼實作法，沒想到成品出爐卻大失敗，笑翻許多網友。 (影劇 / 2021-05-26 18:57),,0
ettoday,政治獻金漏洞？網紅議員一日雙塔「斗內破50萬」超狂 呱吉回應了,https://www.ettoday.net/news/20210326/1947365.htm,2021-03-26 21:39,網紅出身的無黨籍台北市議員邱威傑，擁有個人頻道「呱吉」及由他創辦的網紅頻道「上班不要看」，2頻道合計斗內收益達新台幣150萬餘元，堪稱最會擅長透過網友斗內吸金的政壇公職。 (政治 / 2021-03-26 21:39),,0
ettoday,「160分鐘0冷場」！首播飆6.3萬人…讚爆《木曜4》全明星運動大會,https://www.ettoday.net/news/20210115/1899022.htm,2021-01-15 02:40,《木曜4》主辦的第二屆YARTIST全明星運動大會在14日晚間首播，正片2小時40分鐘（影片總長2小時55分鐘）0冷場、留言0負評，在麥卡貝電視吸引了最高同時在線1.6萬人一起觀看；YouTube深夜首播在10分鐘內就衝破3萬人觀看，最高同時在線更到6.3萬人。競賽內容高潮迭起，網友看到看最後都直呼「好感動」。(網搜 / 2021-01-15 02:40),,0
ettoday,千萬YouTuber木曜運動會！狠愛演「奇蹟同台」…破萬人卡位等首播,https://www.ettoday.net/news/20210114/1898725.htm,2021-01-14 18:25,知名YouTube頻道《木曜4超玩》以體驗各行各業的「一日系列」橫走YouTube發燒排行榜，培養一批死忠的粉絲。2019年首創「YARTIST全明星運動會」引發廣大迴響，2020再續辦第二屆，齊聚千萬訂閱的網紅運動場上廝殺。節目首播將在14日晚上8點提早登場。(網搜 / 2021-01-14 18:25),,0
ettoday,蔡阿嘎義賣！球芽基金募資剩半個月 周思齊邀大家一起來,https://www.ettoday.net/news/20210111/1896299.htm,2021-01-11 17:19,中信兄弟球員周思齊創辦的「球芽基金」，去年底進行募資，目前募資共募得約64萬，募資預計到1月31日截止，剩下最後半個多月，周思齊邀請大家一起參與募資灌溉球芽。(體育 / 2021-01-11 17:19),,0
ettoday,呱吉「9000萬負債」靠3年搞定 驚爆：千萬不要隨便買遊戲股,https://www.ettoday.net/news/20201226/1884886.htm,2020-12-26 09:54,知名YouTuber邱威傑（呱吉），上半場人生過得任性精彩，但35歲突如其來的一堂負債9千萬元的課，逼著他扛下整頓家族企業的重責大任，足足3年過得焦頭爛額，但也從中獲得極大養分。修完理債學分後，如今他開始修習投資理財課，不僅長期持有ETF，也用3條件選股，慢慢墊高財富水位。(財經 / 2020-12-26 09:54),,0
ettoday,黃氏兄弟「3000片餅乾蓋薑餅屋」 挨轟浪費食物…曝處理過程,https://www.ettoday.net/news/20201222/1881536.htm,2020-12-22 10:32,知名YouTuber「黃氏兄弟」由哲哲（黃雍哲）與弟弟瑋瑋（黃挺瑋）組成，在YouTube擁有162萬粉絲訂閱，近期準備了聖誕特別企劃，聯合了見習網美小吳、白癡公主、魚乾、上班不要看等多組人馬，親手製作薑餅屋，互相送給指定的人，但兩人製作的巨大薑餅屋卻被質疑浪費食物，在網路上引起不少討論。(影劇 / 2020-12-22 10:32),,0
ettoday,薑餅屋塞「菜脯餅+蜜餞」送禮…遭批隨便！ 小吳：只是想當驚喜,https://www.ettoday.net/news/20201219/1880135.htm,2020-12-19 22:40,每年聖誕節，不少人都會和身邊朋友聚會狂歡、交換禮物，製造難忘的佳節回憶。知名YouTuber「黃氏兄弟」就推出特別企劃，聯合「見習網美小吳」、「白癡公主」、「魚乾」、「上班不要看」等多組人馬，親手製作薑餅屋，送給指定的人。(影劇 / 2020-12-19 22:40),,0
ettoday,《返校》影集「學姊」韓寧美翻！回眸一笑煞到網紅HOOK,https://www.ettoday.net/news/20201126/1863503.htm,2020-11-26 19:30,華語驚悚影集《返校》由李玲葦及韓寧為雙女主角，26日發布「爆雷枕頭戰」宣傳影片，邀請到知名團體「上班不要看」成員蔡哥，以及破70萬訂閱的網紅HOOK挑戰「不准爆雷」追劇派對。劇中飾演教官的演員趙正平一出場就霸氣十足，一聲令下就讓蔡哥乖乖接受懲罰伏地挺身，驚人氣勢堪稱全台最恐怖教官。(影劇 / 2020-11-26 19:30),,0
ettoday,鄭人碩失傳「金手指」大嘆：遺憾！ 呱吉自嘲「這點」像酒店小姐,https://www.ettoday.net/news/20201120/1858387.htm,2020-11-20 11:30,同學注意！納豆X鄭人碩兩位自帶綜藝感的金馬準男配來廝殺！還有上班不要看首領呱吉aka台北市議員邱威傑大解密雙重身份甘苦談，本週立喆也要來尬全台第一台MINI GP，偷天換日不是夢！(影劇 / 2020-11-20 11:30),,0
ettoday,爺爺演技壓視帝！房仲7分鐘新廣告太催淚 不到1周觀看破300萬,https://www.ettoday.net/news/20201106/1848799.htm,2020-11-06 19:05,上班不要看！信義房屋「信任幸福篇」7分鐘劇情短片，以一名戶政事務所工作人員的視角，探討「疑婚」及「信任」議題，因為一名老爺爺為了守護與亡妻之間回憶，硬拖到最後一刻才重辦戶口、小心翼翼守護兩人回憶，賺人熱淚，引發熱議、短片在網路上瘋傳。 (房產雲 / 2020-11-06 19:05),,0
ettoday,小S質疑新課綱刪三國「有什麼好抽掉？」 呱吉：讀書的事問她幹嘛,https://www.ettoday.net/news/20200912/1807253.htm,2020-09-12 09:50,教育部推出的新課綱隨著近日開學受到關注，有國中歷史老師發現新版教課書中，三國、劉邦等內容被刪減，因而引發討論是否略古詳今，對此小S表示：「三國志有什麼好抽掉的啊？讓小朋多讀一些歷史不是很好嗎？」沒想到她的這番話遭多位公眾人物批評。(影劇 / 2020-09-12 09:50),,0
ettoday,「上班不要看」呱吉爸中風突從病房消失 錯愕扛下9000萬債務,https://www.ettoday.net/news/20200827/1794376.htm,2020-08-27 07:40,"Youtuber呱吉（邱威傑），上半場人生過得任性精彩，但35歲突如其來的一堂負債9,000萬的課，逼著他扛下整頓家族企業的重責大任，足足3年，他過得焦頭爛額，但也從中獲得極大養分。(影劇 / 2020-08-27 07:40)",,0
ettoday,麻希正顎手術「前後對比照」公開！ 告別20年困擾曝「最大變化」：感覺超棒,https://www.ettoday.net/news/20200814/1784406.htm,2020-08-14 08:09,「上班不要看」成員麻希日前突然剪掉長髮剃光頭讓網友嚇了一跳，原因揭曉原來是為了要做正顎手術，方便術後洗頭乾脆剪了個清爽的造型。如今幾個月過去了，她陸續分享術後的近況以及心得，不少網友都誇術後的她看起來更年輕了。(影劇 / 2020-08-14 08:09),,0
ettoday,蔡哥2年胖10公斤⋯挑戰7天全家健康志向蛋白纖食餐 立志重回陽光男孩,https://www.ettoday.net/news/20200721/1756577.htm,2020-07-21 15:11,Youtuber蔡哥以「尷尬」的笑話聞名，在Youtube上班不要看的頻道一直是深受粉絲歡迎的角色，但經過無情拍片摧殘、職業傷害後，蔡哥的身材就像氣球一樣「膨脹」起來，短短兩年就胖了10公斤。(消費 / 2020-07-21 15:11),,0
ettoday,「上班不要看」麻希剃成光頭！3年長髮一刀剪短嚕掉 最終成果男友靜默了,https://www.ettoday.net/news/20200623/1744218.htm,2020-06-23 09:01,麻希是YouTuber上班不要看的成員之一，身材好又個性爽朗，就像鄰家大姐姐一樣。近日她無預警公開近況照，沒想到飄逸長髮竟被光頭取代，嚇了粉絲一大跳。(影劇 / 2020-06-23 09:01),,0
ettoday,白癡公主走紅毯…主持人驚呆：她上下全開！ 「上衣掀起」無P畫面曝光,https://www.ettoday.net/news/20200324/1675277.htm,2020-03-24 14:28,YouTuber白癡公主以惡搞配音走紅，無厘頭的影片風格深受網友喜愛。她日前參加網紅盛典「走鐘獎」時，穿著一襲桃紅色連身禮服，「上下全開」的超大尺度，以及走紅毯時的浮誇動作，都意外掀起不少討論。(影劇 / 2020-03-24 14:28),,0
ettoday,上班不要看「3月零收入」 呱吉爆準備紓困：緩慢窒息中！,https://www.ettoday.net/news/20200319/1671904.htm,2020-03-19 20:21,網紅呱吉（邱威傑）除了是台北市議員之外，他還是知名Youtube 頻道「上班不要看」的創辦人，但近期受到新冠肺炎疫情衝擊，他透露頻道從3月迄今零進帳，更已準備紓困貸款，打算長期抗戰。(影劇 / 2020-03-19 20:21),,0
ettoday,境外移入病例激增！為何不早點封關？ 呱吉揭最大難處,https://www.ettoday.net/news/20200319/1671911.htm,2020-03-19 20:02,中央流行疫情指揮中心19日宣布新增8起新冠肺炎確診個案，使台灣確診病例累計來到108例，其中78例是境外移入，30例是本土病例。境外移入病例連環爆，也引發為何不早點封關的批評聲浪，台北市議員邱威傑（呱吉）揭露最大難處。(政治 / 2020-03-19 20:02),,0
ettoday,網紅阿圓韓國回台「衝台大做篩檢」！ 被醫護打臉：我真的白目…潔哥開戰WTF,https://www.ettoday.net/news/20200303/1658434.htm,2020-03-03 11:48,YouTuber「一隻阿圓」從南韓返台後，沒有做自主隔離，還參加大型頒獎典禮「走鐘獎」，沒戴口罩和其他網紅合照遭砲轟，雖然已經道歉，卻仍無法澆熄網友怒火。她原本要到醫院篩檢，卻被痛批「不要浪費醫療資源」，就連潔哥也開罵：「防疫會有缺口都是這種人害的！」(影劇 / 2020-03-03 11:48),,0
ettoday,《木曜4》日本回台「沒戴口罩跑大型典禮」被罵爆！ PTT列時間軸抓包,https://www.ettoday.net/news/20200303/1658417.htm,2020-03-03 11:37,網紅一隻阿圓從南韓返台沒做好自主健康管理，出席大型活動走鐘獎沒戴口罩並與其他YouTuber們貼近合照，引起批評聲浪。有網友2日提出在場的人員中，擁有百萬粉絲的木曜4超玩也沒做好自我健康管理，主辦活動的上班不要看也遭到譴責。(影劇 / 2020-03-03 11:37),,0
ettoday,網紅南韓返台…參加頒獎典禮被譙翻！主辦單位出面道歉了,https://www.ettoday.net/news/20200303/1658148.htm,2020-03-03 00:40,YouTuber「一隻阿圓」日前到南韓拍片，但回台後沒做自主隔離，閉關3天就參加YouTuber大型頒獎典禮「走鐘獎」，遭到外界砲轟，事後她發文道歉，主辦單位「上班不要看」也出面致歉：「的確沒有善盡監督的責任。」(影劇 / 2020-03-03 00:40),,0
ettoday,阿樂「下半身全透視」主持被看光！ 細肩帶快撐不住「超巨半球」一彎腰…Joeman喊聲了,https://www.ettoday.net/news/20200302/1657797.htm,2020-03-02 15:00,有「隱乳女神」稱號的電競實況主阿樂（林妤臻）跨足綜藝節目大受歡迎，吸引不少工作找上門，她最近接下主持任務，是由知名YouTube頻道「上班不要看」舉辦的第2屆走鐘獎，上深V下透視的打扮讓酷炫凍未條直呼：「妳今天這套很猛！」(影劇 / 2020-03-02 15:00),,0
ettoday,網紅從韓國回台沒隔離！ 秒參加「全台YouTuber大型聚會」…沒戴口罩拍照被罵翻,https://www.ettoday.net/news/20200302/1657788.htm,2020-03-02 14:48,YouTuber「一隻阿圓」常分享美妝資訊，也常到南韓旅遊拍片，算是韓系網紅，日前她不畏疫情延燒，按照原訂行程到南韓拍片，回台後卻沒做自主隔離，才閉關3天就參加YouTuber大型聚會典禮「走鐘獎」，和一群YouTuber親密自拍，遭到網友砲轟：「這樣根本不管他人安危啊........這是能開玩笑的事嗎！」她也緊急出面道歉。(影劇 / 2020-03-02 14:48),,0
ettoday,木星走鐘獎「沒穿內衣」現身…董仔網襪氣壓全場！ 辣照被吐槽：不是說好隨便穿？,https://www.ettoday.net/news/20200301/1657222.htm,2020-03-01 15:51,知名YouTube頻道「上班不要看」2月底舉辦第2屆走鐘獎，許多YouTuber難得齊聚一堂，走紅毯時更是爭奇鬥艷。「這群人」的木星、董仔盛裝出席，罕見的破尺度打扮辣翻一票粉絲，她甚至誇口：「我連內衣都沒穿了！」(影劇 / 2020-03-01 15:51),,0
ettoday,蕾菈走紅毯「中門大開」狂露渾圓半球！ 滴妹也來了「透出深溝」…網：邪惡視角,https://www.ettoday.net/news/20200301/1657044.htm,2020-03-01 10:57,知名YouTube頻道「上班不要看」2月底舉辦第2屆走鐘獎，許多YouTuber難得齊聚一堂，走紅毯時更是爭奇鬥艷。蕾菈當天跟著反骨男孩出席，穿著鮮紅色長禮服一下車就搶光鏡頭焦點，不時遮住胸口避免不慎走光，辣到網友直呼：「車頭燈太兇了！」(影劇 / 2020-03-01 10:57),,0
ettoday,台灣公認3大「高顏值YouTuber」快追起來！ 95％激似藍正龍：看了能調經,https://www.ettoday.net/news/20200125/1605790.htm,2020-01-25 18:00,隨著網路世代的來臨，加上各個社群平台的崛起，每位素人都有可能成為網紅，也都有爆紅的機會，尤其愈來愈多人關注YouTuber，各式各樣的影片創作者在YouTube這個平台上大放異彩。(影劇 / 2020-01-25 18:00),,0
ettoday,秋冬補助倒數！13位人氣網紅帶路 南投13鄉鎮玩透透,https://www.ettoday.net/news/20200111/1622691.htm,2020-01-11 08:00,延長至今年1月底的秋冬旅遊補助，進入最後倒數階段，為了爭取還未使用的客源，並搶攻春節連假的出遊商機，南投縣觀光局以最高曝光為規格，破天荒一次邀請13位Youtuber，拍攝旅遊影片，宣傳南投秋冬遊程。(旅遊 / 2020-01-11 08:00),,0
ettoday,《木曜4》世紀突破！網「0負評」刷網狂讚 3.5萬粉挺YouTuber全明星運動會,https://www.ettoday.net/news/20191227/1611353.htm,2019-12-27 02:33,《木曜4超玩》以不斷推陳出新的企劃一直是YouTube熱門榜上的常客。近期曝光最新企劃是集合10多位總訂閱破1000萬的YouTuber舉辦一場「YouTuber全明星運動會」，影片在26日晚間首播，104分鐘「0冷場」的運動會內容，吸引了最高同時在線3.5萬人一起觀看。值得一提的是，刷網洗版內容完全0負評。(生活 / 2019-12-27 02:33),,0
ettoday,千萬大咖合體！《木曜4》「YouTuber全明星運動會」影片曝光：真香,https://www.ettoday.net/news/20191224/1608789.htm,2019-12-24 01:30,《木曜4超玩》以不斷推陳出新的企劃一直是YouTube熱門榜上的常客。近期曝光最新企劃是集合10多位總訂閱破1000萬的YouTuber舉辦一場「YouTuber全明星運動會」，影片曝光後不少網友敲碗首播時間，「就在12/26，超級期待，每天都在倒數」。(生活 / 2019-12-24 01:30),,0
ettoday,呱吉「我爸很跋扈、生氣直接打罵」：我對世界的認知都建立在他的指導下,https://www.ettoday.net/news/20191209/1597439.htm,2019-12-09 09:14,邱威傑的人生如戲，戲如人生，沒有鎂光燈活不下去。從小他在鏡頭前就活靈活現，具備戲劇潛力。成長階段，他積極投入舞台表演，不惜荒廢課業，渴望成為一名藝術家，可惜最後不了了之。有段時日，為了印證自己也能符合主流價值，他踏入遊戲產業當上班族，混得有聲有色。臨近中年破釜沉舟，改當網紅，又參選議員，還創立前所未有的「歡樂無法黨」，對他而言，網紅及政治不過是昔日舞台表演的伸展，二種願望一次滿足。整座城市都是他的舞台，沒有鎂光燈的時刻，他就自己創造。(政治 / 2019-12-09 09:14),,0
ettoday,目標40萬元！「不分區立委辯論會」開放民眾募資 藍綠兩黨都同意出席,https://www.ettoday.net/news/20191204/1594171.htm,2019-12-04 13:38,台北市議員「呱吉」邱威傑4日在臉書上表示，知名YouTube頻道「上班不要看」與他的朋友一同發起「2020年政黨不分區立委辯論式政見發表會」，且獲得了國民黨、民進黨、民眾黨、時力、親民黨、台灣基進、新黨、綠黨支持，目前只剩下籌措活動的經費，因此在募資平台「嘖嘖」發起活動，目標是募到新台幣40萬8696元。(政治 / 2019-12-04 13:38),,0
ettoday,打趴蔡阿嘎、阿滴！台灣最夯YouTuber頻道排名曝 第一名驚呆網：他誰？,https://www.ettoday.net/news/20191202/1592421.htm,2019-12-02 16:00,近年來各類YouTuber紛紛崛起，從遊戲類、知識型、美妝到親子等通通有，近日就有網友整理出這些創作者近30日的影片觀看量，排名結果卻出乎觀眾意料。(生活 / 2019-12-02 16:00),,0
ettoday,呱吉與視網膜組「歡樂無法黨」 黨綱規定「開會禁帶香菜」,https://www.ettoday.net/news/20191105/1573136.htm,2019-11-05 22:04,網紅出身的台北市議員「呱吉」邱威傑5日在臉書上宣布，今年11月要改變台灣的政治，和Youtuber志祺七七、視網膜與央視的朋友共同組織「歡樂無法黨」，而且已經向內政部提出正式申請，預定在11月14日舉辦歡樂無法黨成立大會；值得一提的是，「歡樂無法黨」的黨綱第五條寫下「全體黨員或核心黨職幹部開會應具備酒水零食（香菜除外）」，引起網友哈哈大笑。(政治 / 2019-11-05 22:04),,0
ettoday,日本男神老婆首次海外演出「給台灣」！ 網暴動狂問：老公會來嗎？,https://www.ettoday.net/news/20191009/1553654.htm,2019-10-09 19:49,由滅火器樂團主辦的2019火球祭即將於11月23、24日於桃園國際棒球場舉行，這回再公布日本創作歌姬、跨界潮流女神「木村KAELA」將首次海外演出獻給火球祭、還有大阪龐克指標樂團「Hey-Smith」、獲得金曲獎最佳音樂錄影帶獎的「落日飛車」、多次得到金音創作獎肯定的「八十八顆芭樂籽」、成軍13年的台語重金屬樂團「血肉果汁機」、及由滅火器吉他手鄭宇辰領軍的龐克樂團「Empty Orio」等樂團，為活動豐富程度再添一筆。(影劇 / 2019-10-09 19:49),,0
ettoday,HowHow脫口預告「年底換癡癡」網狂嗨：結婚 白癡公主神回：欸噓！,https://www.ettoday.net/news/20190816/1514336.htm,2019-08-16 10:55,自媒體影音產業蓬勃發展，時下年輕人從過去的追星，也漸漸變成追YouTuber、網紅，舉凡YouTuber大小事都成為網友關心的目標，這當中最受矚目的就是感情，其中HowHow在完成自己的婚姻大事後，彷彿進階成紅娘，繼聲稱「上班不要看」蔡哥準備結婚之後，白癡公主也被預告婚期。(影劇 / 2019-08-16 10:55),,0
ettoday,中職／蔡哥、阿傑火車便當式開球 蔡哥撇清：不是我想的,https://www.ettoday.net/news/20190804/1505642.htm,2019-08-04 18:19,富邦悍將3日、4日舉辦「歡樂製造機」主題日，4日邀請來網紅《上班不要看》的蔡哥、阿傑開球。兩人在場上由蔡哥抱著阿傑「合體」一起將球投出。兩人受訪時，蔡哥立刻撇清關係，搶先說：「這個動作不是我想的。」(體育 / 2019-08-04 18:19),,0
ettoday,網紅自爆最愛手遊！ 上班不要看阿傑已在《神魔之塔》課金十萬,https://www.ettoday.net/news/20190729/1500857.htm,2019-07-29 13:39,蘋果App Store夏日動漫祭開跑！今（29）日Apple特別邀請知名YouTuber上班不要看阿傑（RJ）來分享平時最愛哪些動漫遊戲；他表示，自己目前會玩《Disney Tsum Tsum Land》、《遊戲王 決鬥聯盟》、《死神 Bleach》，以及《神魔之塔》等4款遊戲，其中最喜歡《神魔之塔》，從2013年玩到現在已在遊戲中課金大約十萬元。(3C家電 / 2019-07-29 13:39),,0
ettoday,蘋果App Store夏日動漫祭開跑 7款遊戲驚喜特惠,https://www.ettoday.net/news/20190729/1500854.htm,2019-07-29 13:33,第20屆漫畫博覽會將於8/1開跑，蘋果App Store今年也配合上這一波展會，在App Store中推出了7款手遊驚喜包特惠，分別是：《聖鬥士星矢：覺醒》、《Captain Tsubasa: Dream Team》、《遊戲王 決鬥聯盟》、《神魔之塔》X Ultraman、《夢幻模擬戰》、《死神 Bleach》，以及《Disney Tsum Tsum Land》。(3C家電 / 2019-07-29 13:33),,0
ettoday,中職／上班不要看！ 蔡哥、阿傑要為富邦悍將開球,https://www.ettoday.net/news/20190718/1493119.htm,2019-07-18 15:36,富邦悍將在8月3日、4日進行「歡樂製造機」主題日，在8月4日邀請「上班不要看」的蔡哥、阿傑擔任開球貴賓。(體育 / 2019-07-18 15:36),,0
ettoday,蔡桃貴「花童初體驗」穿這樣！小紳士Look 直接搶鏡新郎HowHow,https://www.ettoday.net/news/20190610/1464133.htm,2019-06-10 14:35,YouTuber界「業配之神」HowHow在近日和阿福舉行婚禮，親朋好友現身祝福，除了由張小燕擔任證婚人之外，包括七月半、上班不要看、阿滴、白癡公主等人都到場，最特別的是，小小花童由蔡阿嘎10個月大的兒子蔡桃貴擔任，可愛模樣搶走不少新郎風采。(影劇 / 2019-06-10 14:35),,0
ettoday,有種愛叫HowHow❤阿福！好友曝「最真實的他們」：2個善良的人結婚了,https://www.ettoday.net/news/20190610/1463816.htm,2019-06-10 08:00,YouTuber HowHow在近日和歌手阿福補辦婚宴，除了有張小燕擔任證婚人之外，一票知名的YouTuber也是座上賓，可見這對新人的好人緣。在婚禮後，和HowHow同屬樂團「七月半」成員的蔡哥發文獻上祝福，真情實感的文字，寫出了對「HowFu」的祝福。(影劇 / 2019-06-10 08:00),,0
ettoday,「暗黑周董」正面抱起呱吉「喊爽」：一起OO硬硬的！,https://www.ettoday.net/news/20190525/1452886.htm,2019-05-25 23:10,YouTuber邱威傑（呱吉）和「暗黑周董」東尼大木今（25日）出席愛滋防治公益活動記者會，東尼大木透露已和老婆離婚，單身2、3年，他舉起雙手，正面把呱吉抱起，讓呱吉超害羞，直說：「忘了跟老婆報備，回去可能要稍微懺悔一下。」不過東尼大木則是搞笑大喊：「好爽，GG硬硬的。」(影劇 / 2019-05-25 23:10),,0
ettoday,Wings For Life台灣賽道李智群奪冠 戴資穎16.5K超越目標,https://www.ettoday.net/news/20190506/1438136.htm,2019-05-06 14:27,2019「Wings For Life全球路跑」台灣賽道男子冠軍由台灣好手李智群以53.27公里奪冠，成功拿下Wings For Life三度冠軍；女子冠軍則由上屆巴西賽道冠軍、來自斯洛維尼亞的Eva Zorman以42.16公里奪冠。(體育 / 2019-05-06 14:27),,0
ettoday,戴資穎第二度參加Wings For Life全球路跑 希望跑到10K,https://www.ettoday.net/news/20190505/1437582.htm,2019-05-05 16:35,2019 Wings For Life全球路跑台灣站5日晚間7點在台中麗寶樂園登場，世界球后戴資穎不但擔任全球路跑活動大使，也將第二度參與賽事，「覺得這項活動很有意義，目標希望可以跑到10公里。」(體育 / 2019-05-05 16:35),,0
ettoday,台灣紙飛機大賽空中霸主出爐 射到去歐洲一圓飛行夢,https://www.ettoday.net/news/20190413/1421797.htm,2019-04-13 23:55,2019 Red Bull Paper Wings世界紙飛機大賽於今天台灣總決賽誕生空中霸主，本屆選手高手雲集，飛遠及飛久冠軍成績雙雙打破上屆紀錄，被現場觀眾戲稱一定是就讀『紙飛機系』；飛遠冠軍是由建國科技大學的陳逸棨以38.7公尺奪冠，來自臺灣科技大學的彭楷宸以空中停留長達9.65秒拿下飛久項目冠軍。(體育 / 2019-04-13 23:55),,0
ettoday,世界紙飛機大賽 台灣決賽4月13日松山文創園區,https://www.ettoday.net/news/20190405/1415951.htm,2019-04-05 16:00,2019 Red Bull Paper Wings世界紙飛機大賽台灣決賽即將起飛！本屆高手雲集，光在預賽階段的飛遠項目，就有4名台灣選手成績名列全球排行前10名中；在飛久項目，全球前10排名也成功搶佔2個席位，全台飛行員來勢洶洶！究竟誰能摺出地表最強紙飛機，成為台灣代表，一圓飛行歐洲夢？(體育 / 2019-04-05 16:00),,0
ettoday,理科太太你還是專心「整老公」吧,https://www.ettoday.net/news/20190314/1398869.htm,2019-03-14 10:26,對理科太太有什麼期望？我只希望她可以好好在螢幕前扮演一個自我中心的抖S女王，好好折磨理科先生的肉體，越變態越好，別搞什麼自我反省好嗎...(論壇 / 2019-03-14 10:26),,0
ettoday,神明面前動佛牌！ 街友「代取」包裹...這下慘了,https://www.ettoday.net/news/20190309/1395636.htm,2019-03-09 21:52,北市警方8日晚上接獲報案，有四面佛前的包裹遭竊，警方調閱監視器發現遭遊民「取走」，並於9日晚上將街友逮捕到案，並順利尋回包裹內的佛牌，訊後將竊嫌依竊盜罪嫌送辦。(社會 / 2019-03-09 21:52),,0
ettoday,影／面具男宣稱拍「上班不要看」 找潮牌店捐愛心結果...騙人的,https://www.ettoday.net/news/20190309/1395287.htm,2019-03-09 12:28,北市1名男子2月底竟假借網紅團體「上班不要看」成員，到西門町一帶挑上潮牌店宣稱要拍攝節目，男子做出該節目同款面具上門拍攝，並向店家以做公益為名，開口要了2千5百元，事後業者發現節目沒有播出，從臉書向該社團求證才發現遭騙。(社會 / 2019-03-09 12:28),,0
ettoday,一張紙摺出夢想 2019 Red Bull世界紙飛機大賽報名開跑,https://www.ettoday.net/news/20190222/1384150.htm,2019-02-22 13:08,2019 Red Bull Paper Wings世界紙飛機大賽即日起開放線上報名，只要準備一張白紙、帶著無限創意的腦袋和一顆熱情的心，就有機會實現夢想，站上國際舞台。摺出你的專屬紙飛機，爭取挺進台灣決賽成為台灣冠軍代表，就能前往Red Bull於奧地利參加Red Bull Paper Wings 世界紙飛機大賽全球總決賽。(體育 / 2019-02-22 13:08),,0
ettoday,救救邊緣人！解悶神器秒揪牌咖 漫漫年假一人也能試手氣,https://www.ettoday.net/news/20190207/1370769.htm,2019-02-07 11:00,農曆春節九天假期，你打算怎麼度過？在家耍廢睡到飽？與親朋好友相約出門踏青，或是來場牌桌廝殺，聯絡感情也試試新年運氣？如果還沒想好如何在空閒時間娛樂消遣的朋友們，可以參考知名YouTuber博恩、星期天、HowHow與「上班不要看」紛紛推出的影片，與網友分享漫漫長假該怎麼過。(生活 / 2019-02-07 11:00),,0
ettoday,網紅轉政！ 呱吉吊車尾當選市議員「真的督到柯文哲」,https://www.ettoday.net/news/20190206/1338697.htm,2019-02-06 09:15,2018年九合一大選結束後，台灣政壇注入一股新氣象。在網路上人氣超高的無黨籍「呱吉」邱威傑成功闖進台北市議會，就如他選前所說的要「督」台北市長柯文哲，最後真的成真了！(政治 / 2019-02-06 09:15),,0
ettoday,「被消失」反骨頻道！ 孫生公開真相：做人沒真性情就能離開了,https://www.ettoday.net/news/20190107/1349813.htm,2019-01-07 09:06,「Wackyboys 反骨男孩」無厘頭風格在網路上累積不小知名度，沒想到，團員們近日在頻道中無預警「被消失」，剪接師培根坦言：「密碼是我改的，頻道是我偷的，從現在開始，我就是反骨真正的中間王。」對此，孫生在個人頻道反擊：「是時候了，真相該公諸於世了！做人如果沒有真性情，那可以離開了！」(影劇 / 2019-01-07 09:06),,0
ettoday,網曝「性幻想網紅Top10」！館長「大肌肌」迷死人 竟只排第3？,https://www.ettoday.net/news/20181226/1341033.htm,2018-12-26 23:28,過去根據美國網站調查指出，有96%的人在愛愛時腦裡總想著另一個人，內心都擁有自己的性幻想對象不敢說嗎？海外約會App《JustDating》26日公布2018年度票選榜單，揭曉今年度台男、台女「性幻想YouTuber」排行榜，其中擁有結實「大肌肌」的館長深受熟女喜愛，狠甩其他7名網紅，奪下第3名。(健康 / 2018-12-26 23:28),,0
ettoday,還沒進市議會就轟動 網紅呱吉靠2箱策略把「知名度化選票」,https://www.ettoday.net/news/20181216/1331661.htm,2018-12-16 07:12,按下舊大樓民宅的電鈴，站在客廳與員工開會的邱威傑、網友熟知的「呱吉」親自來開門。這天，他行程滿檔，原本的新媒體業務、籌組中的議會團隊，邱威傑穿梭各處辦公，加上太座幫他掛號到醫院檢查胸悶，原本語速就快的他，沒落坐就搶答未來如何分配時間的問題，「會期出席八、九成，剩下的時間就上班。」(政治 / 2018-12-16 07:12),,0
ettoday,呱吉旋風！ 網紅素人參政是好還是壞？,https://www.ettoday.net/news/20181211/1321937.htm,2018-12-11 19:00,呱吉本名邱威傑，是「上班不要看」 YouTube 頻道的工作團隊的老闆，同時也經營著「呱吉」這個個人頻道。而他在本次「九合一選舉」中，參選了台北市松山信義區的議員，並且以 11786 票、大約是 5.28% 的得票率成功擠進當選名單。(探索 / 2018-12-11 19:00),,0
ettoday,「衛生」帶隊奪《Free Fire》名人賽冠軍 30萬獎金落袋,https://www.ettoday.net/news/20181202/1321090.htm,2018-12-02 17:24,Garena 旗下熱門吃雞手遊《Free Fire - 我要活下去》與電競領導品牌 ROG 玩家共和國舉辦的「名人爭霸戰」活動經過三小時在今日圓滿落幕，最終由「衛生DatWaisunGun」所率領的戰隊在現場熱情玩家的見證下獲得高額獎金30萬元與冠軍殊榮。 (遊戲 / 2018-12-02 17:24),,0
ettoday,《Free Fire 我要活下去》攜手ROG舉辦名人爭霸戰 周末華山開打,https://www.ettoday.net/news/20181127/1317345.htm,2018-11-27 22:12,由Garena與ROG玩家共和國旗下首款電競手機「ROG Phone」聯手舉辦的《Free Fire我要活下去》名人爭霸戰，總決賽預計本周末於華山1914文創園區登場。 (遊戲 / 2018-11-27 22:12),,0
ettoday,翻出祭品文！韓國瑜若當選「我吃掉自己懶X」 萬人笑：跟世堅一起執行吧,https://www.ettoday.net/news/20181125/1315545.htm,2018-11-25 17:42,九合一大選綁10案公投堪稱台灣最大宗選舉，在選舉前夕也有不少人放話「OOO選上我就XXXXX」，現在開票結果都已出爐，網友紛紛挖出曾許下承諾的留言。其中一名男網友曾在個人臉書表示「韓國瑜會當選，我吃掉自己懶X」，貼文被截圖PO到爆怨公社，網友紛紛笑噴「記得沾醬油喔」、「是要煎還是炸」。(生活 / 2018-11-25 17:42),,0
ettoday,影／只想做4年！網紅呱吉初闖政壇：橇開一扇門，讓更多人進來,https://www.ettoday.net/news/20181125/1315568.htm,2018-11-25 16:05,九合一大選開票結果出爐，高人氣網紅、《上班不要看》負責人「呱吉」邱威傑成功擠入台北市松山、信義區議員名單，吊車尾當選市議員。他在確定當選後也在youtube頻道直播發表感言，他表示為了避免自己向政治勢力妥協，他只會做完這一任，之後會尋找理念和他相同的年輕人，把理想傳承下去。(政治 / 2018-11-25 16:05),,0
ettoday,北市議員／松山信義綠營4席全上 「呱吉」邱威傑成功殺進議會,https://www.ettoday.net/news/20181125/1313823.htm,2018-11-25 03:41,2018九合一選戰暫告一段落，台北市議員松山信義選區部分，共21人搶10席，參選大爆炸。國民黨看準該區泛藍，一口氣提名6人，共5人勝出，包括王鴻薇、徐巧芯、秦慧珠、戴錫欽、陳永德，而民進黨方面提名許淑華、洪健益、張茂楠、許家蓓4人全上；另外，在網路上人氣超高的無黨籍「呱吉」邱威傑也成功闖進議會。(政治 / 2018-11-25 03:41),,0
ettoday,快訊／高人氣網紅「呱吉」邱威傑吊車尾上議員 在看電影不管開票,https://www.ettoday.net/news/20181124/1315068.htm,2018-11-24 21:52,根據中選會最新開票結果，高人氣網紅、《上班不要看》負責人「呱吉」邱威傑成功擠入台北市松山、信義區安全名單，以吊車尾當選市議員。網友不可置信的說，想做社會實驗的呱吉最後竟然當選，得票甚至贏過吳崢，「然後他現在正在跟她老婆，在電影院看電影也沒在關注開票！」(政治 / 2018-11-24 21:52),,0
ettoday,【廣編】全台最狂犇牛堡長城 36人狂犇1000層！,https://www.ettoday.net/news/20181120/1311095.htm,2018-11-20 15:06,台灣漢堡王的資深堡迷們應該都記得過去曾經舉辦的犇牛肉堡挑戰賽，這活動曾經號召40位民眾一起挑戰長9公尺的812層漢堡，當年曾引起廣大回響，也讓不少民眾自動組團到漢堡王餐廳挑戰，甚至有不少消費者詢問官方何時重返此活動，今年11月，這項經典美味大挑戰又再度強勢回歸，要讓全台堡迷們一起犇起來！(消費 / 2018-11-20 15:06),,0
ettoday,2018 LMS All-Star 明星賽 西門力克楓棠保住LMS劫神席次,https://www.ettoday.net/news/20181119/1310169.htm,2018-11-19 13:45,星光熠熠的 2018 LMS All-Star 明星賽上週末日在台北 Garena 電競館進行，第一天出戰的是由戴著水龍頭出場的GodJJ領軍，《玖壹壹》洋蔥、《眾量級CROWD》Andy、人氣主持人泱泱、知名實況主6tan助陣組成的水龍隊，以及戴著火龍果出場的亞洲統神領軍，《頑game》鐵牛、《上班不要看》蔡哥、《TGOP這群人》尼克、人氣實況主小雲寶寶助陣的火龍隊(遊戲 / 2018-11-19 13:45),,0
ettoday,《我要活下去》攜手ROG Phone 12/1華山舉辦名人爭霸嘉年華,https://www.ettoday.net/news/20181102/1297033.htm,2018-11-02 23:56,Garena 旗下熱門吃雞手遊《Free Fire - 我要活下去》與電競領導品牌 ROG 攜手合作，展開超強陣容的「名人爭霸戰」活動，邀請愛好《Free Fire – 我要活下去》的 12 組名人和素人玩家一起並肩作戰，並參與這場史無前例的刺激生存戰鬥。而不論是參與、聲援、或預測賽事結果的玩家都可以獲得豐富獎勵，更有機會贏得專為電競而生的 ROG Phone 以及高達 30 萬新台幣的冠軍獎金，總決賽當天（12/1）在台北華山藝文特區現場也將舉辦「名人爭霸嘉年華」。 (遊戲 / 2018-11-02 23:56),,0
ettoday,陳思傑／呱吉參選市議員，是來真的嗎？一個社群行銷人的觀點,https://www.ettoday.net/news/20180906/1252616.htm,2018-09-06 10:44,這篇想聊聊這次參選市議員的YouTuber呱吉，到底是不是來真的。我想用自己的眼睛去確認：一個網路重度使用者，可以怎麼做好「選民」這個角色？社群的資訊流通性、社群演算法造成的厚厚同溫層，真的有辦法幫助判斷該做怎樣的選擇嗎？(論壇 / 2018-09-06 10:44),,0
ettoday,《真三國大戰2》在台上市 製作人：讓遊戲有深度才能長久,https://www.ettoday.net/news/20180827/1245446.htm,2018-08-27 23:27,手機遊戲《真三國大戰2》在日前舉辦慶功記者會，並且邀請到了韓國人氣實況主企鵝妹，以及上班不要看的呱吉和阿傑來到現場助陣，除此之外台灣 Gameforce 社長大友貴司及遊戲製作人魏坤同樣也來到現場，暢談遊戲開發三兩事。 (遊戲 / 2018-08-27 23:27),,0
ettoday,操縱網軍霸凌反對者 王世堅怒轟柯文哲：惡劣邪惡的卒仔,https://www.ettoday.net/news/20180717/1214924.htm,2018-07-17 18:26,台北市長柯文哲「一日幕僚」影片爆紅，但也意外捧紅了柯身邊外型清秀的幕僚黃瀞瑩。日前議員王世堅辦公室主任沈志霖，因質疑影片在上班所拍攝、是否有市政宣傳效果，要求市府派人說明，但來的卻是黃瀞瑩，引來網友怒批「耍官威」。對此，王世堅17日質詢時怒批柯文哲，藉由操控網軍對監督他的人，極盡網路霸凌，「順柯者生、逆柯者亡」，還怒批柯是「惡劣邪惡的卒仔」，揚言總質詢再算帳。(政治 / 2018-07-17 18:26),,0
ettoday,本來就是木曜4粉絲！ 學姊自爆：半夜刷了4次「最愛這段」,https://www.ettoday.net/news/20180713/1211810.htm,2018-07-13 12:38,網路節目《木曜4超玩》因為一日市長幕僚爆紅，該集節目至今已破639萬點閱，創出前所未有的佳績，也因此被部分人士質疑造假。節目12日直播請來瀞瑩學姐，更拍了一段短片自嘲，點閱都是靠著「F5大隊」的結果，再度引起網友一陣討論。(生活 / 2018-07-13 12:38),,0
ettoday,有照片！滴妹牽手「不要看」阿傑 親密照曝光阿滴一看傻住,https://www.ettoday.net/news/20180710/1209324.htm,2018-07-10 00:27,網紅滴妹（都冠伶）和哥哥阿滴（都省瑞），因製作英語教學影片，在台灣聲名大噪，兄妹倆都有大批死忠粉絲。不過，她事業順風順水，感情似乎也有不錯的「進展」，竟和《上班不要看》系列影片的成員「阿傑」互動親密，連在看似位於河濱公園草原牽手的照片都曝光了！(影劇 / 2018-07-10 00:27),,0
ettoday,影／直擊蕭敬騰拍攝OPPO手勢舞 確認5月7日現身R15上市活動,https://www.ettoday.net/news/20180427/1158630.htm,2018-04-27 12:21,在前篇報導當中(專訪／蕭敬騰為OPPO R15代言 透露常用手機的幾個新功能)，OPPO宣布邀請藝人蕭敬騰為 R15 造勢宣傳，稍早又更進一步自創最近在直播平台很紅的「手勢舞」，《ETtoday新聞雲》搶先直擊、同時提供幕後拍攝影片與讀者分享。(3C家電 / 2018-04-27 12:21),,0
ettoday,呱吉首次為手遊站台！《神式一閃 頂上決戰》今開放雙平台封測,https://www.ettoday.net/news/20180418/1153030.htm,2018-04-18 23:07,台灣碩網網路娛樂（又稱So-net ）於 4 月 18 日舉辦代理手機遊戲新作《神式一閃 頂上決戰》上市記者會，日本原廠 Applibot 董事黑岩忠嗣更特地遠從日本來台一同歡慶，同時知名 YouTuber「上班不要看」團隊也現身暢談合作契機與趣事，隨後官方團隊於現場宣佈，遊戲預定將在本日 18:00 起正式啟動 iOS 及 Android 不刪檔公測。(遊戲 / 2018-04-18 23:07),,0
ettoday,呱吉改名「邱議員」 洪健益酸：改成邱吉爾效果更好,https://www.ettoday.net/news/20180330/1141192.htm,2018-03-30 15:12,原名邱威傑的網紅「呱吉」，日前傳出將參選台北市議員，30日接受專訪時證實將參選松山信義區，還狂言要「打倒國民黨五個老白痴」。對此，松山信義區民進黨籍市議員洪健益表示，年滿20歲都有改名兩次的機會，他要改邱議員、邱總統、邱市長都可以，「一樣是80元，我建議邱議員改成『邱吉爾』效果會更好。」(政治 / 2018-03-30 15:12),,0
ettoday,網紅首參政！呱吉「邱議員」參選台北市議員：要打倒政壇老白痴,https://www.ettoday.net/news/20180330/1140868.htm,2018-03-30 14:54,網路直播主「呱吉」才把本名邱威傑改成「邱議員」，拍成影片直搗參選台北市議員的謠言，網友們看這齣笑呵呵卻看不懂到底要不要參選？他30日早上卻在廣播節目證實，將以無黨籍身分參選台北市松山、信義區市議員，憑藉「網紅」實力打破選舉老舊思維，預計下星期將成立官方網站；至於選舉政見，他目前僅表示打倒「國民黨的5個老白痴」未來會慢慢公布政見！(政治 / 2018-03-30 14:54),,0
ettoday,呱吉真的變成「邱議員」！投資競選經費80元 大秀證據影片曝光,https://www.ettoday.net/news/20180330/1140775.htm,2018-03-30 01:40,網路紅人「呱吉」近期傳出將參選台北市松山信義區議員。呱吉今在他經營的「上班不要看」頻道上PO出影片正式回應成為「邱議員」，但真相卻是去戶政事務所直接改名，讓網友笑翻。 (網搜 / 2018-03-30 01:40),,0
ettoday,「呱吉」也來尬一角！AR解謎手遊《鎮山》配音陣容曝光,https://www.ettoday.net/news/20180205/1108226.htm,2018-02-05 23:21,AR 行動定位偵探解謎手機遊戲《鎮山》，是一款由來自美國紐約的台灣新創團隊 Toii（又稱踢歐哎哎實驗室）所打造的作品，遊戲目前已正式於 iOS 和 Android 雙平台推出。開發團隊在 2 月 5 日公開台灣人氣網路歌手「薛南」領銜演唱的遊戲主題曲「知了」MV，並宣布《鎮山》原聲帶專輯於 Spotify、KKBOX、iTunes 等國內外知名數位音樂平台同步發行。(遊戲 / 2018-02-05 23:21),,0
ettoday,影／空姐、護理師、警犬入鏡！ 國軍107年形象月曆出爐,https://www.ettoday.net/news/20171128/1061576.htm,2017-11-28 15:09,國軍107年形象月曆出爐！國防部政戰局文宣心戰處長陳育琳少將28日指出，明年度形象月曆以「大家作伙來相挺」為主軸，主題「時時刻刻、有你真好」，邀請社會各階層、領域傑出人物與國軍共同拍攝，盼呈現軍民同心、支持國軍意象。其中，除了有國軍形象連續劇《最好的選擇》演員安唯綾，另有榮總及三總護理師、遠航空姐等行業入鏡，相當吸睛。(政治 / 2017-11-28 15:09),,0
ettoday,《死侍2》首支預告惡搞笑翻 釣出上班不要看阿傑被推爆,https://www.ettoday.net/news/20171116/1053161.htm,2017-11-16 06:01,漫威電影《惡棍英雄：死侍》（Deadpool）被列為R級（限制級），票房依舊大賣，男主角萊恩雷諾斯（Ryan Reynolds）更以本片攀上事業巔峰，顛覆大眾對超級英雄的刻板印象。續集14日曝光首支預告，再度發揮惡搞精神，模仿油畫老師鮑比魯斯畫室，結果意外釣出上班不要看阿傑被推爆。 (影劇 / 2017-11-16 06:01),,0
ettoday,台灣第一屆空氣性愛大賽！ 「空幹王」出爐...港星也笑翻,https://www.ettoday.net/news/20171112/1050774.htm,2017-11-12 15:54,「空氣性愛（Air sex）」在國外已經盛行多年，由影片團隊「上班不要看」聯合「卡米地喜劇俱樂部」，在台灣舉辦了第一屆空氣性愛大賽。參賽者不分男女，各個發揮創意，最終由「佑子」奪下空幹王寶座。(生活 / 2017-11-12 15:54),,0
ettoday,素人也能打電競！手遊電競館東區開幕,https://www.ettoday.net/news/20170929/1021869.htm,2017-09-29 23:29,量子．光 電競館於 9 月 27 日在台北東區開幕，官方表示為讓廣大電競愛好者能一起觀看職業選手精彩賽事，即日起首推《棒球殿堂2017》、《球球大作戰》、《全民槍戰》、《街頭籃球》、《飛車派對》、《龍之谷手遊》、《鎖鏈戰記3》、《策三國》等八款遊戲，廣邀喜愛電競的玩家到館體驗賽事。 (遊戲 / 2017-09-29 23:29),,0
ettoday,幼稚一點不好嗎？「HowHow」廢到笑的宅男style,https://www.ettoday.net/news/20170806/975082.htm,2017-08-06 14:28,那麼拚的 Youtuber 不多了，老是一人分飾多角、自體移動換鏡位、自哼配樂、自製動畫搭多語字幕，梗梗相連到天邊：這就是網路紅人 HowHow 陳孜昊的風格，一個背叛天下工具人的（偽）魯肥宅，一個想藉影片散播歡樂散播愛的單純大男孩。(時尚 / 2017-08-06 14:28),,0
ettoday,Red Bull皂飛車公布入圍 「黑人問號車」將出戰,https://www.ettoday.net/news/20170712/965368.htm,2017-07-12 20:22,經過三個月報名徵稿，Red Bull皂飛車車大賽徵稿在2017年6月30日截止，今年總共358組隊伍報名，皂飛車團隊總共收到超過250張來自台灣各地的皂飛車設計圖，其中甚至還有來自澳門寄出的稿件。(體育 / 2017-07-12 20:22),,0
ettoday,傘壞了虧「台灣製造嗎」 這15部好萊塢電影出現過台灣,https://www.ettoday.net/news/20161231/840130.htm,2016-12-31 12:46,近來有許多好萊塢電影來台取景拍攝，包括盧貝松的《露西》、馬丁史柯西斯執導的《沉默》等，知名YouTube頻道「工作室上班不要看」便整理出15部電影和影集有提到台灣的內容，但大多都是透露出負面形象，引發網友討論。(影劇 / 2016-12-31 12:46),,0
ettoday,「我和休假像飯和一碗魯肉」 壯壯模仿GNZ48遭嗆唱太準,https://www.ettoday.net/news/20161011/791250.htm,2016-10-11 15:43,「上班不要看工作室」的《弱複製》系列又有新哏，這次他們模仿大陸女子團體GNZ48，由壯壯（陳彥壯）1人分飾多角成立「飛機杯緣子48」，將《我和我的祖國》改編成《我和我的二日週休》，加入近來民眾關心的「一例一休」議題，搞笑唱出勞工心聲，沒想到遭網友吐槽「音準太準了！」(新奇 / 2016-10-11 15:43),,0
ettoday,「P卡秋」海浪法師之每日一字 網：這個法師壞掉了！,https://www.ettoday.net/news/20160811/753267.htm,2016-08-11 14:41,最狂的海浪法師再度開示，這次以「秋」字為開頭，談到中華奧會及球員間的風波，再拿「冠C」、「黃氨」當作例子，最後以近來很紅的手遊「寶可夢GO」作結，要訓練師們接近變電箱時小心點，因為一群人會漸漸靠攏，這時只要坐下來默念佛號，「也完全沒有用，因為一切都是夢。」(新奇 / 2016-08-11 14:41),,0
ettoday,十大傲嬌貓皇真相 原來呼嚕聲不是在對貓奴表達愛意！,https://www.ettoday.net/news/20160720/738939.htm,2016-07-20 16:17,貓奴們瞭解家中高高在上的貓皇嗎？早在西元前1450年，埃及的陵墓壁畫裡就出現貓的畫像，那時貓的身分地位非常崇高，如果家中有貓不幸去世，人們不僅會痛哭，甚至會「剃掉眉毛」哀悼。如果有人蓄意殺死貓，都會受到非常嚴重的懲罰，甚至是死罪！貓皇傲嬌的個性果然不是一天造成的～(寵物動物 / 2016-07-20 16:17),,0
ettoday,原來關鍵在「椅子」！ 他分析「獅吼姊」為何失控大叫,https://www.ettoday.net/news/20160527/705721.htm,2016-05-27 10:50,高雄「獅吼姊」一叫成名，網路上出現許多KUSO影片。「工作室上班不要看」也搭上這波風潮推出一支影片，分析獅吼姊為何會失控大吼，讓網友看了笑翻。(生活 / 2016-05-27 10:50),,0
ettoday,「時力連議場都沒進」 林俊憲不接受抹黑告網友毀謗,https://www.ettoday.net/news/20180111/1090609.htm,2018-01-11 11:22,《勞基法》修正案日前在立法院不斷電表決，民進黨立委林俊憲遭被網友爆料開會看電影，林俊憲強硬表示「一定吉！」更留言給網友「週三早上正式吉(告)了，你可以去領雞排吃了！」他11日上午受訪表示，他告網友「毀謗」，並強調廣泛討論時很多立委甚至沒來，「時力5人連議場都沒進」，因此他不接受抹黑才提告。(政治 / 2018-01-11 11:22),,0
ettoday,淘寶盛讚賣家優質 傻男不慎將「女友捧胸裸照」流出,https://www.ettoday.net/news/20141104/421381.htm,2014-11-04 11:32,人性矛盾！有在媒體圈工作的人都知道，若以點閱為導向，寫一些「有的沒的」最容易刺激眼球。哥昨晚打完神魔準備睡覺時，突然看到一篇超厲害的文章，驚覺寫成新聞肯定會「點閱爆棚」。但沒想到，哥早上姍姍來遲，竟然就有3位編輯開了這篇稿，眾人經歷一番交涉，才終於由我拔得頭籌…(男女 / 2014-11-04 11:32),,0
ettoday,100%上班可以看的「裸舞照」 肢體模糊到不成人形,https://www.ettoday.net/news/20121228/146195.htm,2012-12-28 12:01,在網路世界，裸體照通常會標上「NSFW」(not safe for work)，代表在上班時點開來恐怕不太妙。但日本動態攝影師丸山晉一(Shinichi Maruyama)拍攝了一組「100%上班可以看的裸舞照」，因為裸模的肢體交疊牽連，早已看不出人形！(新奇 / 2012-12-28 12:01),,0
