ettoday,御姊愛／蘋果全面訂閱失敗後，平面媒體訂閱制何去何從？,https://www.ettoday.net/news/20200812/1783008.htm,2020-08-12 15:23,台灣《蘋果日報》七月一日宣布取消全面訂閱制，改成「付費訂閱者可不用看廣告，其他不付費的大眾仍然能維持閱讀」。事實上，早該如此。如果一年多前就是這樣的策略，蘋果或許不至於在廣告業務上衰退得如此淒慘，讓競業輕鬆取走業績。(論壇 / 2020-08-12 15:23),,0
ettoday,「聖火玉尊」走入歷史！2020台灣Youtuber四大天王要有誰？網點名他,https://www.ettoday.net/news/20200729/1771786.htm,2020-07-29 18:47,年輕人喜歡從YouTube觀看各種有趣的影片，各類YouTuber紛紛崛起，從遊戲類、知識型、美妝到親子等通通有。「聖火玉尊」在2019年時被稱作YouTuber界的「四大天王」，有網友因此好奇，聖火玉尊的時代已經過去了，「2020年度的youtuber界四大天王換誰當家？」 (生活 / 2020-07-29 18:47),,0
ettoday,10萬以上訂閱網紅限定 YouTube快閃攝影棚三度登台,https://www.ettoday.net/news/20190808/1508769.htm,2019-08-08 15:09,YouTube 今（8）日宣布，快閃攝影棚 (Pop-Up Space) 第三度來台，現場設有以「懷舊東方爵士酒吧」與「綜藝節目場景」為主題的兩個攝影棚，限定10萬以上訂閱人次的台灣創作者提案，預計可協助超過450位創作者、150位媒體業者及數位內容發行商。 (3C家電 / 2019-08-08 15:09),,0
ettoday,志祺七七／產生尷尬情緒的不是出糗本身 而是心中的「想像觀眾」？,https://www.ettoday.net/news/20190627/1475887.htm,2019-06-27 12:03,假設某天下班在捷運上戴耳機聽音樂，聽到一半才耳機沒插好，音樂都放出來了。旁邊其他乘客甚至忍不住偷笑出來，此時不免覺得一陣尷尬。為什麼會有尷尬這種感覺呢？到底為什麼人會有尷尬情緒？(探索 / 2019-06-27 12:03),,0
ettoday,鴻海過勞很嚴重？郭台銘曝「加班秘辛」員工超愛：還要趕人回家,https://www.ettoday.net/news/20190617/1469316.htm,2019-06-17 20:08,面對國民黨總統候選人初選時間逼近，有意參選的參選人紛紛出面造勢、闡述想法來吸引目光。鴻海董事長郭台銘接受Youtuber「志祺七七 X 圖文不符」張志祺專訪，除了解決許多人對他的疑問之外，也談到公司內的加班問題，並沒有逼迫任何人加班，主要是照政府法規走，加班費多才會讓員工主動留下。 (政治 / 2019-06-17 20:08),,0
ettoday,搭10分鐘就要收1小時的錢嗎？ 「Uber條款」爭議分析,https://www.ettoday.net/news/20190325/1405818.htm,2019-03-25 10:49,近期 Uber 認為政府針對他們訂定了「 Uber 條款」也就是《汽車運輸業管理規則》103條之1，來打壓 Uber 的生存空間。業者認為這是政府向計程車低頭後，對 Uber 的針對性立法。而要了解 Uber 的爭議之前，我們得先知道 Uber 認為自己是因應「共享經濟」而生的「資訊服務業」。(探索 / 2019-03-25 10:49),,0
ettoday,好友間也存在無形的霸凌 校園霸凌是如何出現又該如何面對？,https://www.ettoday.net/news/20190206/1328344.htm,2019-02-06 08:03,大家曾碰過校園霸凌嗎？大部份人可能都曾經碰過。近期youtube頻道「志祺七七x圖文不符」便上傳了一部影片，探討關於校園霸凌的議題。而你知道嗎？有些好朋友之間看似習以為常的日常互動，可能也存在霸凌的情形。(探索 / 2019-02-06 08:03),,0
ettoday,政府「超徵稅收」發紅包是假新聞嗎？ 錢又從哪裡來？,https://www.ettoday.net/news/20190205/1352312.htm,2019-02-05 08:03,到底什麼是「超徵稅收」？這次真的又是假新聞嗎？Youtube頻道志祺七七x圖文不符，近日上傳了一部影片探討此問題。(探索 / 2019-02-05 08:03),,0
ettoday,偏見真的會殺人！ 壓制歹徒的保全居然被警察槍殺？,https://www.ettoday.net/news/20181122/1310527.htm,2018-11-22 19:19,日前美國芝加哥郊區的一間酒吧，在凌晨發生了一起命案。死者是一名在酒吧擔任保全的 26 歲男性黑人，名字叫做傑米．羅伯森（Jemel Roberson），而殺害他的人則是一位來自伊利諾州的警察。(探索 / 2018-11-22 19:19),,0
ettoday,YouTuber 想拍什麼就可以拍？ 4個內容規範要注意！,https://www.ettoday.net/news/20181121/1298823.htm,2018-11-21 19:15,現在觀看 YouTube 的人越來越多，年紀比較小的孩童也都能輕易的接觸到，所以已經有人開始擔心，YouTuber 的創作內容會不會對小孩或是大眾造成不當的影響。(探索 / 2018-11-21 19:15),,0
ettoday,國手曾以台灣名義出賽奧運 台灣叫做中華台北的原因是...,https://www.ettoday.net/news/20181120/1305361.htm,2018-11-20 19:00,近期炒得沸沸揚揚的公投話題，其中一案便是「東奧正名」。為甚麼台灣要以中華台北的名義出賽奧運，而如今又為甚麼要透過公投決定是否提出改名呢？你知道台灣以前曾經就有用「台灣」的名義出賽嗎？youtube頻道志祺七七x圖文不符近期便上傳了一部影片為大家統整與解釋。 (探索 / 2018-11-20 19:00),,0
ettoday,用影片讓社會更美好 YouTube鼓勵創作者帶來正能量,https://www.ettoday.net/news/20181108/1300797.htm,2018-11-08 09:11,你有沒有發現，現在有越來越多的YouTuber影音創作者，開始利用影片的渠道，來告訴你這個社會發生了什麼事？為了讓每一個人都有發聲的權利，YouTube近年來開始鼓勵創作者們，利用影音的力量推播議題，舉凡環境保護、社會議題，抑或是人權等，都是YouTube近年來致力推動的目標。(3C家電 / 2018-11-08 09:11),,0
ettoday,阿滴宣布轉職「2022重心擺新身分」 豪辦200人尾牙…她一晚中30萬！,https://www.ettoday.net/news/20211216/2147649.htm,2021-12-16 13:30,阿滴在YouTuber圈打滾6年經歷各種大小困難，也認識了很多創作者，今年和志祺創辦台灣新媒體影音創作者協會，今（16日）宣布轉職新身分，重心也會放在這之上，年終派對抽禮物更是送得大方。(影劇 / 2021-12-16 13:30),,0
ettoday,柯舜智／「走鐘獎」已看見「金鐘獎」車尾燈,https://www.ettoday.net/news/20211118/2126873.htm,2021-11-18 23:00,走鐘獎有三金典禮的御用司儀、鋪上紅毯的星光大道、仿金鐘的走鐘獎座、公司化的製作團隊，再冠文化部影視局作指導單位，讓這個原本是由使用者生產內容的自媒體創作風潮，在大量增添專業生產內容之後，逐步轉型為職業生產內容，而專業化與職業化的多元社群媒體作品，帶給傳統影視產業不亞於OTT的衝擊。(論壇 / 2021-11-18 23:00),,0
ettoday,鳳梨跟秘書對話太曖昧！ 「反差萌暱稱」曝光…網笑翻狂調侃,https://www.ettoday.net/news/20211115/2124436.htm,2021-11-15 18:54,網紅鳳梨（吳泓毅）以台味風格走紅，曾和跨性別者罔腰交往，分手後對感情轉為低調，日前受訪才稱自己是單身，但近來跟「秘書」歐菈互動曖昧，早被網友認定是一對，不只每次出席飯局，女方都會盯場，稍早再曬出2人聊天內容，意外被發現私下「反差暱稱」。(影劇 / 2021-11-15 18:54),,0
ettoday,打敗阿滴、志祺七七！網驚問這組YouTuber是誰 學生力推：老師上課也播,https://www.ettoday.net/news/20211115/2124420.htm,2021-11-15 18:24,一年一度網紅盛會「走鐘獎」在13日晚間頒獎，YouTube頻道「Taiwan Bar」打敗阿滴、志祺七七、77老大、蒼藍鴿，光榮拿下「金頭腦獎」。有網友在Dcard發文表示，名單裡唯一沒看過的就是Taiwan Bar，沒料竟會是由他們得獎，引出許多人熱烈討論！(影劇 / 2021-11-15 18:24),,0
ettoday,喜劇圈回收龍龍！東區德聲援 …呱吉心疼：就算是Bitch，也是我們的,https://www.ettoday.net/news/20211008/2097236.htm,2021-10-08 16:47,龍龍（林千聿）日前控訴遭薩泰爾娛樂班底老K霸凌，沒想到，鄭家純（雞排妹）7日開直播爆氣表示對方後來聲稱「記錯了」，老K當初在炎上現場根本沒提到「前男友」3個字，氣得公司馬上跟她解約，而這一場將近6萬人收看的直播，也讓不少喜劇圈人發聲，語氣中透露「心疼龍龍」的氛圍，引起熱議。(影劇 / 2021-10-08 16:47),,0
ettoday,雞排妹6萬人面前屠龍！他酸「算霸凌嗎」秒刪文 網嘆：難得中肯,https://www.ettoday.net/news/20211008/2096915.htm,2021-10-08 11:49,YouTuber志祺七七（張志祺）常與觀眾聊各式各樣的生活議題，昨（7日）晚鄭家純（雞排妹）開直播切割脫口秀演員龍龍，張志祺就對此發文表示，「讓一個喜劇演員社會性死亡，這算不算是網路霸凌？」該文事後雖已刪除，但卻被網友截圖起來，掀起熱烈討論。(生活 / 2021-10-08 11:49),,0
ettoday,龍龍淚訴「騙我又說謊」 博恩5字回應藏玄機！網秒懂：硬起來了,https://www.ettoday.net/news/20211007/2095995.htm,2021-10-07 10:57,脫口秀演員龍龍昨（6）日晚間10時許發聲明回應最近與老K的事件，她在影片中頻頻哽咽，並提到「假如他（老K）沒有違約也沒有提及的話，博恩就不會道歉了。」巧的是，博恩昨晚11時許也在臉書上發文，引發外界揣測內容是否在回應龍龍。(生活 / 2021-10-07 10:57),,0
ettoday,東奧桌球銅牌鄭怡靜返鄉指導基層選手 黃偉哲盼樹立榜樣推動桌球發展,https://www.ettoday.net/news/20210913/2078394.htm,2021-09-13 14:06,2020東京奧運桌球混雙銅牌好手鄭怡靜返鄉台南，指導基層桌球隊選手，13日鄭怡靜與父親、擔任運動教練的姐姐及桌球教練鄭佳奇，前往民治市政中心拜會台南市長黃偉哲，鄭怡靜並於現場指導白河國中桌球校隊選手打球技巧，與市府共同推動桌球發展，培育優秀桌球選手。(地方 / 2021-09-13 14:06),,0
ettoday,獨／找鄭怡靜回台南要先過這關！姊陪走過最低潮 父：樂觀其成,https://www.ettoday.net/news/20210729/2043024.htm,2021-07-29 16:40,台南桌球好手鄭怡靜與林昀儒東奧奪下桌球混打銅牌，黃偉哲親自向鄭家恭賀感謝，並有意延攬鄭怡靜回台南協助培育桌球人才，但有網友在PTT上爆料，指台南市政府剝奪桌球資源，才讓鄭怡靜轉籍台北，黃偉哲澄清並非他任內發生，鄭爸爸則說，鄭怡靜目前在合庫上班，合庫如同意女兒調職台南，他樂觀其成。(體育 / 2021-07-29 16:40),,0
ettoday,鄭怡靜、林昀儒摘桌球混雙首面銅牌 黃偉哲期待培育更多台南好手,https://www.ettoday.net/news/20210726/2040615.htm,2021-07-26 22:27,我國桌球好手「黃金混雙」鄭怡靜與林昀儒26日晚上7時與法國組合E．黎貝森、袁嘉楠爭本屆奧運銅牌，台南市長黃偉哲親自來到歸仁仁壽宮虔誠參拜祈求創下佳績，並與在地鄉親一同為台灣之光加油打氣。(地方 / 2021-07-26 22:27),,0
ettoday,鄭怡靜拿銅牌 鄭爸爸一掃昨天悲傷：女兒辛苦了，我都有看到,https://www.ettoday.net/news/20210726/2040598.htm,2021-07-26 21:21,2020東京奧運在26日晚上7時進行桌球混雙銅牌戰，台南女將鄭怡靜與林昀儒以直落四力克強敵法國隊，奪下一面銅牌，再創我國奧運桌球項目佳績，市長黃偉哲感到與有榮焉，也為鄭怡靜27日上午女子單打第三輪賽事加油打氣，期待過關斬將闖進決賽。 (地方 / 2021-07-26 21:21),,0
ettoday,鄧福如遭爆外遇「害人流產」 Howhow首露面...7字鬼打牆落荒而逃,https://www.ettoday.net/news/20210415/1961035.htm,2021-04-15 15:45,Howhow（陳孜昊）和歌手老婆鄧福如（阿福）結婚2年，今年1月喜迎兒子出生，不料上週有網友爆料，阿福外遇一年還害人流產，事後Howhow和阿福透過經紀公司否認；今（15日）Howhow出席活動被問到此事難掩緊張，連語氣都在抖，聯訪一半更落荒而逃，不知其緊張原因。(影劇 / 2021-04-15 15:45),,0
ettoday,壽司郎這波血賺！行銷專家讚「3大成效」超成功：打趴另外兩家,https://www.ettoday.net/news/20210318/1941160.htm,2021-03-18 15:24,「鮭魚之亂」繼續延燒，首日活動吸引全台百餘人改名「鮭魚」，引起話題；專業行銷人多米在粉絲團《Domyweb》提出壽司郎活動的「3大隱藏效益」，除了創造大量曝光，還占據「鮭魚壽司」的聯想力，直呼「鮭魚之亂，壽司郎這波血賺！」(財經 / 2021-03-18 15:24),,0
ettoday,名人玩Clubhouse 趙少康「開房間」聲量贏過愛莉莎莎,https://www.ettoday.net/news/20210304/1930851.htm,2021-03-04 12:19,語音社群Clubhouse在前陣子爆紅掀起熱潮，國內外很多藝人名流也都在玩，吸引許多網友也想參與擠爆房間，「誰有邀請碼？」、「你加入房間了嗎？」頓時成為熱門話題。至於用戶加入後都在聽什麼、聊什麼，OpView社群口碑資料庫蒐集自今年2月起網友對Clubhouse的討論內容，統計並整理活躍房間的前10大名人聲量及5大熱門房型。(生活 / 2021-03-04 12:19),,0
ettoday,歡樂無法黨「解散原因曝光」 呱吉沉重宣告：早預訂好廢黨,https://www.ettoday.net/news/20210220/1923075.htm,2021-02-20 20:53,台北市議員「呱吉」邱威傑與知名網紅「志祺」、「視網膜」於2019年11月成立「歡樂無法黨」，因為未依法完成法人登記，遭內政部於2月19日廢止政黨備案。對此，呱吉透過粉專「歡樂無法黨」說明，黨內沒有在2022或2024推出候選人的打算，因此最佳的解散時機就是不完成法人登記。(政治 / 2021-02-20 20:53),,0
ettoday,歡樂無法黨遭廢黨 呱吉：階段性任務完成,https://www.ettoday.net/news/20210220/1922983.htm,2021-02-20 17:10,台北市議員、知名YouTuber「呱吉」邱威傑，2019年11月5日宣布與志祺七七、視網膜、眼球中央等網紅聯手籌組「歡樂無法黨」，同月在14日舉辦歡樂無法黨成立大會。但內政部19日公告，歡樂無法黨因為在備案後1年內未成法人登記，宣布廢止該黨的政黨備案。(政治 / 2021-02-20 17:10),,0
ettoday,呱吉組「歡樂無法黨」2年就掰了 未完成法人登記遭內政部廢黨,https://www.ettoday.net/news/20210220/1922969.htm,2021-02-20 17:08,台北市議員「呱吉」邱威傑與知名網紅「志祺」、「視網膜」於2019年11月成立「歡樂無法黨」，但該黨成立兩年多的時間卻因為沒有完成法人登記，內政部於2月19日依法廢止政黨備案。(政治 / 2021-02-20 17:08),,0
ettoday,開箱Clubhouse！你我的「邀請碼」、「開房間」僅成他人「階級強化」養分,https://www.ettoday.net/news/20210208/1917170.htm,2021-02-08 18:00,ClubHouse日前成為社群新寵兒，連帶讓「誰有邀請碼」、「開房間」成為網路流行用語，此語音社群在短時間內吸引到全球名人注意，也吸引不少台灣人加入，不過本文作者認為，經過近一週APP體驗，他認為該平台最令自己感到深刻的是使用者交出自身注意力與時間，並讓上述東西成為他人「階級強化」養分。(論壇 / 2021-02-08 18:00),,0
ettoday,能同理鍾明軒為何爆氣！ 志祺七七曝「創作者困境」吐擔憂,https://www.ettoday.net/news/20201106/1848849.htm,2020-11-06 21:18,網紅鍾明軒昨日在自己的YouTube頻道上發布一支影片，表示自己本來要幫最近超爆紅的日本動漫電影《鬼滅之刃劇場版：無限列車》配音，沒想到因為發行公司「木棉花」的老闆不喜歡他鮮明的政治立場，在他都已經接受配音訓練、排定工作日期後臨時被換角，引發軒然大波。對此，同樣身為YouTuber的志祺七七也在自己的頻道分享了自身的想法。 (影劇 / 2020-11-06 21:18),,0
ettoday,AR巨獸出沒、體育館變時空旅行處理器！2020台灣設計展新竹開跑,https://www.ettoday.net/news/20200918/1812419.htm,2020-09-18 19:27,「2020台灣設計展」將於10/1至11日首度在新竹舉行！展覽以「Check in新竹-人來風」為主題，規劃一條2公里步行路徑串聯新竹公園、轉運站和新竹市舊城區，其中最吸睛的「新竹獸」將以巨型充氣裝置和AR擴增實境的方式，出沒在設計展2公里步行路徑上；體育館更變成一台巨大「城市終端機」，帶領民眾開啟一場跨越時空的旅行。 (生活 / 2020-09-18 19:27),,0
ettoday,2020台灣設計展 新竹公園六展館變身科技控主場,https://www.ettoday.net/news/20200911/1806814.htm,2020-09-11 17:20,科技控注意！新竹市政府今（11）日公布2020 台灣設計展「Check in新竹－人來風」的第一主場館新竹公園，主打「科技資訊流」，體育館的「城市終端機」、風Live House的超連結「Hyper Link」，讓數位數據具象化，讓民眾彷彿親身進入數位世界，孔廟廣場則將有最美變電箱科普特展，春池玻璃則將讓玻工館變身「循環經濟」大本營。(地方 / 2020-09-11 17:20),,0
ettoday,御姊愛／蘋果全面訂閱失敗後，平面媒體訂閱制何去何從？,https://www.ettoday.net/news/20200812/1783008.htm,2020-08-12 15:23,台灣《蘋果日報》七月一日宣布取消全面訂閱制，改成「付費訂閱者可不用看廣告，其他不付費的大眾仍然能維持閱讀」。事實上，早該如此。如果一年多前就是這樣的策略，蘋果或許不至於在廣告業務上衰退得如此淒慘，讓競業輕鬆取走業績。(論壇 / 2020-08-12 15:23),,0
ettoday,「聖火玉尊」走入歷史！2020台灣Youtuber四大天王要有誰？網點名他,https://www.ettoday.net/news/20200729/1771786.htm,2020-07-29 18:47,年輕人喜歡從YouTube觀看各種有趣的影片，各類YouTuber紛紛崛起，從遊戲類、知識型、美妝到親子等通通有。「聖火玉尊」在2019年時被稱作YouTuber界的「四大天王」，有網友因此好奇，聖火玉尊的時代已經過去了，「2020年度的youtuber界四大天王換誰當家？」 (生活 / 2020-07-29 18:47),,0
ettoday,韓國瑜哪些政策必須喊卡？ 陳其邁點名：太平島挖石油、滿天星計畫,https://www.ettoday.net/news/20200727/1770170.htm,2020-07-27 15:41,高雄市長補選開始進入倒數階段，對於前市長韓國瑜的哪些政策會繼續延續的問題，民進黨候選人陳其邁表示，「路平政策」是他會堅持下去的，並依照他龜毛的個性去要求品質。陳其邁強調，他的道路品質一定比韓國瑜的好、還要耐用。(政治 / 2020-07-27 15:41),,0
ettoday,民進黨公布3大暑期營隊 卡司超大咖！蔡英文、唐鳳當講師,https://www.ettoday.net/news/20200708/1755790.htm,2020-07-08 17:32,民進黨8日舉行「2020民主進步黨『島嶼未來 青年上場』暑期青年營隊」記者會，公布一系列由民進黨青年部、台灣民主學院、中國部及國際部所舉辦的「熬民主！政治職人講堂」、「會做事！國務青旗艦營」、「大棋局！亞洲民主保衛站 兩岸及國際事務兵推營」等三個系列課程營隊。 (政治 / 2020-07-08 17:32),,0
ettoday,時力推「黃標大賞」邀Youtuber投入公共議題 呱吉出任評審團長,https://www.ettoday.net/news/20200616/1739292.htm,2020-06-16 19:39,為了讓民眾擴大公共議題參與，時代力量發起「公民參戰黃標Youtuber大賞」活動，針對台灣正名、工時工資、高房價、反紅媒反滲透等四大主題徵選Youtuber影片，並由知名Youtuber呱吉、志祺七七等人擔任評審，希望鼓勵更多人運用影音平台討論公共議題，共同打造更好的公共討論環境。(政治 / 2020-06-16 19:39),,0
ettoday,唐綺陽鬆口認「被徵召選不分區立委」！ 呱吉「歡樂無法黨」開口邀約,https://www.ettoday.net/news/20200609/1733421.htm,2020-06-09 10:38,唐綺陽和藝人炎亞綸、吳姍儒（Sandy）搭檔主持公視實境談話節目《36題愛上你》，話題百無禁忌，近日邀請視網膜聊到和呱吉組成的「歡樂無法黨」，唐綺陽鬆口認了有被對方徵召出任該政黨的不分區立委，引起各界熱烈討論。(影劇 / 2020-06-09 10:38),,0
ettoday,視網膜當網紅月入百萬「拒選議員」！ 嫌薪水太少：CP值很低,https://www.ettoday.net/news/20200525/1721757.htm,2020-05-25 06:52,網紅視網膜靠著《眼球中央電視台》反串式的新聞播報，在網路上累積高聲量，還和呱吉、博恩、志祺七七等人合組「歡樂無法黨」，看似對於進軍政壇雄心勃勃，但視網膜卻爆料，2018大選前，一度和林昶佐聊到代表時代力量選議員的可能，最後因錢太少決定放棄。(影劇 / 2020-05-25 06:52),,0
ettoday,捷運路線擬人化：增添趣味性 喚醒市民的情感連結,https://www.ettoday.net/news/20200518/1719953.htm,2020-05-18 17:00,「可是我們深信，唯有我們覺得有趣時，大眾才有可能被吸引，進而主動參與。」為了達到雙向溝通，決定不完全聚焦於 「百億」人次上，而是以「在 0 到 1 百億中，民眾與捷運所堆疊的故事」為主，如此一來，民眾便會產生想擁護自己較常搭乘的捷運線，「捷運路線擬人化」因而誕生。 (行銷雲 / 2020-05-18 17:00),,0
ettoday,張競／Taiwan can help登《紐時》，為何未見效？,https://www.ettoday.net/news/20200508/1709577.htm,2020-05-08 12:13,Taiwan can help廣告刊出後，對《紐時》主要讀者群來說，其所產生宣傳效果顯然就存在著相當落差。該廣告論述結構與寫作風格，所曾使用過之拉丁文辭語，某個特定字辭使用方式，是否無法引起以英文為母語者，產生閱讀興趣或是肇生誤解之關鍵所在？(論壇 / 2020-05-08 12:13),,0
ettoday,阿滴曝集資餘額動向！ 邀來「千萬網紅」拍片介紹：台灣是英雄,https://www.ettoday.net/news/20200504/1706411.htm,2020-05-04 18:04,YouTuber阿滴發起群眾募資，刊登廣告於美國《紐約時報》，反擊WHO秘書長譚德塞對台灣的指控，不到一天就募到逾1900萬。他近日曝光集資成效，並分享餘額用處，還找來千萬網紅Nas Daily合作拍影片，發揚「Taiwan can help」。(影劇 / 2020-05-04 18:04),,0
ettoday,國際千萬網紅大讚台灣「防疫英雄」！2小時吸55萬人 幕後推手曝：這只是起點,https://www.ettoday.net/news/20200502/1704897.htm,2020-05-02 11:53,擁有2000萬粉絲的以色列網紅雅新（Nuseir Yassin）2日在他的粉專「Nas Daily」貼出一支關於台灣防疫的影片，片中他提到，新冠肺炎傳染力強，大多國家的確診數曲線快速攀升，似乎沒有個盡頭，但是有個國家卻靠著自己的力量，讓曲線走向平穩，這個國家就是台灣。影片貼出僅2小時，就吸引了55萬人次觀看，而幕後推手也隨之曝光。(生活 / 2020-05-02 11:53),,0
ettoday,聶永真嗨轉發「3D版《紐時》廣告」：我要哭了！意象一眼秒懂...幕後神手曝,https://www.ettoday.net/news/20200418/1694413.htm,2020-04-18 11:52,阿滴、聶永真等人日前發起群眾募資，刊登廣告於美國《紐約時報》反擊世衛祕書長譚德塞對台灣的指控，引發熱議。近日也有神人「再創作」這個廣告，重製成立體樂高版本，讓大家一眼就秒懂原作意象。圖片上線後，也吸引原作聶永真轉發大讚。(生活 / 2020-04-18 11:52),,0
ettoday,同理出發vs展現堅毅！阿滴更新「寫給世界的一封信2.0」 兩版說明全文曝,https://www.ettoday.net/news/20200412/1689687.htm,2020-04-12 15:23,"阿滴、聶永真等人在10日發起募資活動，希望在《紐約時報》刊登全版廣告為台灣發聲，而阿滴稍早公開兩版廣告文案，並在12日的中午12點更新專案，貼出一份「〈 26,980 位台灣人民寫給世界的一封信〉第二版文案，兩版本奉上，版本選擇調查問卷」，在內文中說明調整方向，解釋兩版的初衷、思考點和論述。(生活 / 2020-04-12 15:23)",,0
ettoday,快訊／阿滴道歉了！ 認2點疏失：我不該代表台灣,https://www.ettoday.net/news/20200412/1689690.htm,2020-04-12 15:05,阿滴、聶永真、林祖儀、張少濂和張志祺共同發起在紐約時報刊登廣告，正因為事關疫情和國際立場每個人都很謹慎，團隊也積極收集聽取意見並改進，對「卡神」楊蕙如質疑「Youtuber可代表台灣罵人」也在第一時間做出回應。(影劇 / 2020-04-12 15:05),,0
ettoday,阿滴募資「台灣人給世界的一封信」湧2.6萬民眾響應達標 外交部回應了！,https://www.ettoday.net/news/20200411/1689341.htm,2020-04-11 19:36,YouTuber阿滴和聶永真等人10日發起募資，打算在《紐約時報》刊登「台灣人寫給世界的一封信」廣告，11日截止時已募到1913萬3288元。對此，外交部發言人歐江安11日回應，「效果可期。」(政治 / 2020-04-11 19:36),,0
ettoday,阿滴曝光「台灣給世界的公開信」中英文草稿！最終募資成果出爐 破1027萬完美達陣,https://www.ettoday.net/news/20200411/1688884.htm,2020-04-11 07:54,阿滴、聶永真、沃草、張志祺（志祺七七）以及張少濂發起的「集資刊登紐約時報全版廣告，台灣人寫給世界的一封信」活動，已經以高達256%的達成率圓滿集資成功，而阿滴、聶永真除了感謝台灣人的熱情互助外，也公開公開信的中英文版本草稿，希望為台灣在國際舞台上發聲。(影劇 / 2020-04-11 07:54),,0
ettoday,阿滴集資「18hrs破1027萬」 深夜曝最新進度！將買紐時數位版,https://www.ettoday.net/news/20200411/1688880.htm,2020-04-11 07:36,阿滴、聶永真、沃草、張志祺和張少濂發起集資，集結大家的力量在紐約時報刊登「台灣人寫給世界的一封信」全版廣告，於10日下午1點半開始募資，截至11日上午7時為止，目前已經達到1027萬5872元，對此阿滴也在個人臉書上發文透露最新進度，目前已經與紐約時報以及在美台灣人溝通，因為當地台灣人反映，美國因為疫情關係，各地印刷跟寄送報紙狀況不如預期，因此將評估購買紐約時報，數位板廣告。(生活 / 2020-04-11 07:36),,0
ettoday,阿滴400萬募資不到9hrs就達標…「金額還直衝800萬」！  網感動：台灣人超團結,https://www.ettoday.net/news/20200410/1688828.htm,2020-04-10 22:46,阿滴、聶永真、沃草、張志祺和張少濂發起群眾集資活動，希望能集結大家的力量在紐約時報刊登「台灣人寫給世界的一封信」全版廣告，於10日下午1點半開始募資，原定在11日凌晨5點之前達標400萬，沒想到民眾募集資速度驚人，僅僅花了8個半小時就達標，甚至金額還比原先的目標多出整整1倍，成功募到了800萬。(影劇 / 2020-04-10 22:46),,0
ettoday,阿滴集資400萬達標！ 「2小時暴增300萬」提前成功,https://www.ettoday.net/news/20200410/1688818.htm,2020-04-10 22:06,阿滴、聶永真、沃草、張志祺、張少濂等人共同發起群眾集資，希望在紐約時報刊登「台灣人寫給世界的一封信」，原預計在11日凌晨5點之前募資400萬，然而群眾集資速度驚人，原本10日晚間8點才達到100萬，但之後募資速度突然加快，截至晚間10點之前已達標。(影劇 / 2020-04-10 22:06),,0
ettoday,阿滴集資登紐時廣告「金額突破100萬」！ 倒數9小時…目標只達四分之一,https://www.ettoday.net/news/20200410/1688783.htm,2020-04-10 20:24,阿滴、聶永真、沃草、張志祺、張少濂共同發起群眾集資，希望在紐約時報刊登全版廣告，讓世界知道台灣對抗新冠肺炎的努力。集資期限只有短短15.5個小時，然而全台灣網友反應熱烈，截至10日晚間8點為止，募到的金額已經突破100萬。(影劇 / 2020-04-10 20:24),,0
ettoday,阿滴拆台譚德塞「1小時募款破50萬」！ 限時只有18小時…網站塞爆大當機,https://www.ettoday.net/news/20200410/1688464.htm,2020-04-10 14:54,阿滴、聶永真、沃草、張志祺和張少濂發起群眾集資活動，希望能集結大家的力量在紐約時報刊登全版廣告，各自發揮長才要透過國際版面書寫「台灣人寫給世界的一封信」。(影劇 / 2020-04-10 14:54),,0
ettoday,阿滴、聶永真號召集資400萬登「紐時全版廣告」：拆掉譚德塞謊言！,https://www.ettoday.net/news/20200410/1688459.htm,2020-04-10 14:34,世界衛生組織（WHO）秘書長譚德塞在記者會上痛罵台灣3分鐘，指控被台灣攻擊。總統蔡英文9日強硬回應，「我要表達強烈的抗議」，強調台灣向來反對任何形式的歧視，長年被排除在國際組織之外，比誰都知道被歧視和孤立是什麼滋味。譚德塞一番言論惹怒台灣人，318運動期間集資紐時廣告共同發起人林祖儀、Youtuber 阿滴、知名設計師聶永真等人發起網友集資，要在紐約時報刊登「台灣人寫給世界的一封信」全版廣告。(政治 / 2020-04-10 14:34),,0
ettoday,有阿滴、HowHow、蒼藍鴿！「9位YouTuber合體防疫片」...粉絲：陣容超猛,https://www.ettoday.net/news/20200303/1658252.htm,2020-03-03 13:06,新冠肺炎全球肆虐，日前Google與9位知名YouTuber合作，拍攝8分多鐘的防疫片，宣導疫情資訊、預防方法、及正確觀念，而龐大陣容引來大票粉絲支持。(生活 / 2020-03-03 13:06),,0
ettoday,「歡樂無法黨」正式成立 網友瘋狂敲碗：開放入黨了嗎！,https://www.ettoday.net/news/20200219/1649399.htm,2020-02-19 17:58,市議員「呱吉」跟網紅「志祺」、「視網膜」去年11月創立的「歡樂無法黨」，終於通過審核正式成立。網友看到消息後不斷詢問，「準備開放入黨了嗎？」(政治 / 2020-02-19 17:58),,0
ettoday,祭品文統整！選戰結束「全台灣的雞」剉咧等 網狂刷：公布How哥指考成績,https://www.ettoday.net/news/20200112/1623766.htm,2020-01-12 11:31,2020總統大選結束了，在總統蔡英文連任成功的結果下，網友轉而開始關心公眾人物是否會兌現選前立下的祭品文，一起來看看在選戰過後，會有多少人遵守承諾吧！(影劇 / 2020-01-12 11:31),,0
ettoday,滴妹感性喊「我們何等的幸福跟自由」！ 呼籲1/11出門投票：希望看到燦爛的台灣未來,https://www.ettoday.net/news/20200110/1622647.htm,2020-01-10 19:09,YouTuber滴妹和哥哥阿滴以拍攝英語教學影片在網路上走紅，起初她只出現在哥哥的頻道中，之後累積龐大的粉絲群後單飛創立個人頻道。近日適逢總統大選，她也在社群網站上發表了看法，鼓勵大家出門投票。(影劇 / 2020-01-10 19:09),,0
ettoday,老人家也瘋YouTuber！ PTT網友「列表6組推薦」：我爸媽真的有看,https://www.ettoday.net/news/20200102/1615917.htm,2020-01-02 15:18,PTT八卦版1日有一則題為「有適合老人家看的youtuber嗎？」的文章引起熱烈討論，像是老人與狗、Joeman和千千進食中這種跟生活日常有關的頻道都在推薦名單之中。(影劇 / 2020-01-02 15:18),,0
ettoday,影／21網紅拍影片串聯2000萬粉絲 蔡英文響應齊喊：1／11回家投票！,https://www.ettoday.net/news/20191227/1611624.htm,2019-12-27 12:27,台灣史上第一次！2020總統立委大選進入最後倒數，包含阿滴、阿翰、HowFun、白癡公主等21組、總訂閱數超過兩千萬、來自不同領域的台灣知名Youtuber合體錄製短片，呼籲年輕朋友1月11日要記得去投票。(政治 / 2019-12-27 12:27),,0
ettoday,年輕支持者少…韓國瑜反問蔡英文 「為何中老年人支持者少？」,https://www.ettoday.net/news/20191225/1610411.htm,2019-12-25 20:54,國民黨總統候選人韓國瑜在25日政見發表會前，抽空接受網紅「志祺七七」專訪。被問到關於年輕人支持度低的問題，韓國瑜解釋因為網路上「黑的太厲害」，另外也盼外界思考，「為何總統蔡英文的中老年支持度低？」(政治 / 2019-12-25 20:54),,0
ettoday,為何跟博恩PK膝蓋走路？ 韓國瑜有「兩個目的」：他老是修理我,https://www.ettoday.net/news/20191225/1610398.htm,2019-12-25 20:23,國民黨總統候選人韓國瑜於24日播出的《博恩夜夜秀》上跟跟博恩PK用「膝蓋走路」，引來博恩滿頭問號。對此，韓國瑜在25日的政見發表會前抽空接受網紅「志祺七七」訪問，並解釋為什麼要做膝蓋走路的瑜珈動作。(政治 / 2019-12-25 20:23),,0
ettoday,黃大謙要當兵了！「入伍前神聖儀式」剃刀一嚕平頭成果曝光 網讚：頭型好看,https://www.ettoday.net/news/20191222/1607723.htm,2019-12-22 12:01,22歲的YouTuber黃大謙今年從政治大學畢業，近期準備入伍服役，他找了3位好朋友進行神聖的剃頭任務，第一刀親自下手，結果慘不忍睹，直接讓他摀著臉羞於見人。(影劇 / 2019-12-22 12:01),,0
ettoday,桌球年終賽／林昀儒、廖振珽難跨中國障礙 男雙摘銀追平隊史最佳,https://www.ettoday.net/news/20191215/1602559.htm,2019-12-15 13:51,國際桌總年終總決賽(ITTF World Tour Grand Finals)賽程最後一天，各項目金牌都將出爐，男雙林昀儒／廖振珽大戰中國組合樊振東／許昕，雖然第三局激戰到11比11一度追回一局，但沒能延續氣勢，最終林廖配以1比3吞敗，拿下銀牌追平隊史最佳成績。 (體育 / 2019-12-15 13:51),,0
ettoday,桌球年終賽／台將剩林昀儒、廖振珽 男雙15日對決大陸拚金,https://www.ettoday.net/news/20191214/1601762.htm,2019-12-14 09:08,國際桌總年終總決賽(ITTF World Tour Grand Finals)13日賽程結束，台將在男女單、混雙和女雙都結束賽程，僅剩男雙林昀儒／廖振珽挺進冠軍戰，將在15日下午1點登場，對決中國組合樊振東／許昕。 (體育 / 2019-12-14 09:08),,0
ettoday,桌球年終賽／五局大戰退德國 林昀儒、廖振珽男雙進冠軍戰,https://www.ettoday.net/news/20191213/1601529.htm,2019-12-13 16:55,國際桌總年終總決賽(ITTF World Tour Grand Finals)，林昀儒雖然稍早前和鄭怡靜搭配的混雙止步4強，但不影響接下來和廖振珽搭配的男雙，與德國組合大戰5局後，驚險以3比2奪勝，繼2013年江宏傑／黃聖盛後，再度挺進冠軍戰，將對上中國組合樊振東／許昕。 (體育 / 2019-12-13 16:55),,0
ettoday,呱吉「我爸很跋扈、生氣直接打罵」：我對世界的認知都建立在他的指導下,https://www.ettoday.net/news/20191209/1597439.htm,2019-12-09 09:14,邱威傑的人生如戲，戲如人生，沒有鎂光燈活不下去。從小他在鏡頭前就活靈活現，具備戲劇潛力。成長階段，他積極投入舞台表演，不惜荒廢課業，渴望成為一名藝術家，可惜最後不了了之。有段時日，為了印證自己也能符合主流價值，他踏入遊戲產業當上班族，混得有聲有色。臨近中年破釜沉舟，改當網紅，又參選議員，還創立前所未有的「歡樂無法黨」，對他而言，網紅及政治不過是昔日舞台表演的伸展，二種願望一次滿足。整座城市都是他的舞台，沒有鎂光燈的時刻，他就自己創造。(政治 / 2019-12-09 09:14),,0
ettoday,網紅志祺自爆「荒唐史」 雞排妹一聽：社會比你想像亂,https://www.ettoday.net/news/20191207/1596642.htm,2019-12-07 15:46,網路紅人志祺七七（張志祺）日前上雞排妹（鄭家純）直播節目《學姊受不了》。身為「歡樂無法黨」創黨人的志祺七七，從未上過節目受訪，首次上節目獻給雞排妹直呼超緊張。(影劇 / 2019-12-07 15:46),,0
ettoday,訓練家瘋朝聖！《寶可夢150人對戰》回顧 全圖鑑卡牌牆、日本限定商品,https://www.ettoday.net/news/20191207/1592784.htm,2019-12-07 09:00,你有發現最近朋友社群軟體打卡都是滿滿的寶可夢嗎？沒錯，為期近3週的任天堂Switch《寶可夢 劍／盾》上市紀年活動《巨寶可夢》Pokémon Max正式結束了！從11月15號開始的寶可夢遊行、巨星大賽、寶可夢商店、巨大寶可夢氣球到上週日的《寶可夢集換式卡牌150人對戰》冠軍產生，替所有寶可夢訓練師帶來無數的回憶，就讓我們來回顧上週日《150人對戰》的精彩內容吧！(遊戲 / 2019-12-07 09:00),,0
ettoday,遠見／辣台派直播vs.穿雲箭App 蔡韓對決誰能勝出？,https://www.ettoday.net/news/20191206/1594920.htm,2019-12-06 17:42,2020大選將近，隨著民眾的目光從線下移到線上，社群經營成了選戰中不可或缺元素。究竟形象嚴肅的政治人物如何變成社群網紅？(生活 / 2019-12-06 17:42),,0
ettoday,潘文忠專訪／招架不住鍾明軒、黃大謙！自揭無法當網紅：敬佩他們「簡潔」,https://www.ettoday.net/news/20191124/1581923.htm,2019-11-24 09:00,教育部和部長潘文忠的臉書風格有別制式路線，深受年輕人喜愛，甚至邀請多位知名網紅一起拍片，將複雜議題轉化成不僅好懂且有趣，讓更多人願意多去了解。不過潘文忠接受《ETtoday新聞雲》專訪笑著透露，對每一個網紅都招架不住，因為很敬佩他們簡潔表達的方式。(生活 / 2019-11-24 09:00),,0
ettoday,歡樂無法黨黨歌超洗腦！MV各種香菜、迷因 網笑翻：有夠ㄎㄧㄤ,https://www.ettoday.net/news/20191123/1586044.htm,2019-11-23 00:22,台北市議員「呱吉」邱威傑與網紅志祺七七、視網膜日前籌組歡樂無法黨，不僅舉辦創黨大會選出黨主席「柚子」，還推出不分區名單，結果卻因為未正式通過成政黨法人，無緣參與2020大選，所以暫時不會再有活動。然而歡樂無法黨仍舊推出黨歌MV，內容充斥香菜畫面，引起網友熱議。(政治 / 2019-11-23 00:22),,0
ettoday,快訊／歡樂無法黨來不及了！無緣2020大選 「大結局」惹哭網友,https://www.ettoday.net/news/20191121/1585206.htm,2019-11-21 22:13,網紅「呱吉」、台北市議員邱威傑與志祺七七、視網膜日前籌組歡樂無法黨，不僅舉辦創黨大會，選出黨主席，還推出不分區名單，引發熱烈討論。如今登記日截止，歡樂無法黨還未正式通過成為政黨法人，已無緣參與這次2020大選，因此稍早發布告別影片，讓許多網友備感不捨。(政治 / 2019-11-21 22:13),,0
ettoday,館長、雞排妹都上榜！「歡樂無法黨」不分區名單出爐 第一名直接超越物種,https://www.ettoday.net/news/20191120/1584414.htm,2019-11-20 21:32,網紅議員「呱吉」邱威傑與YouTuber「志祺七七」、「視網膜」日前共同創立「歡樂無法黨」，16日在臉書粉專發布「黨紀」後，20日發表不分區及僑居國外國民立法委員候選人提名名單，其中包括「館長」陳之漢，引起網友笑稱，「期待館長在國防委員會直接面對吳斯懷」。(政治 / 2019-11-20 21:32),,0
ettoday,太歡樂了！歡樂無法黨紀禁「被動出征」 否則遭懲處「裝追蹤器」,https://www.ettoday.net/news/20191116/1581455.htm,2019-11-16 17:38,網紅議員「呱吉」邱威傑與YouTuber「志祺七七」、「視網膜」日前共同創立「歡樂無法黨」，16日在臉書粉專發布「黨紀」，內容相當搞怪，像是「追蹤器」、「媽祖託夢」、「征服宇宙」，都列入其中，網友看完直呼「太歡樂了！」(政治 / 2019-11-16 17:38),,0
ettoday,影／歡樂無法黨今創黨 邱威傑砲轟藍綠：亂推人選代表沒核心價值,https://www.ettoday.net/news/20191114/1579819.htm,2019-11-14 16:23,台北市議員邱威傑（呱吉）、YouTuber志祺七七、視網膜宣布成立「歡樂無法黨」，14日舉行創黨大會，115位創黨黨員中共有95位黨員出席。對於藍綠兩黨不分區名單爭議，邱威傑會前受訪直言，隨便推亂七八糟的人選的話，代表這個政黨完全沒有讓人尊敬的核心價值，盼政黨審慎看待不分區。(政治 / 2019-11-14 16:23),,0
ettoday,呱吉、志祺七七組黨！狂酸韓國瑜：不期望發大財、總目標大家快樂,https://www.ettoday.net/news/20191106/1573459.htm,2019-11-06 14:43,網紅出身的台北市議員「呱吉」邱威傑5日在臉書上宣布，他和YouTuber志祺七七、視網膜與共同組織「歡樂無法黨」，已向內政部提出申請，將在11月14日舉辦成立大會。邱威傑與志祺七七6日受訪強調，不期望發大財、征服宇宙，總目標是大家都快樂，引用高雄市長韓國瑜、台北市長柯文哲等人的口號，酸味十足。(政治 / 2019-11-06 14:43),,0
ettoday,呱吉成立「歡樂無法黨」 柯文哲：聽起來就很歡樂,https://www.ettoday.net/news/20191106/1573403.htm,2019-11-06 10:45,網紅出身的台北市議員「呱吉」邱威傑5日在臉書上宣布，今年11月要改變台灣的政治，和Youtuber志祺七七、視網膜與央視的朋友共同組織「歡樂無法黨」，已向內政部提出申請，預定在11月14日舉辦成立大會。對此，台北市長柯文哲笑說，這聽起來就很歡樂。(政治 / 2019-11-06 10:45),,0
ettoday,呱吉與視網膜組「歡樂無法黨」 黨綱規定「開會禁帶香菜」,https://www.ettoday.net/news/20191105/1573136.htm,2019-11-05 22:04,網紅出身的台北市議員「呱吉」邱威傑5日在臉書上宣布，今年11月要改變台灣的政治，和Youtuber志祺七七、視網膜與央視的朋友共同組織「歡樂無法黨」，而且已經向內政部提出正式申請，預定在11月14日舉辦歡樂無法黨成立大會；值得一提的是，「歡樂無法黨」的黨綱第五條寫下「全體黨員或核心黨職幹部開會應具備酒水零食（香菜除外）」，引起網友哈哈大笑。(政治 / 2019-11-05 22:04),,0
ettoday,獨／蔡英文首創AVG遊戲31日上線！ 「總統府大冒險」畫面、人物角色曝光,https://www.ettoday.net/news/20191030/1568466.htm,2019-10-30 12:54,總統蔡英文競選連任辦公室31日將舉行第二波官網記者會，正式開箱「總統府大冒險」史上第一個競選AVG（冒險遊戲）。《ETtoday新聞雲》率先獨家公開遊戲畫面，內容也含有大量彩蛋。 (政治 / 2019-10-30 12:54),,0
ettoday,歐美背包客化身乞丐 是窮遊還是濫用愛心？,https://www.ettoday.net/news/20190903/1526356.htm,2019-09-03 09:49,最近一些東南亞觀光景點，開始出現背包客蹲坐在路邊行乞的現象，除了引起當地居民的注意，也成為警方加強勸導的對象。(探索 / 2019-09-03 09:49),,0
ettoday,勞團指控雇主禁止漁工穿救生衣 勞動部：岸邊有勞檢、遠洋漁船有漁業署派觀察員,https://www.ettoday.net/news/20190829/1523920.htm,2019-08-29 12:11,宜蘭縣漁工職業工會今（29）日到勞動部前陳情，希望勞動部可以正視漁工的生命安全，主要是有太多雇主禁止船上作業漁工穿著救生衣，導致許多本籍、外籍漁工暴露在危險之中；對此，勞動部職安署產業安全科科長陳志祺表示，勞動部一直每年都有在做勞檢，去年在岸邊勞檢共計150件，查有5件違法，其中3件就是漁工未穿戴救生衣而開罰。勞動部強調會再跟相關單位加強溝通宣導。(財經 / 2019-08-29 12:11),,0
ettoday,志祺七七／「有愛無性」可能嗎？ 無性戀者的感情追尋之路！,https://www.ettoday.net/news/20190819/1515732.htm,2019-08-19 09:23,(探索 / 2019-08-19 09:23),,0
ettoday,10萬以上訂閱網紅限定 YouTube快閃攝影棚三度登台,https://www.ettoday.net/news/20190808/1508769.htm,2019-08-08 15:09,YouTube 今（8）日宣布，快閃攝影棚 (Pop-Up Space) 第三度來台，現場設有以「懷舊東方爵士酒吧」與「綜藝節目場景」為主題的兩個攝影棚，限定10萬以上訂閱人次的台灣創作者提案，預計可協助超過450位創作者、150位媒體業者及數位內容發行商。 (3C家電 / 2019-08-08 15:09),,0
ettoday,志祺七七／女鬼的結婚大作戰 「冥婚」也有 SOP？,https://www.ettoday.net/news/20190807/1507161.htm,2019-08-07 09:22,基本上，現代冥婚的手法，就是過世女性的父母或家屬，會在路邊放一個紅包袋，看誰撿起來，就認他做女婿。(探索 / 2019-08-07 09:22),,0
ettoday,志祺七七／歐洲熱浪45.9℃ 超高溫提前來襲！,https://www.ettoday.net/news/20190731/1501966.htm,2019-07-31 15:05,從今年六月以來，比我們緯度更高的歐洲已經因為熱浪的侵襲，有十多個人被熱死；而法國更是出現可怕的 45.9 度超高溫！(探索 / 2019-07-31 15:05),,0
ettoday,志祺七七／印尼首都即將沉沒？ 佐科威宣布實施「十年遷都計畫」,https://www.ettoday.net/news/20190726/1498527.htm,2019-07-26 11:58,雖然專家是預測到了 2050 年雅加達才會被淹沒，但與水有關的危機，卻已經不斷在發生。根據統計，過去十年來雅加達一共下沉了 2.5 公尺，就像是如果你家本來住在一樓，現在可能只剩天花板還是乾的；同時，雅加達下沉的方式就像一個碗，是從中間凹下去的，所以只要颱風來就一定會淹水、而且很難排出去。(探索 / 2019-07-26 11:58),,0
ettoday,總統專機「好忙」…陳水扁私用替兒娶媳婦還助選 馬英九隨扈酒醉鬧事,https://www.ettoday.net/news/20190723/1496305.htm,2019-07-23 16:00,國安局特勤人員遭爆利用總統蔡英文出訪機會走私9800條香菸，府方下令嚴格徹查，朝野立委紛紛撻伐。本應該為總統「公務」服務的專機「空軍一號」因此蒙上陰影，過去歷任總統使用專機也鬧出不少事情。(政治 / 2019-07-23 16:00),,0
ettoday,志祺七七／你有去過嗎？ 台灣的老街和彩繪村竟然都長得差不多？,https://www.ettoday.net/news/20190719/1492456.htm,2019-07-19 11:46,提到台灣的觀光景點，大家對「老街」和「彩繪村」通常都蠻有印象。但經常有網友批評「只要有紅磚頭、屋頂有巴洛克山牆就可以說是老街；社區外牆隨便加上彩繪就可以變成彩繪村，但這些景點其實都長得都差不多。」(探索 / 2019-07-19 11:46),,0
ettoday,韓國瑜最驕傲政績：讓全世界看到高雄 「上任半年國字臉變瓜子臉」,https://www.ettoday.net/news/20190716/1490751.htm,2019-07-16 07:48,高雄市長韓國瑜從國民黨內初選出線，有網友挖出他先前接受Youtuber志祺七七訪問的影片，面對上任半年來有哪些值得驕傲的政績，又有哪些是提出了卻無法實現的政見，他解釋，自己從國字臉操勞到瘦成瓜子臉，但各局處都沒有停下往前衝的腳步，「問我覺得最有成就感的是什麼，我覺得是讓全世界看到高雄。」(政治 / 2019-07-16 07:48),,0
ettoday,史上首次！開箱空軍一號 阿滴「全英訪問」考不倒蔡英文,https://www.ettoday.net/news/20190713/1489394.htm,2019-07-13 19:40,史上首次開箱空軍一號！總統蔡英文臉書13日晚間公布新影片，內容是他和知名Youtuber阿滴及志祺七七合體。除了開箱總統專機，阿滴也挑戰在總統專機內全英文採訪蔡英文，原本想考驗一下總統的英語能力，沒想到卻完全考不倒小英。(政治 / 2019-07-13 19:40),,0
ettoday,妳覺得妳像尤達嗎？ 1年前蔡英文嚴肅否認…這次合體了！,https://www.ettoday.net/news/20190711/1487887.htm,2019-07-11 21:22,去年總統蔡英文執政滿二周年之際，接受網路平台直播訪問，有網友問「妳覺得妳像尤達嗎？」，當時蔡英文嚴肅地直言「我當然覺得不像啊。」然而，蔡英文11日在臉書公布一項消息，那就是她與尤達合體了！(政治 / 2019-07-11 21:22),,0
ettoday,蔡英文在空軍一號上遇到間諜尤達！ 幸好特勤發現了,https://www.ettoday.net/news/20190711/1487845.htm,2019-07-11 19:56,總統蔡英文上任第七度出訪11日出發，她將依序訪問海地、聖克里斯多福及尼維斯、聖文森、聖路西亞等4友邦，並過境美國丹佛，預計22日返抵國門，全程共計12天11夜，定調為「自由民主永續之旅」。啟程之前，蔡英文在空軍一號上遇到間諜，幸好特勤發現了。(政治 / 2019-07-11 19:56),,0
ettoday,福衛七號有多厲害？ 志祺七七帶你一窺台灣宇宙科技,https://www.ettoday.net/news/20190704/1481318.htm,2019-07-04 14:57,6月25日下午兩點半，台灣的人造衛星「福爾摩沙衛星七號」在美國發射上太空了。從今以後，它就要接替福衛三號，成為台灣的氣象預報擔當，在地球外面搜集比以前更精準的大氣資料。(探索 / 2019-07-04 14:57),,0
ettoday,志祺七七／產生尷尬情緒的不是出糗本身 而是心中的「想像觀眾」？,https://www.ettoday.net/news/20190627/1475887.htm,2019-06-27 12:03,假設某天下班在捷運上戴耳機聽音樂，聽到一半才耳機沒插好，音樂都放出來了。旁邊其他乘客甚至忍不住偷笑出來，此時不免覺得一陣尷尬。為什麼會有尷尬這種感覺呢？到底為什麼人會有尷尬情緒？(探索 / 2019-06-27 12:03),,0
ettoday,鴻海過勞很嚴重？郭台銘曝「加班秘辛」員工超愛：還要趕人回家,https://www.ettoday.net/news/20190617/1469316.htm,2019-06-17 20:08,面對國民黨總統候選人初選時間逼近，有意參選的參選人紛紛出面造勢、闡述想法來吸引目光。鴻海董事長郭台銘接受Youtuber「志祺七七 X 圖文不符」張志祺專訪，除了解決許多人對他的疑問之外，也談到公司內的加班問題，並沒有逼迫任何人加班，主要是照政府法規走，加班費多才會讓員工主動留下。 (政治 / 2019-06-17 20:08),,0
ettoday,志祺七七／一天能吸1900公斤垃圾的淨海神器？！ 海洋得救了嗎？,https://www.ettoday.net/news/20190613/1465901.htm,2019-06-13 10:05,根據統計，目前每年都有一千公噸左右的垃圾進入海洋，平均每分鐘都有一大卡車的垃圾被倒進海裡；研究組織也估計三十年後，海洋中的垃圾就會比魚還要多。(探索 / 2019-06-13 10:05),,0
ettoday,印尼總統選舉大亂鬥 全都是因為雙方猛造假新聞！？,https://www.ettoday.net/news/20190524/1451513.htm,2019-05-24 19:48,印尼今年舉辦了包含總統大選在內的「五合一選舉」，是全世界規模最大的單日選舉，而且今年有一名總統候選人努哈迪超級特別。(探索 / 2019-05-24 19:48),,0
ettoday,只想和未成年「發生關係」？ 究竟什麼是戀童癖？,https://www.ettoday.net/news/20190419/1426085.htm,2019-04-19 21:03,原來這位家庭主婦還有另一個身份，她跟丈夫都是「影子獵人」（Shadow Hunters）這個組織的成員，這個組織會在社交網站上面偽裝成小女生，然後引誘那些想要跟未成年少女發生性行為的人出現並報警逮捕。(探索 / 2019-04-19 21:03),,0
ettoday,管管買粉專事件是對岸網軍的統戰嗎？ 資訊戰爭已開打,https://www.ettoday.net/news/20190415/1420346.htm,2019-04-15 10:41,4月5日， Dcard 上出現一篇文章，標題叫做「台灣已經進入準戰爭狀態了」。 這篇文章附了好幾個截圖，除了揭露有人在臉書或人力資源網上，徵求支持兩岸統一的網紅跟小編之外；也點出有一些不明人士，正在臉書上收購不同的粉絲專頁或社團。(探索 / 2019-04-15 10:41),,0
ettoday,紐西蘭恐怖攻擊！ 澳洲籍槍手為何跑到紐西蘭發動恐攻？,https://www.ettoday.net/news/20190402/1413115.htm,2019-04-02 19:03,3 月15 日星期五下午，紐西蘭基督城內有許多穆斯林正在清真寺進行星期五主麻日的禮拜，突然有一名男子持槍闖入，進行持續六分鐘的無差別攻擊。之後又開車前往另一間清真寺襲擊，但中途被一名勇敢的民眾反制後，兇手逃離現場，在逃逸的過程中被警方逮補。(探索 / 2019-04-02 19:03),,0
ettoday,觀察／蔡英文出訪自媒體完成操兵 3洲際飛彈、即時能量讓記者壓力大,https://www.ettoday.net/news/20190331/1412001.htm,2019-03-31 12:06,總統蔡英文完成訪問南太平洋友邦「海洋民主之旅」，此行由總統府發言人林鶴明領軍的社群「自媒體團隊」，並定調「社群洲際飛彈」、快速即時的模式來操作，利用這次機會完成「操兵」，從拍攝到後製一條鞭，不假其他傳統媒體之手，這支部隊經過實戰回國後，接下來就正式面對2020總統大選網路戰。 (政治 / 2019-03-31 12:06),,0
ettoday,阿滴開文理全科補習班！ 曝超強師資陣容「報名官網藏大亮點」,https://www.ettoday.net/news/20190331/1411922.htm,2019-03-31 09:05,YouTuber阿滴開設「阿滴英文」至今已經破了200萬點閱人數，陸續也推出各種線上教材，30日驚喜宣布：「我開了一間全科補習班。」不長不短6分半的影片中介紹了教室和堅強的師資陣容，正經又輕鬆的環境連官網都藏超大亮點。(影劇 / 2019-03-31 09:05),,0
ettoday,搭10分鐘就要收1小時的錢嗎？ 「Uber條款」爭議分析,https://www.ettoday.net/news/20190325/1405818.htm,2019-03-25 10:49,近期 Uber 認為政府針對他們訂定了「 Uber 條款」也就是《汽車運輸業管理規則》103條之1，來打壓 Uber 的生存空間。業者認為這是政府向計程車低頭後，對 Uber 的針對性立法。而要了解 Uber 的爭議之前，我們得先知道 Uber 認為自己是因應「共享經濟」而生的「資訊服務業」。(探索 / 2019-03-25 10:49),,0
ettoday,遇到毛小孩一秒變地方媽媽 蔡英文：欸！不要打架,https://www.ettoday.net/news/20190324/1406955.htm,2019-03-24 21:16,總統蔡英文24日推出「小英做什麼」第一集，透過和YouTuber志祺與魚乾的訪談中，了解台灣年輕人最喜歡收看的YouTube生態，過程中也讓她領養的3隻退役導盲犬Maru、Bella、Bunny入鏡。在最後花絮，蔡英文餵狗吃零食，引起三隻狗爭食，蔡英文一秒變地方媽媽，大喊「不要打架」。(政治 / 2019-03-24 21:16),,0
ettoday,蔡英文重啟YouTube頻道原因曝光 網跪求feat陳其邁,https://www.ettoday.net/news/20190324/1406918.htm,2019-03-24 20:35,總統蔡英文繼與兩位YouTuber志祺以及魚乾推出開箱影片後，這一次蔡英文親自上場，第一次擔任自己的YouTube頻道節目的主持人，推出「小英做什麼」第一集，透過和兩位YouTuber的訪談中，更深入的了解現在台灣年輕人最喜歡收看的YouTube生態。蔡英文在節目中表明，她重啟YouTube頻道，不是想要當網紅，而是想透過這個頻道，用更貼近大家的方式傳遞資訊。(政治 / 2019-03-24 20:35),,0
ettoday,求購買連結！蔡英文開箱「台灣頸枕」被網問爆 外交部公布取得方式,https://www.ettoday.net/news/20190322/1405323.htm,2019-03-22 14:18,總統蔡英文21日起程出訪大洋洲友邦，她跟Youtuber志祺、魚乾最新的合作影片也在晚間曝光。蔡英文大方公開自己行李箱，其中有2顆台灣造型的頸枕，讓網友們狂問「要到哪裡才能買得到呢？﻿」而外交部也在22日播出自製開箱影片，公布取得方式為「關注蔡英文海洋民主之旅」。(政治 / 2019-03-22 14:18),,0
ettoday,蔡英文行李箱影片曝光！出訪不忘帶上這一包 泡麵最推海鮮味,https://www.ettoday.net/news/20190321/1405040.htm,2019-03-21 23:41,總統蔡英文21日起程出訪大洋洲友邦，她跟Youtuber志祺、魚乾最新的合作影片在晚間也曝光。蔡英文大方公開自己行李箱表示，自己出國一定會帶上台灣零食，一準備就是一大包，還不忘裝泡麵，自曝自己最愛海鮮味，展現超高親和力。(政治 / 2019-03-21 23:41),,0
ettoday,覺得孤獨就像覺得肚子餓？ 孤獨到底是什麼呢？,https://www.ettoday.net/news/20190315/1399413.htm,2019-03-15 11:53,每次放假時，Instagram裡總是充斥著大家跟家人、朋友、情人出遊的照片。 但對於沒有邀約的人來說，是不是覺得有一點點的寂寞呢？又或許你明明就有跟一群朋友約出去玩，卻還是隱隱約約地覺得自己無法融入大家。如果你有過這些感覺的話，這都是「孤獨感」所造成的噢！(探索 / 2019-03-15 11:53),,0
ettoday,父母真的不能和小孩搞亂倫嗎？ 理由又是什麼？,https://www.ettoday.net/news/20190312/1394924.htm,2019-03-12 07:03,英國有一位 50 歲媽媽因為太寵愛自己的 16 歲兒子，竟然答應他的要求、和他發生好幾次性關係。這件事情曝光後，警方跟檢察官就介入調查，接著便進入司法程序，最後法官不只判決這位母親 6 個月徒刑、2 年緩刑，而且也教訓她說「你這個母親當得實在很失敗」。(探索 / 2019-03-12 07:03),,0
ettoday,華航罷工怎麼看？ 一次搞懂所有跟罷工有關的法律問題！,https://www.ettoday.net/news/20190215/1378322.htm,2019-02-15 09:18,回顧今年春節，最大條的事情就是華航機師的罷工事件，由於選在運量最龐大的過年期間，有許多旅客的行程因此大受影響，所以這件事又再度引起全台注目。(探索 / 2019-02-15 09:18),,0
ettoday,好友間也存在無形的霸凌 校園霸凌是如何出現又該如何面對？,https://www.ettoday.net/news/20190206/1328344.htm,2019-02-06 08:03,大家曾碰過校園霸凌嗎？大部份人可能都曾經碰過。近期youtube頻道「志祺七七x圖文不符」便上傳了一部影片，探討關於校園霸凌的議題。而你知道嗎？有些好朋友之間看似習以為常的日常互動，可能也存在霸凌的情形。(探索 / 2019-02-06 08:03),,0
ettoday,政府「超徵稅收」發紅包是假新聞嗎？ 錢又從哪裡來？,https://www.ettoday.net/news/20190205/1352312.htm,2019-02-05 08:03,到底什麼是「超徵稅收」？這次真的又是假新聞嗎？Youtube頻道志祺七七x圖文不符，近日上傳了一部影片探討此問題。(探索 / 2019-02-05 08:03),,0
ettoday,既然考完還是會忘記 那幹嘛段考？,https://www.ettoday.net/news/20190204/1350555.htm,2019-02-04 07:03,學測剩不到一百天，模擬考和段考接力出現的的考試組合餐，讓許多學生都吃不消。這次志祺七七的「學生頂嘴」系列，就要來聊聊段考制度。 為什麼學生需要段考呢？對於支持的人來說，像這種定期測驗可以確認一下自己知道什麼、不會什麼，也可以知道自己的學習狀況在大概落在哪個區間。(探索 / 2019-02-04 07:03),,0
ettoday,曾培養江宏傑、鄭怡靜 台南桌球教父林忠雄病逝,https://www.ettoday.net/news/20190131/1370293.htm,2019-01-31 11:02,曾指導出吳文嘉、蔣澎龍、吳志祺、江宏傑、黃聖盛、鄭怡靜等好手，有著台南桌球教父之稱的林忠雄，於30日凌晨病逝，享年78歲。(體育 / 2019-01-31 11:02),,0
ettoday,愛看理科太太也會喜歡老高？網戰翻「XXX比較有趣」：都看老高太太,https://www.ettoday.net/news/20190124/1364142.htm,2019-01-24 03:11,「嗨，大家今天過得好嗎？」YouTuber理科太太陳映彤以面癱風格爆紅，訂閱人數不斷上升，但也因影片內容遭各界質疑。有網友便提出疑問，既然喜歡理科太太，那應該也會喜歡YouTuber「KUAIZERO老高」吧？竟意外引起網友討論。 (生活 / 2019-01-24 03:11),,0
ettoday,呱吉旋風！ 網紅素人參政是好還是壞？,https://www.ettoday.net/news/20181211/1321937.htm,2018-12-11 19:00,呱吉本名邱威傑，是「上班不要看」 YouTube 頻道的工作團隊的老闆，同時也經營著「呱吉」這個個人頻道。而他在本次「九合一選舉」中，參選了台北市松山信義區的議員，並且以 11786 票、大約是 5.28% 的得票率成功擠進當選名單。(探索 / 2018-12-11 19:00),,0
ettoday,桌球年終賽／莊陳配補位獲資格 林昀儒／廖振珽首參賽拚牌,https://www.ettoday.net/news/20181207/1324636.htm,2018-12-07 07:01,"國際桌球總會(ITTF,International Table Tennis Federation)年終總決賽將在13日於南韓仁川展開，我國新星林昀儒搭配廖振珽的男雙，以排名第五生涯首度搭上年終賽列車，今年狀態不錯的兩人，有望挑戰超越男雙隊史最佳成績銀牌，而莊智淵／陳建安則靠著補位置至排名第七，也獲得年終賽資格。 (體育 / 2018-12-07 07:01)",,0
ettoday,偏見真的會殺人！ 壓制歹徒的保全居然被警察槍殺？,https://www.ettoday.net/news/20181122/1310527.htm,2018-11-22 19:19,日前美國芝加哥郊區的一間酒吧，在凌晨發生了一起命案。死者是一名在酒吧擔任保全的 26 歲男性黑人，名字叫做傑米．羅伯森（Jemel Roberson），而殺害他的人則是一位來自伊利諾州的警察。(探索 / 2018-11-22 19:19),,0
ettoday,YouTuber 想拍什麼就可以拍？ 4個內容規範要注意！,https://www.ettoday.net/news/20181121/1298823.htm,2018-11-21 19:15,現在觀看 YouTube 的人越來越多，年紀比較小的孩童也都能輕易的接觸到，所以已經有人開始擔心，YouTuber 的創作內容會不會對小孩或是大眾造成不當的影響。(探索 / 2018-11-21 19:15),,0
ettoday,國手曾以台灣名義出賽奧運 台灣叫做中華台北的原因是...,https://www.ettoday.net/news/20181120/1305361.htm,2018-11-20 19:00,近期炒得沸沸揚揚的公投話題，其中一案便是「東奧正名」。為甚麼台灣要以中華台北的名義出賽奧運，而如今又為甚麼要透過公投決定是否提出改名呢？你知道台灣以前曾經就有用「台灣」的名義出賽嗎？youtube頻道志祺七七x圖文不符近期便上傳了一部影片為大家統整與解釋。 (探索 / 2018-11-20 19:00),,0
ettoday,用影片讓社會更美好 YouTube鼓勵創作者帶來正能量,https://www.ettoday.net/news/20181108/1300797.htm,2018-11-08 09:11,你有沒有發現，現在有越來越多的YouTuber影音創作者，開始利用影片的渠道，來告訴你這個社會發生了什麼事？為了讓每一個人都有發聲的權利，YouTube近年來開始鼓勵創作者們，利用影音的力量推播議題，舉凡環境保護、社會議題，抑或是人權等，都是YouTube近年來致力推動的目標。(3C家電 / 2018-11-08 09:11),,0
ettoday,紐約開放第三性別選項！性別還有第三種？,https://www.ettoday.net/news/20181106/1293133.htm,2018-11-06 19:00,10月9日，美國紐約市長白思豪（Bill de Blasio）簽署了一個法案，從明年1月1日開始，在紐約出生的市民，可以在出生證明和身分證上的性別欄，選擇除了男性（M）、和女性（F）之外的第三性別（X），此外，以後如果有要更改性別，只要個人宣誓書就好，不需要任何經由醫療專業人員的證明文件。 (探索 / 2018-11-06 19:00),,0
ettoday,為什麼會有女生喜歡看男男戀？ BL到底是什麼？！,https://www.ettoday.net/news/20181105/1295265.htm,2018-11-05 19:00,螢幕前的你身邊是否有朋友喜歡「BL」，或是聽說過呢？BL到底是什麼、為什麼受女性大眾喜愛呢？Youtube頻道『圖文不符x志祺七七』日前上傳了一部影片探討與解析這個議題。 (探索 / 2018-11-05 19:00),,0
ettoday,為何立委總在打架？台灣立院竟靠打架得到「搞笑和平獎」！,https://www.ettoday.net/news/20181103/1286035.htm,2018-11-03 19:55,台灣的立法院曾在1995年的時候因為「以打架代替戰爭」，得到「搞笑諾貝爾和平獎」！究竟為何立法院總是在打架？又是從什麼時候開始這個打架風氣的呢？回顧歷史，開啟暴力問政風氣的史上第一人，是當時人稱「民主戰艦」的民進黨立委：朱高正。(探索 / 2018-11-03 19:55),,0
ettoday,應該總是說實話？ 不會說謊會讓社交變得更困難？,https://www.ettoday.net/news/20181102/1287347.htm,2018-11-02 20:34,我們在任何時候都應該說實話嗎？有人認為說謊是不對的事，但也有人認為有時候說點小謊並沒有關係。Youtube頻道『圖文不符x志祺七七』近日對於這個議題在影片中進行了討論。曾有學者指出，說謊是小孩認知發展正常的一個指標，那些比較早開始說謊、以及懂得如何說謊的小孩，反而能夠正常發展。(探索 / 2018-11-02 20:34),,0
ettoday,小吃店倒光？ 滿街娃娃機背後有三大關鍵！,https://www.ettoday.net/news/20181019/1281516.htm,2018-10-19 19:00,近期不論是住家附近甚至學校周圍，夾娃娃店一家接一家開，為何突然這麼多夾娃娃店呢？Youtube頻道『圖文不符x志祺七七』對於這個現象，做了一連串的分析與討論。(探索 / 2018-10-19 19:00),,0
ettoday,五星級員工餐飛了！Google在內的所有矽谷科技公司被禁止提供免費午餐,https://www.ettoday.net/news/20181011/1277623.htm,2018-10-11 19:00,日前Google總公司的戶籍地山景城市政府通過了一條法案：「禁止科技公司提供員工免費餐點。」。但其實不只是Google，該區的科技公司都被迫禁止提供員工餐。這個事件乍看之下公司員工似乎是直接受害者，然而受害更大的其實是原本看準整個矽谷有好幾萬員工數需要飽足三餐，而投資開設餐廳、餐車的老闆們。(探索 / 2018-10-11 19:00),,0
ettoday,如果廣告消失了 世界會變怎麼樣？,https://www.ettoday.net/news/20170507/919378.htm,2017-05-07 18:09,國立政治大學第 27 屆廣告系畢業成果展於 5/5 ～ 5/7 在中山藏藝所（台北市中山區長安西路 15 號）舉行，藉由資訊化的圖表、專人解說以及互動體驗的方式，與社會大眾一起反思廣告在生活中扮演的角色，進而理解廣告的重要性及價值。(生活 / 2017-05-07 18:09),,0
ettoday,全運男桌雙打高市金包銀 老少配莊智淵／孫嘉宏奪金,https://www.ettoday.net/news/20151007/576250.htm,2015-10-07 17:14,104年全運會桌球賽事第4天進行雙打賽程，地主高雄市兩組搭檔莊智淵/孫嘉宏和楊恆韋/李佳陞同闖決賽，包辦金牌與銀牌，最終由老少配莊智淵/孫嘉宏以4：1獲勝，帶走金牌。(體育 / 2015-10-07 17:14),,0
ettoday,全運男桌團體金牌戰 莊智淵領高市斬斷南市23連霸,https://www.ettoday.net/news/20151006/575559.htm,2015-10-06 16:22,104年全運會桌球男子團體賽，決賽上演地主高雄市對決台南市的好戲，靠著小將楊恆韋單雙打連莊，高雄市以直落三獲勝，報了上一屆全運會準決賽落敗的一箭之仇，也讓台南市橫跨區運與全運會的23連霸紀錄畫下句點。 (體育 / 2015-10-06 16:22),,0
ettoday,快來認識「亞斯伯格」 早期療育讓孩子過得更快樂,https://www.ettoday.net/news/20150509/504233.htm,2015-05-09 01:29,直到最近，「亞斯伯格症候群」（Asperger syndrome，簡稱AS）才稍微被人認識，為了讓亞斯伯格被更多人知曉，Info2Act團隊用簡潔圖文製作的「亞斯的厚帽子」資訊圖表，獲得廣大迴響。現在，Info2Act再針對早期療育，推出新的「亞斯可以量嗎？」希望能夠讓有狀況的孩子，及早接受治療。(生活 / 2015-05-09 01:29),,0
ettoday,唯有讀書高的觀念 讓競技體育國小熱國中冷,https://www.ettoday.net/news/20141215/439190.htm,2014-12-15 16:59,國內基層運動發展，除了棒球、籃球依然有相當多人投入，但如羽球、桌球、足球都遇到同樣的問題，就是國中選手銳減，國小參與運動人口都相當多，不過到國中部分家長認為還是要投入在課業方面，因此國中參與競技運動基層人口頓時減少。 (體育 / 2014-12-15 16:59),,0
ettoday,桌球／比賽改成大球 台灣選手又要重新適應,https://www.ettoday.net/news/20141215/439180.htm,2014-12-15 16:28,桌球今年又換球，從原本的小球改成大球，對於選手來說又是一種考驗，在準備國手錦標賽的吳志祺表示，一開始打還沒有特別感覺，但越打發現還是有些變化，還是要去適應。 (體育 / 2014-12-15 16:28),,0
ettoday,「地瓜丟進來！」 設計師為連勝文KUSO專屬垃圾袋,https://www.ettoday.net/news/20141022/416340.htm,2014-10-22 15:57,台北市長選戰將近，候選人紛紛打出周邊文宣來吸引選民，設計師張志祺 22日在臉書上PO出一系列幫連勝文設計的「垃圾袋」，還幽默地表示「勝文，我都幫你設計好了，儘管拿去用吧！我平時做雙面a4可是要2萬元呢！你看我對你多好！」馬上引起網友的熱烈討論，直呼「好想要有一個喔！」(政治 / 2014-10-22 15:57),,0
ettoday,合庫羽球暑假育樂營高雄連辦5天 運動營邁入第23年,https://www.ettoday.net/news/20140701/373803.htm,2014-07-01 15:32,廣受小朋友喜愛的「合作金庫羽球暑假育樂營活動」，自6月30日起連五天在高雄市中正技擊館舉行，計有573名國小學童報名參加，每天分上、下午梯次進行。該活動往年均在台北舉辦，已邁入23年，今年則首度移師至高雄開辦，堪稱高雄市體育一大盛事。(體育 / 2014-07-01 15:32),,0
ettoday,台銀合庫免費夏令營開跑 一線球員輪番擔任指導教練,https://www.ettoday.net/news/20140519/358845.htm,2014-05-19 18:31,暑假即將到來，為滿足父母需求，不少銀行紛紛推出兒童夏令營，其中，公股行庫的合庫以及台銀主打球類運動，強調父母親只需繳交旅平險或醫療險，小朋友便有機會與一線明星球員近距離接觸。(財經 / 2014-05-19 18:31),,0
ettoday,PRO級指導！ 合庫育樂營七月全台啟動,https://www.ettoday.net/news/20140513/356567.htm,2014-05-13 20:54,長期贊助國內體育的合作金庫，今年寒、暑假學童體育育樂營邁入第23個年頭，將於7月1日起，分別從新北、彰化及高雄等地陸續展開，共有羽球、棒球以及桌球項目可報名參加。(體育 / 2014-05-13 20:54),,0
ettoday,合庫房貸放款總量管制 首購利率2.2%起,https://www.ettoday.net/news/20140513/356692.htm,2014-05-13 20:22,繼土地銀行之後，配合政府打房政策，合作金庫不動產授信也跟進總量管制，以放款量成長不超過5%為目標，合庫副總暨發言人謝昌(人弟)表示，合庫今年房貸授信將落實分級分區管理，目前第一戶房貸利率已拉高到2.2%以上，第二戶利率則在2.5%以上。(財經 / 2014-05-13 20:22),,0
ettoday,全運會／扛住巨大壓力！ 台南桌球幫締造23連霸,https://www.ettoday.net/news/20131022/285170.htm,2013-10-22 15:16,「希望讓所有人知道『台南幫』的精神，我們扛得住壓力！」在全運會桌球男團金牌戰中，左手名將黃聖盛扛起台南市第一點的重任，以直落3擊退老對手陳建安，帶起全隊的氣勢，最終台南市連拿3點橫掃勁敵苗栗縣；在順利拿下第3點的那一刻，黃聖盛激動地衝向前抱住隊友，慶祝得來不易的23連霸紀錄。(體育 / 2013-10-22 15:16),,0
ettoday,合庫桌球健兒 世大運勇奪二金二銀五銅,https://www.ettoday.net/news/20130716/242154.htm,2013-07-16 17:57,合庫長期培育的球隊好手，在2013年世界大學運動會奮力出擊，為中華隊摘下二金二銀五銅的佳績。其中，桌球女雙李依真力克大陸隊強敵、男雙江宏傑與黃聖盛擊敗地主隊俄羅斯選手，於同一天為中華隊勇奪兩面金牌。(財經 / 2013-07-16 17:57),,0
ettoday,合庫暑假育樂營7月開跑 學童免費參加,https://www.ettoday.net/news/20130521/210575.htm,2013-05-21 17:27,合庫金旗下合庫銀宣布，暑假育樂營將於7月1日起，在台北、嘉義、澎湖、彰化等地展開，活動為期5天，分上午班和下午班兩梯次辦理；報名資格為國小三至六年級學童；報名方式採現場報名，請家長至各營隊報名地點為學童辦理報名手續，現場報名名額每場次限200人，每名家長限報2人，額滿為止。(財經 / 2013-05-21 17:27),,0
ettoday,莊智淵陳建安返國 合庫：贊助體育 獎金發放無上限,https://www.ettoday.net/news/20130521/210466.htm,2013-05-21 13:22,合庫金為少數長期耕耘體育，培育相關人才的企業之一，合庫金董事長沈臨龍表示，目前合庫每年贊助體育賽事的金額超過1億元，佔整體獲利比重超過1.5%，且選手退役後，也將轉為合庫職員，過去也有選手升到經理、協理、主秘等高層主管職務。(財經 / 2013-05-21 13:22),,0
ettoday,桌球／28年第一次 莊智淵、陳建安讓國旗歌在巴黎奏起,https://www.ettoday.net/news/20130520/209868.htm,2013-05-20 08:37,桌球世界錦標賽在法國巴黎舉行，台灣男雙選手莊智淵和陳建安以局數4比2，擊敗中國大陸勁敵郝帥和馬琳，這是1985年中華隊年參賽以來的首面金牌，當頒獎現場奏起中華民國國旗歌、升上中華會旗時，是最讓國人心情激昂的時刻。(體育 / 2013-05-20 08:37),,0
ettoday,陳建安力克敦澳金牌 世桌賽拍下亞軍,https://www.ettoday.net/news/20130401/186723.htm,2013-04-01 01:04,中華隊在大陸廣州世界團體桌球經典賽，以點數1 比3輸給地主大陸，拿下亞軍。不過，中華隊第2點單打陳建安，以局數3比2爆冷擊敗倫敦奧運男子單打金牌張繼科，為比賽中華隊唯一的得點。(體育 / 2013-04-01 01:04),,0
