ettoday,柯舜智／「走鐘獎」已看見「金鐘獎」車尾燈,https://www.ettoday.net/news/20211118/2126873.htm,2021-11-18 23:00,走鐘獎有三金典禮的御用司儀、鋪上紅毯的星光大道、仿金鐘的走鐘獎座、公司化的製作團隊，再冠文化部影視局作指導單位，讓這個原本是由使用者生產內容的自媒體創作風潮，在大量增添專業生產內容之後，逐步轉型為職業生產內容，而專業化與職業化的多元社群媒體作品，帶給傳統影視產業不亞於OTT的衝擊。(論壇 / 2021-11-18 23:00),,0
ettoday,打敗阿滴、志祺七七！網驚問這組YouTuber是誰 學生力推：老師上課也播,https://www.ettoday.net/news/20211115/2124420.htm,2021-11-15 18:24,一年一度網紅盛會「走鐘獎」在13日晚間頒獎，YouTube頻道「Taiwan Bar」打敗阿滴、志祺七七、77老大、蒼藍鴿，光榮拿下「金頭腦獎」。有網友在Dcard發文表示，名單裡唯一沒看過的就是Taiwan Bar，沒料竟會是由他們得獎，引出許多人熱烈討論！(影劇 / 2021-11-15 18:24),,0
ettoday,親子居家防疫 YouTube 整理「停課不停學」頻道,https://www.ettoday.net/news/20210521/1987715.htm,2021-05-21 14:50,近期在疫情逐漸升溫情況下，許多企業相繼落實遠距辦公，全國各級學校也進入了停課不停學階段。家長與孩子居家共處的時間變多，YouTube推薦七個知識與娛樂休閒影片，充實親子居家防疫時光。(財經 / 2021-05-21 14:50),,0
ettoday,五月天台南開唱！五迷憑門票 「下腰唱歌」喝茶免費、飯店用餐半價,https://www.ettoday.net/news/20210320/1942390.htm,2021-03-20 10:52,「五月天好好好想見到你 Mayday Fly to 2021台南場演唱會」於今（20日）於台南市立體育場開唱，台南各店家為了迎接五迷，紛紛推出好康優惠，憑五月天台南演唱會門票，到香格里拉台南遠東國際大飯店用餐打5折，更有店家發揮創意，有演唱會門票可享9折優惠之外，下腰唱一段五月天的歌喝茶免費。(旅遊 / 2021-03-20 10:52),,0
ettoday,振興三倍券 台銀優惠「加倍」奉還 台灣Pay綁信用卡回饋金達700元,https://www.ettoday.net/news/20200617/1740272.htm,2020-06-17 19:51,振興三倍券即將開放預購，各銀行也推出優惠方案，回饋金加碼再加碼，希望民眾可以使用該行的信用卡、行動支付綁定；台銀今（17）日也釋出高額優惠，如果以台灣Pay綁定台銀的信用卡來使用振興三倍券，最多可以享受700元的回饋金。(財經 / 2020-06-17 19:51),,0
ettoday,公股銀首家三倍券優惠出爐 兆豐銀祭4大「免跳車」好禮 回饋高達37%,https://www.ettoday.net/news/20200610/1734577.htm,2020-06-10 14:54,振興三倍券即將在7月開始發放，銀行摩拳擦掌準備搶攻商機，兆豐銀率先行將推出四大刷卡優惠，7月15日起民眾只要至兆豐官網登錄綁定信用卡，今年底前累積刷滿3000元，不僅可獲得2000元回饋，還可額外再享四重優惠，疊加回饋最高可達37%。(財經 / 2020-06-10 14:54),,0
ettoday,大稻埕復古裝扮大遊行！「老派散步地圖」蒐羅1920年庶民生活,https://www.ettoday.net/news/20191008/1552736.htm,2019-10-08 16:04,大稻埕是百年前臺灣文化啟蒙地之一，當年更是重要的經商繁華盛地，文化部自10/7至30日將舉辦「重返大稻埕——老派生活的散步地圖」，蒐羅從 1920 年代起，與大稻埕庶民生活相關的文物與影像創作，並和獨具特色的在地店家合作，規劃一系列展覽、講座與「復古裝扮大遊行」活動，帶民眾重返百年前風華！(生活 / 2019-10-08 16:04),,0
ettoday,受害者案件疊起來超過2棟101！「轉型正義」動畫最終回談白色恐怖被消失,https://www.ettoday.net/news/20190909/1531984.htm,2019-09-09 18:23,為了讓更多人理解「轉型正義」，文化總會與臺灣吧(Taiwan Bar)合作推出《轉型正義》動畫專題，7日發表最終回EP3，談論關於白色恐怖「你不知道的受害者之聲」，其中提到228受害者案件統計粗估超過14萬，但目前整理只到3萬5千案，疊起來就已經是2棟101大樓高度，還不包括被燒毀和消失的案件。(生活 / 2019-09-09 18:23),,0
ettoday,700個秘密「做過最良心不安的事」 轉型正義影片網狂讚超有感！,https://www.ettoday.net/news/20190822/1518791.htm,2019-08-22 16:19,文化總會與台灣吧(Taiwan Bar) 共同推出「轉型正義」系列影片，自推出以來獲得許多討論與迴響！今（22日）發表最新影片「最讓你良心不安的秘密」，透過網路先搜集到700位匿名素人，寫下「自己做過最良心不安的事」，並且讓一位非當事人在鏡頭前唸出來、自白告解，包括欺負同學是為了換取免死金牌⋯等，推出不到一天引發大批共鳴，被讚是最有感的轉型正義影片。(生活 / 2019-08-22 16:19),,0
ettoday,廟宇比超商還多！「認識台灣」5分鐘影片被激讚：世界最棒國家之一,https://www.ettoday.net/news/20190821/1517786.htm,2019-08-21 12:58,為了推廣「來去總統府住一晚」活動，也讓更多外國人認識台灣，文化總會與「Taiwan Bar」合作，近日推出「認識台灣」系列影片，以動畫加上全英文口白，5分鐘介紹台灣，除了提到「珍珠奶茶的故鄉」，還說到台灣的兼容並蓄，例如宗教多元是世界第二，全台光是登記的廟宇就有1萬2千座「比超商還多」。影片也吸引外國網友留言表示「台灣絕對是世界最棒的國家之一！」(生活 / 2019-08-21 12:58),,0
ettoday,影／台灣黑熊飛東南亞！ 文總合作台灣吧 推新南向動畫,https://www.ettoday.net/news/20180614/1190849.htm,2018-06-14 15:26,臺灣地理位置鄰近東南亞，近年政府因應東協國家崛起，積極推動新南向政策。總統蔡英文擔任會長的中華文化總會籌備新南向系列動畫，合作「臺灣吧Taiwan Bar」影像公司，推出動畫《黑啤東南飛》，選在穆斯林開齋節前夕，14號首播首支短片，透過趣味影像要帶著台灣人看見東南亞文化之美、一起歡慶開齋節。(政治 / 2018-06-14 15:26),,0
ettoday,元大公益音樂祭！戴愛玲、郭靜、朱俐靜...大咖連唱2個月,https://www.ettoday.net/news/20171117/1054655.htm,2017-11-17 23:15,金融業新型態分行轉型在即，為重塑實體分行的價值，元大金控於今（17）日起，舉辦「挺愛大串燒　元大公益音樂祭」慈善音樂會，共10場公益音樂活動、邀請超過18位藝人，首波音樂會將為台東基督教醫院癌症醫療大樓興建進行公益募款。(財經 / 2017-11-17 23:15),,0
ettoday,寓教於樂正夯！台灣人使用YouTube看最多的是新聞,https://www.ettoday.net/news/20171108/1047779.htm,2017-11-08 07:47,在目前社群平台當中，以超過 20 億的 Facebook 為最大宗，然而如果談到影音平台，用戶每天在YouTube上看的影片時數， 已經超過 10 億小時，這方面也不容小覷，不過根據調查，台灣用戶使用 YouTube 平台看最多的，不是聽音樂、看MV，居然是看新聞跟教學影片。(3C家電 / 2017-11-08 07:47),,0
ettoday,兩大Youtuber來《鳳梨不累》陪你探索鬼月禁忌遊戲,https://www.ettoday.net/news/20170908/1006605.htm,2017-09-08 02:51,由《ETNews》製播，知名電競主播Joeman（九妹）與知名實況主解婕翎所主持的實況節目《鳳梨不累 Online Play》將於今（9/8）日晚間9時播出，本次將邀請到兩大知名Youtuber林辰Buchi與Jasper 星培來到節目上，陪玩家度過愉快的「鬼月」。(遊戲 / 2017-09-08 02:51),,0
ettoday,宅宅也能在家比「鍵盤世大運」 按這兩鍵就有柯P密技！,https://www.ettoday.net/news/20170822/994468.htm,2017-08-22 15:24,世大運的比賽正在賽場上熱烈地進行著，而官方也在昨天推出了一款網頁版小遊戲「鍵盤世大運」，讓沒有買到票或是無法到場觀看比賽的民眾，也能在家中享受比賽氛圍。這個小遊戲可以選擇不同造型，靠鍵盤左右案件讓小人物跑步計分，在比賽過程中還會有不同的Youtuber來幫選手加油。(生活 / 2017-08-22 15:24),,0
ettoday,每日「FB、IG、LINE」無限次 網：3大元素支撐我的生命,https://www.ettoday.net/news/20160823/760157.htm,2016-08-23 11:25,現在的女生有多難摸索？拍照、吃飯、晚上睡前、出門約會都有不一樣的眉眉角角，對男生而言，似乎每一個小細節看來都沒有不同；但對女生而言，每個環節都是讓自己完美不可或缺的要素，網路超紅團體這群人TGOP和Taiwan Bar聯合推出男生眼中的女生，揭出台灣女生的共同生活魔咒。(新奇 / 2016-08-23 11:25),,0
ettoday,觀點／全聯小編究竟有多強？ 臺灣通路業的社群修羅場！,https://www.ettoday.net/news/20160803/747610.htm,2016-08-03 11:57,長期關注社群行銷動態的朋友們，一定有聽過「 全聯福利中心小編」的威名。團結一塊肌啤酒節、農民曆衛生紙、狂到不行的中元企劃，皆在社群引起大量討論。相信無論你是關注通路業、還是關注社群行銷的朋友，應該跟我一樣在心中浮現了這個問題：傳說級的全聯小編，究竟有多強？ (消費 / 2016-08-03 11:57),,0
ettoday,6分半「不是228的228事件」 帶你看歷史傷痛從哪裡來,https://www.ettoday.net/news/20160228/654245.htm,2016-02-28 09:50,69年前的今天，台灣發生了228事件，大家對這個事件似熟悉又陌生，近日也出現了許多抗議行為，「Taiwan bar臺灣吧」則在昨天製作了「不是228的228事件」影片，透過6分多鐘的小動畫與口述歷史，讓更多年輕朋友能夠了解，228事件不只是228當天的事，對於許多地方來說，228過後所發生的血腥鎮壓才是傷痛。(生活 / 2016-02-28 09:50),,0
ettoday,Cheers／11大指標，創新顯學時代來了,https://www.ettoday.net/news/20151113/593873.htm,2015-11-13 11:19,你覺得自己夠具創新力嗎？台灣需要什麼樣的創新改變？誰又是當代台灣的創新代表人物？在這個大家奮力往前衝的關鍵時刻，《Cheers》雜誌特別啟動「2016創新大未來」網路調查，從微觀的個人能力、企業能量，到宏觀的國家領袖特質與政府作為，彙整出11個創新指標，相信對企業與個人都深具參考價值。(生活 / 2015-11-13 11:19),,0
ettoday,5分鐘動畫看懂《灣生回家》 網推爆：看預告就想哭,https://www.ettoday.net/news/20151025/585634.htm,2015-10-25 14:05,紀錄片《灣生回家》上映1個多禮拜，感動不少觀眾，更有許多人帶著家中老一輩的爺爺奶奶進戲院觀賞，為了能讓更多民眾了解故事內容，網路上也有特別版的預告，從不同角度看這部電影。(電影 / 2015-10-25 14:05),,0
ettoday,3分半鐘看不懂《刺客聶隱娘》 網讚：比谷阿莫還好看,https://www.ettoday.net/news/20150810/547682.htm,2015-08-10 15:15,由侯孝賢執導，舒淇、張震主演的《刺客聶隱娘》，在舒淇抵台接連舉辦了特別放映會和記者會，造成一波話題熱潮後，網路上也將話題持續延燒，除了片商推出精彩的《刺客聶隱娘》幕後花絮-演員篇之外，知名網路動畫頻道Taiwan Bar Studio也推出了《三分半鐘看不懂刺客聶隱娘》影片，引發許多討論。(電影 / 2015-08-10 15:15),,0
ettoday,「賣米、伐木工變經營之神」 3要素打造台灣經濟奇蹟,https://www.ettoday.net/news/20150502/500936.htm,2015-05-02 10:34,以詼諧動畫描述台灣歷史的「台灣吧」(Taiwan Bar)，在五一勞動節推出第七集《傳說中的經濟奇蹟》，提到3個重要因素讓台灣從戰後悲劇的經濟環境，發展成「亞洲四小龍」。(網搜 / 2015-05-02 10:34),,0
ettoday,Cheers／薪資不是世代問題，重點在如何創造價值,https://www.ettoday.net/news/20150413/487740.htm,2015-04-13 20:00,碰到棘手的薪資議題，網友常常丟下一句「台灣是鬼島」當總結。「就像人家說你胖，胖就胖啊！」25歲的臺灣吧（Taiwan Bar）創辦人DJ Hauer（謝政豪）說：「重點不是說或不說，是你能不能改變、或在這裡創造什麼價值？」(ETlife(勿用) / 2015-04-13 20:00),,0
ettoday,ELLE／從按「讚」到按「贊助」,https://www.ettoday.net/news/20150321/475998.htm,2015-03-21 16:00,閉上眼睛，問自己是否還有夢想？當妳想到一個好的Idea，是否做夢都會笑？甚至，根本睡不著覺。別再告訴自己：「我有夢，算了，可是我沒錢。」(3C家電 / 2015-03-21 16:00),,0
ettoday,子孫繼承的是仇恨還是教訓？ 8分鐘動畫了解228始末,https://www.ettoday.net/news/20150228/471924.htm,2015-02-28 10:32,定期推出動畫臺灣史的「臺灣吧-Taiwan Bar」27日發表第5集「全球瘋傳，臺灣人不告訴你的，228事件」，以政治、經濟、文化等三部分討論228事件，短短8分37秒影片至今已吸引超過10萬人次觀看。(網搜 / 2015-02-28 10:32),,0
ettoday,日治徵1千陸軍特別志願兵 42萬台人「血書」搶報名,https://www.ettoday.net/news/20150203/462365.htm,2015-02-03 10:20,「臺灣吧-Taiwan Bar」以幽默的動畫訴說台灣400年的歷史，現在推出第四集講述日治時期的皇民化運動，也提到當時預計在台灣徵1000名阿兵哥，結果竟高達42萬6000人報名，比現在中華民國總兵力還多。(生活 / 2015-02-03 10:20),,0
ettoday,台灣內地在？網友：你們早點出來，我學測不會只12級分,https://www.ettoday.net/news/20141203/433913.htm,2014-12-03 11:24,「台灣吧-Taiwan Bar」的台灣史實影片又來囉，1日在臉書粉絲專頁公布第二集「台灣的內地，在哪裡」，敘述日本殖民統治的「特別統治時期」到「內地延長主義時期」。網友大讚「你們早一點出來，我的學測不會只有12級」。(生活 / 2014-12-03 11:24),,0
ettoday,「鬼島」的由來？ 日本人百年前稱台「鬼界之島」,https://www.ettoday.net/news/20141102/420786.htm,2014-11-02 12:09,「自己的歷史自己寫」！YouTube用戶Taiwan Bar Studio日前推出一部影片，「鬼島現代化！劉銘傳與蔣經國，的中間。」主要描述台灣1890年到1975年「空白」的那段歷史，其中包含台灣早在百年前就被稱為「鬼島」，影片推出至今已吸引3萬多的點擊率。(新奇 / 2014-11-02 12:09),,0
ettoday,Taiwan Bar畫鴉片歷史 連勝文曾祖父連橫寫也中槍,https://www.ettoday.net/news/20141003/408822.htm,2014-10-03 00:03,「自己的歷史自己寫」，一群想以生動活潑的動畫片述說400年台灣歷史夢想的「Taiwan bar」製作團隊，在10月1日推出第0.5集「鴉片」小歷史，讓網友看了之後都表示，以後上課給學生看這個就不會覺得歷史太無聊了！(生活 / 2014-10-03 00:03),,0
ettoday,日曾考慮賤賣給法 台灣差點「碰啾碰啾、早餐吃可頌」,https://www.ettoday.net/news/20140903/396813.htm,2014-09-03 10:12,台灣是多難搞？「台灣吧-Taiwan Bar」臉書粉絲專頁1日公布1支影片，以動畫方式搭配幽默的口白介紹台灣史實，指在日本殖民時期，日本一度考慮將台灣以1億日圓賤賣給法國，差點台灣的問候語就要變成「碰啾碰啾(Bonjour)」、早餐換吃可頌了。網友說，原本史實總是沉悶、枯燥，但他看完這支影片了。(生活 / 2014-09-03 10:12),,0
ettoday,台灣人根本不關心台灣！他分析公投「冷清2關鍵」…網掀論戰,https://www.ettoday.net/news/20211219/2149575.htm,2021-12-19 01:27,1218公投以「四個不同意」落幕，但在各政黨大動作動員下，催出的投票率卻僅約41％。有網友就表示，這次返鄉投票人潮非常冷清，可能是很多人幾周後都已經有返鄉計畫，又或者是這次公投被包裝成政黨對立，導致許多人投票意願不高，但整體來說「台灣人根本就不關心台灣吧？」讓不少網友看了後，紛紛留言表達看法。(生活 / 2021-12-19 01:27),,0
ettoday,數位五倍券今上路 28家國銀增胖攻略一次看！,https://www.ettoday.net/news/20210922/2084326.htm,2021-09-22 06:59,"數位五倍券今（22）日開放綁定，民眾可到五倍券官網，依個人喜好選擇信用卡、電子票證或行動支付進行綁定，而點選信用卡的民眾，最想知道的莫過於是選擇哪一間銀行？怎麼綁才能拿到高回饋？《ETtoday新聞雲》也幫大家一次整理好，各銀行數位五倍券綁定後怎麼用，才可以拿到5,000元以外的回饋。(財經 / 2021-09-22 06:59)",,0
ettoday,19家銀行放大「五倍券」！這家秒變15倍券 攻略大盤整,https://www.ettoday.net/news/20210916/2076277.htm,2021-09-16 12:20,銀行將五倍券放大，星展銀行（台灣）、第一銀行、兆豐銀行、台新銀行、中信銀、國泰世華銀等銀行將五倍券變成十倍券，不過，想拿高回饋有眉角。 (財經 / 2021-09-16 12:20),,0
ettoday,純網銀Line Bank推十五倍券！ 實體銀、網銀五倍券大比拚,https://www.ettoday.net/news/20210914/2078970.htm,2021-09-14 16:20,"目前13家銀行將五倍券放大，但純網銀今（14）日祭出殺手鐧，將五倍券放大到十五倍，《ETtoday新聞雲》也幫大家一次整理，各銀行數位五倍券綁定後要怎麼用，才可以拿到5,000元以外的回饋。(財經 / 2021-09-14 16:20)",,0
ettoday,陳時中稱「疫苗數量已經夠了」 網揪1關鍵打臉：BNT會笑台灣吧,https://www.ettoday.net/news/20210901/2069248.htm,2021-09-01 12:15,鴻海創辦人郭台銘日前在臉書透露，疫苗採購策略應以「有備無患」來思考，他也向BNT公司探詢，明年疫苗為台灣保留3000萬劑額度的可能性；不過針對此洽談中的3000萬劑，衛福部長陳時中昨（31日）卻直言「3000萬劑的量稍微多了。」消息曝光後，引起鄉民全傻眼，「連演都懶得演，佛系拿疫苗？」(生活 / 2021-09-01 12:15),,0
ettoday,汪小菲出聲護航小S！「最期望兩岸認祖歸宗」 幫她說話卻慘遭出征,https://www.ettoday.net/news/20210804/2047430.htm,2021-08-04 08:40,藝人小S（徐熙娣）近日在Instagram發文替東奧代表選手加油，因為提到「國手」2字，被陸網指搞分裂、辱華，遭洗版出征，一夕之間更丟了4個代言，對此，姊夫汪小菲則是發文維護她，稱小S是「最期望兩岸和平認祖歸宗的外省人」，還轉發小S過去的親中影片，但沒多久文章就被刪除。(影劇 / 2021-08-04 08:40),,0
ettoday,小S「挺台灣選手」捲辱華風波丟3200萬代言費！  苦苓安慰：損失比馬雲少,https://www.ettoday.net/news/20210804/2047358.htm,2021-08-04 00:29,藝人小S為奧運國手加油，不料竟遭大陸網友以「支持台獨」、「辱華」為由出征，4家大陸廠商也宣布解除相關代言合作，隨後包含文化部在內，她的好友賈永婕、資深媒體人趙少康、國民黨黨主席江啟臣等朝野立委都發聲力挺她，稍早名嘴苦苓也在臉書寫下對此事的看法。 (影劇 / 2021-08-04 00:29),,0
ettoday,小S陷辱華爭議「狂丟4代言」！ 女兒Elly也遭波及…陸網湧IG洗版,https://www.ettoday.net/news/20210802/2046426.htm,2021-08-02 23:24,藝人小S（徐熙娣）因為在Instagram替出賽東奧的選手打氣，文中提到「國手」2字，引發大陸網友不滿，被指搞分裂、辱華，2日慘遭洗版出征。風波持續延燒，目前已有4家代言品牌，宣布和她終止合作關係，堅決維護「一個中國」原則，連女兒Elly也受波及。(影劇 / 2021-08-02 23:24),,0
ettoday,揭林昶佐4大錯誤「根本送頭」 PTT洗版笑：蓋綠色章94愛台灣,https://www.ettoday.net/news/20210705/2022885.htm,2021-07-05 12:36,無黨籍立委林昶佐嗆台北市長柯文哲，反遭自治會長林勝東及攤商洗臉，如今負面聲量爆增，萬華更開始醞釀罷免行動。一名網友就點出林昶佐犯的4大錯誤，引起鄉民熱議，直言「譁眾取寵順著風向上的，實際上還是草包。」(生活 / 2021-07-05 12:36),,0
ettoday,20座日本負壓隔離艙陸續抵台 前立委鄭寶清曝幕後英雄,https://www.ettoday.net/news/20210611/2005045.htm,2021-06-11 18:50,"桃園市前立委鄭寶清11日透露，國內疫情嚴峻，負壓隔離艙需求迫切，前交通部長林佳龍近日與光合基金會合作，號召企業捐贈組合式負壓隔離艙，募集超過5,000萬，向日本購入20座組合式負壓隔離艙，首批10座於10日抵台，組裝完成後速送衛福部指定的醫院使用，其他10將在本月底全部到位。(生活 / 2021-06-11 18:50)",,0
ettoday,快訊／阿中親自迎接！首批「日本組合負壓隔離艙」抵台畫面曝光,https://www.ettoday.net/news/20210610/2004175.htm,2021-06-10 18:58,由前交通部長林佳龍與光合基金會發起捐贈組合式負壓隔離艙，首批10座隔離艙於今（10日）傍晚6點10分左右由華航載運抵達桃園機場，中央流行疫情指揮中心指揮官陳時中也親自到場迎接。(生活 / 2021-06-10 18:58),,0
ettoday,陳時中證實了！首批「日本組合負壓隔離艙」今晚將抵台,https://www.ettoday.net/news/20210610/2003928.htm,2021-06-10 15:21,前交通部長林佳龍日前與光和基金會發起捐贈日本組合式負壓隔離艙，原訂首批10座隔離艙8日就會抵台，不料卻因故延期，今（10）日就有媒體於指揮中心記者會詢問隔離艙進度，而陳時中也證實，日本方面非常配合，今晚就有一批會先進來。(生活 / 2021-06-10 15:21),,0
ettoday,首批「日本組合負壓隔離艙」延期抵台！基金會：希望沒有外力介入,https://www.ettoday.net/news/20210608/2002168.htm,2021-06-08 16:21,前交通部長林佳龍日前與光合基金會發起捐贈組合式負壓隔離艙，原定首批10座今（8日）會抵達台灣，但光合基金會稍早發布聲明表示因故延期，目前正持續加速進行中，「值此十萬火急的救命時刻，希望沒有任何外力介入。」(生活 / 2021-06-08 16:21),,0
ettoday,LIVE／首批「日本組合式負壓隔離艙」今抵台 陳宗彥最新說明,https://www.ettoday.net/news/20210608/2001582.htm,2021-06-08 09:15,日本再度對台灣伸出友誼暖手！前交通部長林佳龍在臉書宣布，首批10座「負壓隔離艙」將在今抵達台灣，由於這款高規格製造時程較長，先前日本已有幾家醫院下訂，但是聽到是台灣需要，就說「那先給台灣吧」，自願把自己的訂單延後。此批隔離艙將於下機後，即刻進行組裝運送到10家醫院，指揮中心副指揮官陳宗彥於記者會說明詳細情形。(生活 / 2021-06-08 09:15),,0
ettoday,先給台灣！首批「日本組合式負壓隔離艙」明天到 送10家醫院,https://www.ettoday.net/news/20210607/2001437.htm,2021-06-07 19:03,日本再度對台灣伸出友誼暖手！前交通部長林佳龍今（7）在臉書PO文，他與光合基金會募資的「負壓隔離艙」首批10座將在明日抵達台灣，由於這款高規格製造時程較長，先前日本已有幾家醫院下訂，但是聽到是台灣需要，就說「那先給台灣吧」，自願把自己的訂單延後，讓他感動說，「再多言語也難表達我們內心的溫暖與感謝！」(生活 / 2021-06-07 19:03),,0
ettoday,日網見送疫苗給台「第一反應超暖」！報答震災援助：越艱辛越要互助,https://www.ettoday.net/news/20210604/1998956.htm,2021-06-04 13:09,日本今天（4日）提供124萬劑AZ疫苗給台灣，在日台灣部落客中古小姐發文談到日本人的反應，日前日本朋友才向她抱怨打疫苗的事情，原本以為這樣的狀況下日本民眾應該會反彈，怎料在相關新聞的下方全是溫暖留言。(影劇 / 2021-06-04 13:09),,0
ettoday,親子居家防疫 YouTube 整理「停課不停學」頻道,https://www.ettoday.net/news/20210521/1987715.htm,2021-05-21 14:50,近期在疫情逐漸升溫情況下，許多企業相繼落實遠距辦公，全國各級學校也進入了停課不停學階段。家長與孩子居家共處的時間變多，YouTube推薦七個知識與娛樂休閒影片，充實親子居家防疫時光。(財經 / 2021-05-21 14:50),,0
ettoday,王浩宇停電文連發：求潘先生饒了台灣  重啟核四至少要10年,https://www.ettoday.net/news/20210517/1984301.htm,2021-05-17 21:46,繼13日發生的513大停電之後，17日晚間再度發生「517全台大停電」，全台各地網友抱怨突然發生停電。對此前桃園市議員王浩宇也連發「停電文」，包括要潘先生 （藻礁公投領銜人潘忠政）饒了台灣，另外重啟核四至少要等10年。(政治 / 2021-05-17 21:46),,0
ettoday,王浩宇揭「停電真相」求環團放過台灣 潘忠政發文反擊,https://www.ettoday.net/news/20210513/1981230.htm,2021-05-13 19:06,高雄興達電廠匯流排事故，導致全台各地大停電，由前桃園市議員王浩宇經營的粉專「我是台灣人」就發文指出，這次的事故突顯台灣「南電北送」的問題，請求環團放過台灣。對此，被視為護藻礁環團的領銜人潘忠政，也發文反擊王浩宇的說法。(政治 / 2021-05-13 19:06),,0
ettoday,多維TW／七年之癢：太陽花世代是不是台灣的句號,https://www.ettoday.net/news/20210505/1973413.htm,2021-05-05 14:45,太陽花運動已屆滿七週年，回首台灣近年的政治脈動，太陽花運動無疑會被認為是影響台灣近年政治發展最重要的轉折之一，許多人甚至認為太陽花帶領台灣走向「不可能回頭」的道路。但主觀的嚮往並不等於客觀的現實，太陽花也終將遇到他的「七年之癢」。(論壇 / 2021-05-05 14:45),,0
ettoday,穿梭茶園雲海間！南投秘境農場睡一晚 依山傍雲賞日出琉璃光,https://www.ettoday.net/news/20210418/1959945.htm,2021-04-18 11:33,出不了國就繞繞台灣吧！南投綠林藏有一處秘境農場，雲海美景伸手可及，還能遠眺山嵐、琉璃光景，傍晚夕陽染紅了雲朵，宛如仙境般令人動容，夜晚雲霧散去百萬夜景近在眼前，不妨在這裡露宿一晚，盡情享受依山傍雲的愜意悠閒。 (旅遊 / 2021-04-18 11:33),,0
ettoday,日網友聞太魯閣出軌 激動籲政府「跨海協助」：該我們報恩了！,https://www.ettoday.net/news/20210402/1952152.htm,2021-04-02 15:18,台鐵408次太魯閣號2日於花蓮清水隧道前撞上滑落的工程車，發生出軌意外，目前確定已有41人不幸罹難、70人送醫，車內仍有200多人等待救援，而各家外媒也在第一時間報導此次事故，引發全球關注。日本網友聞訊後則紛紛留言表示，「台灣是在日本發生災害時出手援助的友國，希望日本政府這次也能好好地向台灣伸出援手。」(國際 / 2021-04-02 15:18),,0
ettoday,苦苓／從帛琉旅遊泡泡 看台灣疫苗危機,https://www.ettoday.net/news/20210322/1943628.htm,2021-03-22 12:43,帛琉旅遊泡泡即將開通，政府春風得意，人民興高采烈，旅行業者摩拳擦掌…這的確是一個好消息，然而我這個「烏鴉嘴」卻在喜訊的背後，隱隱約約看到一個可能的危機。開通了一個泡泡，對國計民生都有益處，大家當然會興致勃勃想著第二個、第三個… (論壇 / 2021-03-22 12:43),,0
ettoday,2021年台灣車市很熱鬧！休旅、房車接著來，挑戰消費者荷包極限,https://www.ettoday.net/news/20210213/1896464.htm,2021-02-13 08:05,相對於全球其他國家，台灣受到新冠肺炎的影響可說是相當輕微，在此前提下，再加上新車到港數充足、候車期縮短、政府舊換新政策搶尾盤等外在因素影響，也讓國內新車市場一路自2020年起可說是相當熱絡(ET車雲 / 2021-02-13 08:05),,0
ettoday,疫情擋返家路！ 「憂爸媽身體微恙」風田情緒崩潰大哭,https://www.ettoday.net/news/20210208/1916915.htm,2021-02-08 12:32,TVBS《食尚玩家熱血48小時》主持人威廉、風田及朵拉在年前歡聚，提前跟觀眾朋友拜早年，製作單位出難題要他們再次挑戰巨無霸美食，三人叫苦連天，威廉衝出鏡頭外抓製作人，風田則哭笑不得：「不是說巨無霸美食不要再錄了嗎！」而驚喜藏後頭製作單位貼心準備溫馨驚喜，讓不能回日本過年的風田感動落下男兒淚。(影劇 / 2021-02-08 12:32),,0
ettoday,「來新加坡賣身是嗎」剛找到工作就被抹黑！ 米奇一進警局報案慌了,https://www.ettoday.net/news/20210127/1908396.htm,2021-01-27 15:29,黃鈺文（米奇）以《我愛黑澀會》固定班底踏入演藝圈，離開節目後，體驗了擔任氣象主播、前往澳洲打工度假等經歷，她2020年9月在疫情尚未穩定之際，前往新加坡展開新生活，最近還找到了新工作，怎料最近卻一直被某位網友恐嚇，「這個人嚴重影響到我的生活。」嚇得她決定報案。(影劇 / 2021-01-27 15:29),,0
ettoday,英國返台旅客遭批自私！奧地利台人盼理解：這是碰到生死危機,https://www.ettoday.net/news/20201228/1886146.htm,2020-12-28 15:07,日前有鄉民在PTT的WomenTalk板上發起討論「這批英國班機回台是什麼心態？」批評有些人長年旅居英國，今年夏天看到疫情緩和不趕快回台，冬天發現有變種病毒才衝回台灣，「搞得醫護+機場人員人仰馬翻，為什麼歹丸要接納？」就有一位奧地利網友回文，分享他的想法，「如果連自己的家也沒辦法回去，那也太可憐了。」(生活 / 2020-12-28 15:07),,0
ettoday,「白雪公主喵」躺平裝死！ 點開「2020金萌獎」像看八點檔,https://www.ettoday.net/news/20200923/1815471.htm,2020-09-23 17:01,東森寵物雲主辦「2020金萌獎」，活動將選出12隻東森寵物雲之星，不僅可以被百萬粉絲膜拜，還會登上2021年的寵物雲桌曆。目前投稿的每隻毛孩都相當有實力，不只動作超萌，連表情也超有戲，全是小戲精來著。提醒各位明日之星與星爸星媽，「2020金萌獎」即將進入最後一週，趕快把握爆紅機會，投稿投起來！(寵物動物 / 2020-09-23 17:01),,0
ettoday,全台9到11月必看4大煙火秀！走在最美月牙灣 30分鐘璀璨花火點亮夜空,https://www.ettoday.net/news/20200920/1813361.htm,2020-09-20 14:00,不能出國，那就盡情玩台灣吧！從9月至11月全台有4場必看煙火秀，讓旅客可以享受夜晚在台灣最美湖泊旁，聆聽音樂演奏與璀璨花火表演，或是走到南台灣最美月牙灣，看一年一度精彩國慶煙火，都是下半年島內旅遊推薦好玩行程。(旅遊 / 2020-09-20 14:00),,0
ettoday,「丟掉幻想，準備戰鬥」大陸武統聲浪高漲！ 微博網友：等不及了,https://www.ettoday.net/news/20200920/1813221.htm,2020-09-20 10:44,美國國務院次卿柯拉克17日率團訪台，解放軍連續2日出動37架軍機，台海局勢不斷升溫。另外，從大陸鷹派官媒《環球時報》評論文章，到微博網友的輿論走向，都能看出大陸一方在不斷釋出「武統」台灣的訊號。(軍武 / 2020-09-20 10:44),,0
ettoday,刺蝟坐上小魔毯變身阿拉丁！點開「2020金萌獎」好像在逛線上動物園,https://www.ettoday.net/news/20200831/1797745.htm,2020-08-31 17:43,東森寵物雲主辦「2020金萌獎」廣邀飼主投稿！活動將選出12隻東森寵物雲之星，登上2021年的寵物雲桌曆！活動進行第11天，投稿數已逼近1000篇、總投票數高達4萬3524票，投稿作品物種豐富多元，萌得讓人直噴鼻血！(寵物動物 / 2020-08-31 17:43),,0
ettoday,馬英九動作頻頻…2024總統大選起手式？ 陳水扁：嘜擱出來亂,https://www.ettoday.net/news/20200827/1794601.htm,2020-08-27 11:28,前總統馬英九近來針對兩岸議題與總統蔡英文隔空對嗆，連昔日選舉幕僚蔡詩萍都認為管太多，有失卸任總統的高度。前總統陳水扁日前也批評，馬英九最沒資格談台灣安全，他27日再度發文指出，這是馬英九想在2024年總統大選爭取黨內提名的起手式。(政治 / 2020-08-27 11:28),,0
ettoday,年度最萌賽事！「2020金萌獎」東森寵物雲桌曆主角選拔 自家毛孩秒變封面人物,https://www.ettoday.net/news/20200820/1789058.htm,2020-08-20 11:07,寵物帶給我們許多療癒和歡樂，你是不是也有很多瞬間想要留做紀念？東森寵物雲特舉辦本年度最萌的「2020金萌獎」，邀請飼主一起投稿！活動將選出12隻東森寵物雲之星，12隻毛毛明星不只可以被百萬粉絲膜拜，還會登上2021年的寵物雲桌曆喔！(寵物動物 / 2020-08-20 11:07),,0
ettoday,上夜夜秀只付10萬？柯文哲親揭「與博恩爸爸關係」：一定會打折,https://www.ettoday.net/news/20200719/1764205.htm,2020-07-19 11:57,脫口秀節目「博恩夜夜秀」針對總統蔡英文、前高雄市長韓國瑜收費不同，引起討論。台北市長柯文哲上兩次節目的收費，引發好奇。柯文哲19日前往高雄輔選，被問及上博恩夜夜秀僅付10萬？柯文哲透露，曾博恩的爸爸是他在台大的同事，也是妻子陳佩琪的同學，笑稱「一定會打折的」。(政治 / 2020-07-19 11:57),,0
ettoday,博恩政壇通吃！再與柯文哲合作 北市教育局標案金額曝光,https://www.ettoday.net/news/20200718/1763993.htm,2020-07-18 21:24,脫口秀節目「博恩夜夜秀」收費日前因政治獻金明細出爐，因總統蔡英文、前高雄市長韓國瑜收費不同引起討論。台北市教育局指出，將針對經典閱讀系列活動讓博恩與台北市長柯文哲同台，標案經費為89萬元。(政治 / 2020-07-18 21:24),,0
ettoday,林忠正／把香港「東方之珠」搬來台灣 《港版國安法》為台灣創造國際金融發展契機,https://www.ettoday.net/news/20200702/1751094.htm,2020-07-02 15:57,去年6月9日香港因為「反送中」而爆發大規模的社會運動以來，香港的局勢一直動盪不安，激烈的抗爭活動從今年二月間新冠肺炎的疫情擴散而減少。五月間新冠肺炎疫情已經得到控制，抗爭活動才再次轉為活絡，但北京政府突然在5月28日通過《港版國安法》的授權立法，6月30日深夜公布執行。(論壇 / 2020-07-02 15:57),,0
ettoday,每天活在恐懼中！赴美台女默默裝上子彈自保...盼望「太陽別下山」,https://www.ettoday.net/news/20200603/1729484.htm,2020-06-03 21:26,「佛洛伊德之死」事件曝光後，全美掀起多起大規模示威遊行，但也有部分暴徒趁火打劫，到處放火製造騷亂，讓當地民眾相當害怕。一名赴美的女網友指出，每天只盼望太陽不要下山，因為現在走在路上可能被砸車、搶劫，就連待在有防盜系統的家裡也不安全，於是默默把槍都上好子彈，心情相當低落。(生活 / 2020-06-03 21:26),,0
ettoday,路邊捕獲野生黃秋生！ 「1個親民動作」根本台灣人…7000人讚爆：完全融入,https://www.ettoday.net/news/20200602/1728188.htm,2020-06-02 13:52,香港影帝黃秋生日前為了拍攝新劇來台，目前結束14天的自主隔離，還透露正在準備入籍台灣，引起各方關注。近日有網友出門時，在路上捕獲野生黃秋生，還看見他的動作「超有台灣味」，且毫無影帝架子，不少網友看了笑說：「完全融入了台灣生活。」(影劇 / 2020-06-02 13:52),,0
ettoday,「太超過了！」Uber小隻馬外送女 網一比對照大驚：是真的！,https://www.ettoday.net/news/20200523/1720680.htm,2020-05-23 21:30,你遇過正妹外送員嗎？網友PO照只見一名穿著上班族OL套裝的女子，背著Uber Eats外送包包走在路上，看起來好像要去領餐外送。不少網友看了暴動「這種來送我就給小費了」。 (生活 / 2020-05-23 21:30),,0
ettoday,黃秋生想入籍台灣「最新進度」曝光！ 來台long stay…8月回港,https://www.ettoday.net/news/20200513/1713518.htm,2020-05-13 20:03,香港影帝黃秋生11日為拍戲來台，目前正在接受自主隔離14天的檢疫，曾多次表達熱愛台灣的他，更透露「準備入籍台灣」，掀起台灣人熱議及歡迎，他的經紀人則曝光最新進度。(影劇 / 2020-05-13 20:03),,0
ettoday,黃秋生鬆口證實「準備入籍台灣」 文化部正面回應了,https://www.ettoday.net/news/20200512/1712695.htm,2020-05-12 20:16,港星黃秋生首度拍攝台灣影集，11日來台接受居家檢疫14天，不料卻拋出震撼彈，親口證實「準備入籍台灣」。文化部12日回應，黃秋生在演藝文化事業有傑出成就，若以此向移民署申請在台居留，文化部將協助後續辦理。(政治 / 2020-05-12 20:16),,0
ettoday,禁止外籍人士入境「黃秋生卻來台」 指揮中心曝「申請原因」,https://www.ettoday.net/news/20200512/1712327.htm,2020-05-12 14:54,港星黃秋生透露目前人正在台灣隔離中，更坦言正在準備入籍台灣，但由於台灣因為新冠肺炎疫情，已經做邊境管制，外籍人士都不能入境，因此黃秋生到台灣引起網友熱議。對此，中央流行疫情指揮中心回應，黃秋生是以商務履約申請來台進行戲劇拍攝。 (生活 / 2020-05-12 14:54),,0
ettoday,黃秋生準備入籍台灣！移民署透露可由這方式申請…「由文化部核定」,https://www.ettoday.net/news/20200512/1712271.htm,2020-05-12 12:40,港星黃秋生日前在臉書PO出準備搭機的照片，面對網友開玩笑稱「入籍台灣吧！」他直言「準備中」，引起網友熱議。對於黃秋生如何入籍？移民署12日中午解釋，香港居民分別以依親居留、特殊成就，以及投資移民等事由，可在台灣申請居留。(政治 / 2020-05-12 12:40),,0
ettoday,黃秋生認了「準備要入籍台灣」！ 抵台自主隔離14天…嗨喊：感受到自由的空氣,https://www.ettoday.net/news/20200512/1711971.htm,2020-05-12 08:05,港星黃秋生向來直率敢言，常在臉書公開評論社會時事，日前他在臉書PO出準備搭機的照片，12日就透露人正在台灣隔離中，更坦言正在準備入籍台灣，要當個真正的台灣人，引起網友熱議。(影劇 / 2020-05-12 08:05),,0
ettoday,「台灣給世界的公開信」草稿曝光！網提3關鍵「重點錯了」：不是作文比賽,https://www.ettoday.net/news/20200411/1688984.htm,2020-04-11 11:17,阿滴等人10日發起募資，在紐約時報刊登全版廣告「台灣人寫給世界的一封信」，短短18小時的有限時間內，募得台幣超過1027萬元，同時中英文版本的草稿也曝光。然而，許多網友看完認為，文章的「幾個重點」搞錯了，直言中式思考模式的長信無法打動美國人。(生活 / 2020-04-11 11:17),,0
ettoday,阿滴曝光「台灣給世界的公開信」中英文草稿！最終募資成果出爐 破1027萬完美達陣,https://www.ettoday.net/news/20200411/1688884.htm,2020-04-11 07:54,阿滴、聶永真、沃草、張志祺（志祺七七）以及張少濂發起的「集資刊登紐約時報全版廣告，台灣人寫給世界的一封信」活動，已經以高達256%的達成率圓滿集資成功，而阿滴、聶永真除了感謝台灣人的熱情互助外，也公開公開信的中英文版本草稿，希望為台灣在國際舞台上發聲。(影劇 / 2020-04-11 07:54),,0
ettoday,交通、吃住全包了！台重症醫收到「紐約急徵信」…霸氣回：先守住台灣吧,https://www.ettoday.net/news/20200327/1677867.htm,2020-03-27 12:48,近日新冠肺炎疫情橫掃歐美，造成確診數暴增，根據最新資料顯示，美國累積確診數已達75261人，死亡病例1074，也傳出醫療崩潰，物資、醫護人員匱乏的情況。台灣胸腔重症醫師蘇一峰即收到美國胸腔醫學會來信，祭出交通費、吃住費用全包，請求重症醫師到紐約救人。他則認為目前應以「守住台灣」為重。(健康 / 2020-03-27 12:48),,0
ettoday,新冠肺炎侵略全人類！ 日韓網友不忘互噴疫情：技術差、民族性卑劣,https://www.ettoday.net/news/20200227/1655006.htm,2020-02-27 01:16,受到來自中國武漢的新冠肺炎（COVID-19）影響，與中國互動最頻繁的日本與南韓成為疫情最蔓延最嚴重的國家，截至26日為止，日本確診894例（郵輪705例，日本本土189例）、7死（含郵輪4例、日本本土3例），南韓確診1146例、12死，即使疫情嚴峻，但是兩國網友還是看彼此不順眼，網路上留言互噴對方的疫情，包括技術差、民族性卑劣等等。(國際 / 2020-02-27 01:16),,0
ettoday,禁出口口罩、隱匿疫情罰30萬 南韓網友狂讚防疫對策：台灣NO.1！,https://www.ettoday.net/news/20200129/1633882.htm,2020-01-29 16:02,中國新型冠狀病毒（武漢肺炎）爆發，疫情蔓延全球，未落實防疫，行政院長蘇貞昌決定暫停台灣口罩輸往中國一個月，若違反傳染病防治法隱匿疫情，將開罰30萬元。對此，南韓網友則大讚台灣處理方式得當，值得他國學習。(國際 / 2020-01-29 16:02),,0
ettoday,A型超會排行程！4大血型最佳旅遊景點曝...AB型適合文化浪漫城市,https://www.ettoday.net/news/20200104/1615861.htm,2020-01-04 16:04,迎接2020的到來，當然希望壞運可以隨著2019的結束跟著煙消雲散，隨著春節假期的到來，不少朋友已經開始規劃旅遊！但是到哪裡都人擠人，塞車塞得好嚴重，到底走春該去哪裡玩才能玩的盡興呢？ReadyGo要來公開4大血型最適合旅行地，祝你能找到適合自己的旅遊勝地！(旅遊 / 2020-01-04 16:04),,0
ettoday,聯合國不存在「但絕對值得來」！千萬網紅讚台灣：亞洲最神秘國家一定打動你,https://www.ettoday.net/news/20191221/1607207.htm,2019-12-21 13:09,國際千萬網紅Nuseir Yassin（簡稱Nas）與女友Alyne Tamir，日前參加「來去總統府住一晚」體驗活動後，今（21）日在臉書粉專曝光影片，他以「亞洲最神秘的國家」為題介紹，台灣在聯合國、甚至在某些網站上彷彿「不存在」或「搜尋不到」，卻是「真真實實存在、一個能打動人的國家」，他列舉許多優點狂讚「絕對值得來一趟！」(生活 / 2019-12-21 13:09),,0
ettoday,香港「台灣月」如期展開！「搭台」3大主題台港文化交流大爆發,https://www.ettoday.net/news/20190920/1539357.htm,2019-09-20 10:00,香港光華新聞文化中心將如期舉辦第14屆「台灣月」活動 (Taiwan Arts Festival)，今年主題為「搭台」，陣容包括藝術家焦元溥、國際名導蔡明亮、編舞家林麗珍、舞台劇編導林奕華⋯等，展現傳統當代交融、跨界藝術創新、台港文化交流爆發力，活動將於10月4日至11月19日舉行。(生活 / 2019-09-20 10:00),,0
ettoday,台積電支持青年世代研發再生包材 推動網購包裝革命勇奪全國亞軍,https://www.ettoday.net/news/20190901/1525980.htm,2019-09-01 10:00,台積電去年獲利創新高，亦長期支持青年世代，台積電發佈最新企業社會責任電子報，記錄由跨校學子組成的Package Plus團隊，著眼網購經濟衍生的包材浪費問題，以再生包材推動網購包裝革命的故事，消滅浪費的創意良方令人驚艷。(財經 / 2019-09-01 10:00),,0
ettoday,Honda Civic Si北美推出新年式車型 內外觀、操駕同步更具性能味,https://www.ettoday.net/news/20190825/1519603.htm,2019-08-25 10:05,繼早先Civic掀背車型推出新年式小改款後，Honda同步針對北美市場更具跑格DNA的Civic Si推出配備強化的更新版本；雖說目前「喜美全家族」在台灣仍是無緣得見，但相信應該還是會有不少死忠的「本田粉絲」，願意多付一些錢透過外匯車方式，將這款Honda相當倚重的銷售主力引進台灣吧！ (ET車雲 / 2019-08-25 10:05),,0
ettoday,700個秘密「做過最良心不安的事」 轉型正義影片網狂讚超有感！,https://www.ettoday.net/news/20190822/1518791.htm,2019-08-22 16:19,文化總會與台灣吧(Taiwan Bar) 共同推出「轉型正義」系列影片，自推出以來獲得許多討論與迴響！今（22日）發表最新影片「最讓你良心不安的秘密」，透過網路先搜集到700位匿名素人，寫下「自己做過最良心不安的事」，並且讓一位非當事人在鏡頭前唸出來、自白告解，包括欺負同學是為了換取免死金牌⋯等，推出不到一天引發大批共鳴，被讚是最有感的轉型正義影片。(生活 / 2019-08-22 16:19),,0
ettoday,影／東京開台式早餐店！沒經典蛋餅「日本人撐傘也要排」 最夯是這碗…網呆,https://www.ettoday.net/news/20190705/1483144.htm,2019-07-05 17:22,台灣美食總能牢牢抓住食客的胃，像是珍珠奶茶、滷肉飯、台式早餐等等都很夯，也讓觀光客一試上癮，小小一顆的「珍珠」更讓日本人陷入瘋狂。一名網友在PTT爆卦，「繼台灣珍奶爆擊日本人之後，東京的台式早餐店也大排長龍！」他貼出照片，只見一間位在東京的台式早餐店，長長人龍讓網友看傻。(生活 / 2019-07-05 17:22),,0
ettoday,多維TW／開大門「迎台商」 不能只看表象,https://www.ettoday.net/news/20190626/1456460.htm,2019-06-26 17:46,世界台灣商會總會長李芳信日前帶著幾位20多年前替台灣開疆闢土的「要角」返台開記者會，提及「台商二三代已與台灣失去感情連結」，希望能把運籌海外的資金投回台灣協助拉抬經濟。(生活 / 2019-06-26 17:46),,0
ettoday,地獄倒楣鬼是你！他出國就遇罷工、颱風及地震 網：好好留在台灣吧,https://www.ettoday.net/news/20190622/1473243.htm,2019-06-22 22:36,一名網友日前在臉書「爆廢公社公開版」分享自己的悲慘經歷，原來他每一次出國都會碰上各種罷工、地震及颱風，像今年2月的華航罷工、長榮罷工都讓他遇上，2018年飛往日本北海道旅遊，結果第一天就碰上北海道大地震。其他網友看了紛紛笑說：「麻煩你好好留在台灣了。」(網搜 / 2019-06-22 22:36),,0
ettoday,防學生變黑工 教育部：印尼「不建議」高中畢業生來台念大學,https://www.ettoday.net/news/20190609/1463525.htm,2019-06-09 16:05,去年、今年都有大專院校被爆境外生淪為黑工事件。教育部先前發函給各校要求，必須分「實習合約」、「工讀合約」，未來不能再將工讀合約併在實習合約中。如今，教育部對外表示印尼政府「不建議」高中畢業生來台念四技，其實就是「禁止」的委婉說法，是對我國高教的不信任。(生活 / 2019-06-09 16:05),,0
ettoday,駁二「課本漫畫塗鴉展」還原舊教室 老師沒教的台灣史地都在這！,https://www.ettoday.net/news/20190605/1460567.htm,2019-06-05 13:38,高雄駁二藝術特區即日起至9月8日，在大義區C7動漫倉庫推出「這。不會考」課本漫畫塗鴉展，展出以「台灣史地」為主題的漫畫、動畫、桌遊作品及創作手稿，一窺動漫創作者如何將冷僻的歷史文獻視覺化，說出那些課本沒教過的台灣故事。同時也展出日治時期與國立編譯館出版的教科書，課本圖片被畫得十分有創意，讓觀眾想起求學時期上課塗鴉的回憶。(生活 / 2019-06-05 13:38),,0
ettoday,超暖心！小學生想當經濟學者...管中閔叔叔親回4頁信,https://www.ettoday.net/news/20190528/1454640.htm,2019-05-28 15:40,台灣大學校長管中閔今（28日）在臉書提到，3月底收到一位陳兟同學寫的信，問了他許多經濟問題，自己回了一封4頁的信，希望對他有幫助。學校老師余璨同在臉書分享此事，謝謝經濟學家管中閔叔叔，並說回頭看這幾封信，雖然沒有淚流滿面，但也眼眶泛淚。(生活 / 2019-05-28 15:40),,0
ettoday,郭台銘轟「蔡政府必須下架」 民進黨只會選舉「剩沒幾個月了」,https://www.ettoday.net/news/20190523/1451286.htm,2019-05-23 19:54,鴻海董事長郭台銘宣布投入國民黨總統初選後，一舉一動備受外界關注。他近日在臉書發文表示，「破壞人民信任的蔡政府必須下架！不公不義讓人憤怒，主事者是政府就更讓人搖頭嘆息了，我對民主進步這四個字感到非常失望。」郭台銘23日到新竹天主教私立曙光女子中學參訪時表示，民進黨只會搞選舉、政治，剩幾個月了大家忍忍。(財經 / 2019-05-23 19:54),,0
ettoday,羨慕台灣可同婚！日AV女優「男女通吃」出櫃 自曝：最愛大奶妹,https://www.ettoday.net/news/20190518/1447689.htm,2019-05-18 19:53,椎名空是首位公開出櫃的日本AV女優，大方承認自己最愛大奶妹，連AV作品也男女通吃，人氣不同凡響。當她知道台灣通過了同性婚姻專法，「同性伴侶可以登記結婚」，讓她開心又羨慕，特地錄製祝賀影片，不忘許願日本也能早日通過同婚法案。 (國際 / 2019-05-18 19:53),,0
ettoday,郭台銘批政府帶頭做不公不義之事 「蔡政府必須下架！」,https://www.ettoday.net/news/20190516/1445572.htm,2019-05-16 08:29,鴻海董事長郭台銘雖然人在花東進行產業之旅，但他仍相當關心近期我國所發生的「不公不義」事件，他指出，「不公不義讓人憤怒，主事者是政府就更讓人搖頭嘆息了，我對民主進步這四個字感到非常失望。」甚至直接表態，「破壞人民信任的蔡政府必須下架！」。(財經 / 2019-05-16 08:29),,0
ettoday,檢察官辦段宜康「曲棍球案」遭彈劾 郭台銘：監察院成新東廠,https://www.ettoday.net/news/20190515/1445499.htm,2019-05-15 23:06,民進黨立委段宜康2014年在魏明谷的造勢場合上指控，前國民黨立委林滄敏任中華民國曲棍球協會理事長詐領補助款500萬元，甚至還打賭吞3顆曲棍球，後來檢察官查無不法。不過，監察委員將辦案檢察官陳隆翔彈劾，引起外界質疑在幫段宜康解套。對此，鴻海董事長郭台銘痛批，監察院成新東廠。(政治 / 2019-05-15 23:06),,0
ettoday,兩岸衝突時郭台銘聽誰的？ 陳致中：身家都在北京聽話的很,https://www.ettoday.net/news/20190422/1427735.htm,2019-04-22 10:59,鴻海集團董事長郭台銘近日與總統蔡英文在臉書隔空交火。郭台銘日前在臉書舉辦票選活動，質疑蔡英文「為什麼您獨挑這句話來指教我？」。貼文短短一個小時，投票人數迅速破萬。蔡英文21日在臉書回嗆，郭台銘輕蔑民主所賦予的權利，「你真的不懂民主的價值」。對此，高雄市議員陳致中狠酸，「郭董身家都在北京手上，聽話的很」。(政治 / 2019-04-22 10:59),,0
ettoday,影／蔡英文執政3年到底做了什麼？ 幕僚逼她不看稿開講看這裡,https://www.ettoday.net/news/20190403/1415030.htm,2019-04-03 23:49,總統蔡英文3日晚間舉行首場「辣台派開講」，在幕僚要求下，不准她看稿子，化身「蔡教授」，開啟一場風趣的一堂課，訴說她擔任總統三年以來，在外交、國防跟內政的施政。其中，她提到，過去有人說穿裙子的不能做三軍統帥，但她真的就是三軍統帥，過去一段時間我們跟軍方密切合作，一起來做，建立共同目標，堅定守護國家主權及安全。 (政治 / 2019-04-03 23:49),,0
ettoday,影／上萬網友打臉朱立倫...拋兩岸和平會談 臉書投票卻糗爆,https://www.ettoday.net/news/20190327/1409126.htm,2019-03-27 16:52,有意參選2020總統大選的國民黨籍前新北市長朱立倫日前拋出兩岸領導人「金門會談」，並在臉書進行投票，引來7.6萬網友表態，但其中超過7成持反對意見。面對爭議，朱立倫強調，「金門會談」不是只有兩岸領導人發表「永久和平宣言」的象徵性願景，也希望能打造金門、廈門為「雙門和平生活圈」等，具體深化兩岸和平，「我深信，只有以和平王道的宏闊心胸，大方開展兩岸關係，台灣才能在永續和平的基礎上，邁開大步，突破困局，重拾往日經濟榮光」。(政治 / 2019-03-27 16:52),,0
ettoday,台灣貓黨拆字分析：2020都在貓貓掌控中！ 釣出王金平回覆,https://www.ettoday.net/news/20190323/1406056.htm,2019-03-23 18:20,繼貓咪候選人看板之後，臉書粉絲專頁「台灣貓黨」又搭上最近一波流行的拆字預言風潮，拆解「貓」字並分析，「2020總統大選其實早就在貓貓掌握之中。」再度運用可愛的喵星人，幽政治一默。沒想到竟釣出有意挑戰總統大位的國民黨立委王金平回覆，讓網友們覺得相當有趣。(寵物動物 / 2019-03-23 18:20),,0
ettoday,「鄉民老婆」吳卓源的5個秘密 少女外表下藏著老靈魂,https://www.ettoday.net/news/20181209/1323233.htm,2018-12-09 16:25,Wazaiii編輯部至今訪問過不少讀者心中的男神與女神，卻是首次訪問「鄉民心中的老婆」。 (時尚 / 2018-12-09 16:25),,0
ettoday,扁沒推動的4件事只有蔡英文敢碰 李季光：檢討不必獵巫卸責,https://www.ettoday.net/news/20181127/1317052.htm,2018-11-27 15:58,民進黨六都與縣市長選舉大敗，總統蔡英文27日開始下鄉展開聽取第一線檢討聲音的基層之旅。 對於民進黨內部開始出現的反省與中生代接班等聲音，資深媒體人李季光表示，蔡英文的幕僚能力、她個人決策風格當然可以檢討，但請別風諫臺灣向前行的正確方向，放眼古今中外，改革沒風險有幾人？(政治 / 2018-11-27 15:58),,0
ettoday,邱議瑩臉書被灌爆後 網友蓋新樓：呼叫黃安告發陳國華,https://www.ettoday.net/news/20181105/1298955.htm,2018-11-05 23:54,民進黨立委邱議瑩一句「你要你的老婆讓韓國瑜睡一晚，當成是你提供了工作機會之後的報酬嗎？」，引發網友蓋樓灌爆臉書。音樂人陳國華5日則在臉書酸國民黨高雄市長韓國瑜「團隊看起來是個很大的包子但剝開後中間沒有餡」，雖然他隨後刪文並致歉，但卻無法消彌網友怒氣，甚至有網友說「趕緊叫黃安，去大陸政府告發假掰的台獨歌手」。(政治 / 2018-11-05 23:54),,0
ettoday,影／酸韓國瑜「包子剝開後沒有餡」 陳國華臉書被灌爆後刪文致歉,https://www.ettoday.net/news/20181105/1298938.htm,2018-11-05 22:42,陳國華5日在臉書直言，國民黨高雄市長候選人競選影片的政見看不出高格局的戰略，「團隊看起來是個很大的包子但剝開後中間沒有餡」，就算選上，可能不到半年聲勢就會像大怒神般直線墜落。貼文一出引發網友灌爆臉書，隨後陳國華刪文，並針對引起不必要的誤解與爭議致歉。(政治 / 2018-11-05 22:42),,0
ettoday,影／婚姻平權公投還差15萬份！四叉貓：讓我們安心結婚,https://www.ettoday.net/news/20180824/1242940.htm,2018-08-24 11:13,還差15萬份！自7月24日起領表開跑第二階段連署的平權公投，現已蒐集到15萬份連署書。為趕上8月底送件、確保順利綁年底大選一起進行投票，平權公投小組24日邀集政治、文化、娛樂各界等20位名人，共同呼籲公民連署支持，並將於週末進行全台五十場擺攤，要在最後一週衝刺出剩餘所需的15萬份連署。(政治 / 2018-08-24 11:13),,0
ettoday,日本暴雨成災！蔡英文願給支援 網友：抗颱做好沒？先顧台灣吧,https://www.ettoday.net/news/20180708/1208262.htm,2018-07-08 14:18,日本本州近日受梅雨鋒面影響，降下豪大雨，各地也傳出災情，連日本首相安倍晉三都坦言事態嚴重。對此，總統蔡英文7日則以「全日文」，透過社群媒體推特表示，台灣也時常受到豪雨侵襲，已經準備好提供日本的任何支援。 (政治 / 2018-07-08 14:18),,0
ettoday,影／台灣黑熊飛東南亞！ 文總合作台灣吧 推新南向動畫,https://www.ettoday.net/news/20180614/1190849.htm,2018-06-14 15:26,臺灣地理位置鄰近東南亞，近年政府因應東協國家崛起，積極推動新南向政策。總統蔡英文擔任會長的中華文化總會籌備新南向系列動畫，合作「臺灣吧Taiwan Bar」影像公司，推出動畫《黑啤東南飛》，選在穆斯林開齋節前夕，14號首播首支短片，透過趣味影像要帶著台灣人看見東南亞文化之美、一起歡慶開齋節。(政治 / 2018-06-14 15:26),,0
ettoday,生章魚蠕動端上桌 劉以豪《超人》傻眼：你吃過？,https://www.ettoday.net/news/20180610/1188102.htm,2018-06-10 19:41,台灣男演員劉以豪5月底為電影《帶我去月球》宣傳訪韓，受邀出演節目《超人回來了》，他與昇材見面的片段終於在10日播岀，高志溶帶他去品嚐道地美食「生章魚腳」，他看見蠕動的章魚腳上菜，臉色一變問高志溶：「你吃過這個嗎？」反應笑翻粉絲。(影劇 / 2018-06-10 19:41),,0
ettoday,新潮慢跑「#Plogging」刮全球旋風 練成美腿又拯救城市,https://www.ettoday.net/news/20180408/1138580.htm,2018-04-08 11:38,最近在歐洲刮起一陣「#plogging」旋風，由一位來自瑞典的網友艾力克所發起。艾力克從小鎮奧勒市搬到首都斯德哥爾摩後得到感觸，「這城市根本就像垃圾場！」所以和朋友組了一個邊跑步，邊撿垃圾的慢跑團，並將這種運動取名為「Plogging」，最近在Ingstagram上便吹起熱潮！(新奇 / 2018-04-08 11:38),,0
ettoday,天佑花蓮！日網友心繫災區「瘋捐款」 暖心留言逼哭台灣人,https://www.ettoday.net/news/20180207/1109396.htm,2018-02-07 11:15,花蓮6日深夜7級強震，目前已知4死225傷、145人失聯，消息引發各界高度關注，日本網友也相當關心，紛紛詢問台灣災情，甚至發起「捐款報恩」活動。旅居日本的知名作家「中古小姐」，也在粉絲團翻譯日網友的暖心留言，讓台灣網友直呼「好溫暖」。(生活 / 2018-02-07 11:15),,0
ettoday,隨柯文哲出訪遇波蘭正妹 童仲彥搶合照羞喊「值得了」,https://www.ettoday.net/news/20180203/1106674.htm,2018-02-03 14:08,台北市議員童仲彥過去遭控家暴又外遇，更為此被民進黨開除黨籍，引發軒然大波；沒想到近日隨台北市長柯文哲至歐洲考察，仍不忘搶拍美女，2日前往波蘭格但斯克遇上一名餐廳服務生，讓童仲彥一減舟車勞頓之苦，在臉書高喊「值得了」，再度掀起討論。(政治 / 2018-02-03 14:08),,0
ettoday,Jennifer周記／在法國人眼中，台灣其實很落後？,https://www.ettoday.net/news/20180125/1098721.htm,2018-01-25 09:02,還沒住到法國，只是去旅遊的時候，參加一個戶外活動，接待員看我是亞洲臉孔，問了我從哪裡來，我說台灣（Taiwan），他誤解成泰國（Thailand），跟他解釋了一下他還是不太清楚，當時沒有想太多，只覺得他也太沒有知識了吧？(時尚 / 2018-01-25 09:02),,0
ettoday,正妹按摩師沒穿內衣…引網暴動「求幾號老師」 專業網友神出了,https://www.ettoday.net/news/20180120/1097216.htm,2018-01-20 21:43,一名網友在「爆廢公社」表示，自己去腳底按摩超痛，但因為女按摩師太養眼，所以忍住了疼痛，只見照片女按摩師彎腰動作時，竟然大走光，且沒穿內衣，5千多位網友按讚討論，跪求按摩店址。不過也有專業網友神出女主角，提供「編號」，讓人直呼「這是轉移注意療法」。(生活 / 2018-01-20 21:43),,0
ettoday,微博po「國貨彩妝」4字！網紅Catie被轟爆急道歉 粉絲怒退訂閱,https://www.ettoday.net/news/20180111/1091049.htm,2018-01-11 22:32,知名美妝YouTuber Catie擁有60幾萬粉絲，不過近日卻被網友爆料，她在微博po文「最近逛淘寶看到好多國貨彩妝看起來很好用，想要淘一些來拍視頻……」，網友對「國貨」2字相當介意從Dcard到PTT延燒引起熱議，對此Catie在「Hello Catie」臉書團道歉，認為這是一個特定名詞，但許多網友開始退訂閱，並直批她刪人留言或封鎖，但也有網友幫Catie緩頰。(生活 / 2018-01-11 22:32),,0
ettoday,大S為虐童案爆哭 汪小菲感嘆「不敢回北京」,https://www.ettoday.net/news/20171127/1060945.htm,2017-11-27 16:10,大陸北京近日爆發紅黃藍幼兒園虐童案件，老師涉嫌打針餵食不明藥品、遭到外部人士猥褻等事件發生，引起不小的關注，眾多藝人在微博要求政府正視此事，也擔心起小孩的校園環境，對此汪小菲也透露大S這幾天一想到小孩被虐就哭的不行，讓他想帶一家人回北京上學的決定又減分。(影劇 / 2017-11-27 16:10),,0
ettoday,寓教於樂正夯！台灣人使用YouTube看最多的是新聞,https://www.ettoday.net/news/20171108/1047779.htm,2017-11-08 07:47,在目前社群平台當中，以超過 20 億的 Facebook 為最大宗，然而如果談到影音平台，用戶每天在YouTube上看的影片時數， 已經超過 10 億小時，這方面也不容小覷，不過根據調查，台灣用戶使用 YouTube 平台看最多的，不是聽音樂、看MV，居然是看新聞跟教學影片。(3C家電 / 2017-11-08 07:47),,0
ettoday,女友去大陸回來嫌台灣爛…他快被搞瘋：她根本不懂我在做什麼,https://www.ettoday.net/news/20171010/1028538.htm,2017-10-10 21:59,大陸跟台灣哪裡比較好？一名網友抱怨，女友自從去大陸遊學半年後，經常拿大陸來跟台灣比較，開口閉口都在說台灣有多爛，導致兩人也常起口角，讓網友快被搞瘋「台灣畢竟是自己生長的國家，真的不用捧大陸而去貶低台灣吧，就算對這片土地沒有愛起碼也要懂得感恩！」(生活 / 2017-10-10 21:59),,0
ettoday,小英重申四不 學者諷：更壞的兩岸就是你們更好的台灣吧,https://www.ettoday.net/news/20171010/1028627.htm,2017-10-10 21:39,106年國慶大會於10日上午9時登場，總統蔡英文在致詞時向中國重申「善意不變、承諾不變，不會走回對抗老路，也不會在壓力下屈服」，呼籲尋求兩岸新模式。對此，世新大學口語傳播系教授游梓翔表示，蔡英文對兩岸其實沒有「新論述」，也沒有「新模式」，但兩岸關係無解不會帶來更好的台灣，「又或許『更壞的兩岸』就是你們眼中『更好的台灣』吧」。(政治 / 2017-10-10 21:39),,0
ettoday,空姐追夢！東區巷弄飲料店 「世界茶」讓台灣走向國際,https://www.ettoday.net/news/20170902/995600.htm,2017-09-02 11:30,空姐追夢創業，只為了把國外喝到的好喝飲品帶回台灣？這種有夢想的故事，真實發生在台北東區巷弄裡，這家「喝我吧！drink me」，是七年級生的長榮空姐Abbie的心血結晶，「我們希望大家能閉上眼睛，能感受去不同國家旅行的感覺，因為現代人沒時間旅行，希望大家可以享受到各地的茶飲。」(旅遊 / 2017-09-02 11:30),,0
ettoday,美國名校雙碩士畢…年薪160萬嘆「薪情不好」 網友：離開台灣吧！,https://www.ettoday.net/news/20170624/952132.htm,2017-06-24 11:24,有網友在Mobile 01上發文表示，有美國前十名電機和商學院雙碩士，在金融業上班，36歲年薪160萬元，但還是覺得不得志，他納悶：「是不是自己有名校迷思，還是高估自己的價值？」對此，有網友表示：「唯一解決方法就是離開台灣，若想在台灣工作，低於國際行情價格是很普遍的。」(財經 / 2017-06-24 11:24),,0
ettoday,台媒報豬哥亮vs.陸媒報一帶一路...網狂罵 宥勝神回被讚爆,https://www.ettoday.net/news/20170516/925687.htm,2017-05-16 18:29,宥勝為人父後變得穩重，經常在臉書發表對時事的評論及想法，希望能傳達正面能量；近來台灣大篇幅報導豬哥亮過世消息，相較大陸專注報導一帶一路的國家政策，引來部分輿論抨擊台媒不關心國際要事，對此，他認為台人必須先自省，且找回心中的「愛」，直言：「整天盯著隔壁的富豪也不會讓我發財。」(影劇 / 2017-05-16 18:29),,0
ettoday,20秒KO太極宗師！格鬥狂人徐曉冬約打交朋友…「館長」回應了,https://www.ettoday.net/news/20170501/914928.htm,2017-05-01 00:55,北京格鬥狂人徐曉冬大罵傳統武術，甚至稱「傳統，太極為首，都是騙子」，向太極拳師魏雷下戰帖，日前在擂台20秒將魏雷打倒在地。徐曉冬也邀請台灣知名前海陸教官、成吉思汗健身俱樂部「館長」陳之漢打一場，想要進行武術交流。對此「館長」30日晚間直播影片回應，對徐曉冬這樣私下找人邀請，過去交流開直播的方式，不以為然，認為應該舉辦比賽才對。(生活 / 2017-05-01 00:55),,0
ettoday,台灣男大生東京隧道內塗鴉 噴下神秘「SCU」...日網友轟爆！,https://www.ettoday.net/news/20170416/905313.htm,2017-04-16 12:16,台灣一名21歲葉姓（譯音）男大學生15日凌晨1時許，在日本東京JR澀谷車站附近的隧道內塗鴉，噴漆寫下意味不明的「SCU」黃色大字，路過民眾見狀通報，隨後當地警方趕到，以現行犯身分逮捕。他供稱，只是在網路上找圖案塗鴉，一切都是出於好奇模仿，並不理解是什麼意思。(國際 / 2017-04-16 12:16),,0
ettoday,祖先回來了？半夜看到「這台車」停路邊 網友驚：上面還有人！,https://www.ettoday.net/news/20170414/903804.htm,2017-04-14 00:05,一名網友深夜看到一台小藍車停在路邊，不過大半夜的，他仔細一看卻嚇傻了，因為這整台都是紙紮的。po文吸引近2萬網友按讚，許多人看了也嚇說「車裡有人啊！」，也有不少人說「這是右駕車不是台灣吧？」(新奇 / 2017-04-14 00:05),,0
ettoday,《下一站》慕橙結婚了！吳慷仁坐等喜帖：安以軒快炸我,https://www.ettoday.net/news/20170315/885342.htm,2017-03-15 21:07,藝人吳慷仁2009年因演出《下一站，幸福》的「花拓也」一角，開啟了成名之路，隨後每拍一部戲都留給觀眾深刻的印象。當時戲中心儀的女生「慕橙」安以軒15日宣布結婚，他晚間出席《白蟻》首映會談起「慕橙」的喜訊大方獻上祝福。(影劇 / 2017-03-15 21:07),,0
ettoday,劉樂妍到大陸驚覺被騙！ 「回台灣會活不下去」,https://www.ettoday.net/news/20170125/856877.htm,2017-01-25 22:56,劉樂妍（Fanny）近來頻頻在社群網站上自稱「我是中國人」，並針對大陸遼寧號相關議題發表意見，引來正反兩面網友論戰，她日前接受大陸節目專訪聲稱，自己在大陸適應得非常好，並認為自己回到台灣「會活不下去」。(影劇 / 2017-01-25 22:56),,0
ettoday,公視推「多元台灣」：台灣是一塊寶，沒有被大家所認識,https://www.ettoday.net/news/20170118/851888.htm,2017-01-18 18:17,公視自2月份起推出「多元台灣 傾聽與擁抱」系列節目，橫跨兩岸、日本、德國製作，涵蓋紀錄片、電影到深度報導、新聞、兒少新聞節目等，從不同的故事與角度去感受台灣這個充滿複雜歷史的島嶼，更希望透過不同節目讓在台灣這塊土地生根的人們，從不同的過去走向更好的未來。(影劇 / 2017-01-18 18:17),,0
ettoday,希粉崩潰...維基解密爆希拉蕊電郵：讓中國併吞台灣吧！,https://www.ettoday.net/news/20170114/848983.htm,2017-01-14 12:07,川普和希拉蕊之前的白宮之戰，因為希拉蕊的落選讓整個國際一片慌亂，而在台灣的風向則也是偏向希望希拉蕊獲選，如今卻傳出維機解密公開一封神秘電郵，信中希拉蕊表示，「放任中國併吞台灣可換取中國註銷對美1.14兆美金的債權。」消息一出讓不少台灣網友大呼「對希拉蕊太失望！」(國際 / 2017-01-14 12:07),,0
ettoday,艾莉絲帶女兒回台 3歲梨梨「眨眼、燦笑」：台灣好棒,https://www.ettoday.net/news/20161216/831288.htm,2016-12-16 21:22,藝人艾莉絲帶著3歲獨生女「梨梨」到法國生活，先前卻因為女兒在學校遭到同學霸凌，在直播影片中痛哭，但最後經過與對方父母多番溝通後，事情終於告一段落。她近日帶著女兒回到台灣準備新書的簽書會，而終於回到家鄉的梨梨不斷地重複「台灣好棒」，看到女兒開心的笑容她也感動直呼「家鄉真的很溫暖！」(影劇 / 2016-12-16 21:22),,0
ettoday,是否認同中華民國？ 黃昭元回藍委：不需像文革,https://www.ettoday.net/news/20161020/796491.htm,2016-10-20 11:58,立法院全院委員會20日上午進行司法院大法官被提名人黃昭元同意權審查，面對國民黨立委王惠美詢問是否認同中華民國？黃昭元表示，大法官對重大政治爭議應保持一定政治中立，台灣人民內部對國家認同也一直有很大歧異，而個人認為，台灣歷經民主化多年，應已走出那個時代，「不需要再像文革、納粹一樣，強迫每個人要公開講愛國、擁護政府才可以。」(政治 / 2016-10-20 11:58),,0
ettoday,朱駿／「未完成的答卷」對上「未收回的答卷」,https://www.ettoday.net/news/20160926/782395.htm,2016-09-26 16:25,蔡政府比較像「明知山有虎，偏向虎山行」。到目前為止，反而比較像是大陸一再連續誤判形勢。當然，一時的誤判肯定會在未來修正，蔡的挑戰會更大。 (論壇 / 2016-09-26 16:25),,0
ettoday,劉樂妍公開導演「性侵始末」：他一巴掌一巴掌甩,https://www.ettoday.net/news/20160827/763738.htm,2016-08-27 07:28,藝人劉樂妍（Fanny）自性感女團「女F4」出道，近來進軍大陸市場拍戲，25日指控大陸導演石筱磊和製片人田小山要求她陪睡，公開多支音檔揭露大陸娛樂圈的「潛規則」，導演面對此事則揚言提告。而她27日再公開被性侵始末，希望不要再有任何對演藝圈有夢想小女孩遇到這種事。(影劇 / 2016-08-27 07:28),,0
ettoday,張善政提醒新政府「別逼我移民」 徐永明點出背後陰謀,https://www.ettoday.net/news/20160513/697232.htm,2016-05-13 10:02,新舊政府交接倒數7天！行政院張善政近日受訪時無所不談，甚至對新政府撂下重話，「你不要逼得我準備移民到海外去」。對此，時代力量立委徐永明表示，張善政近期的受訪，愈來愈明顯是在為之後從政鋪路，一邊「開放」自己未來的選項，一邊針砭還未上台的新政府，墊高自己的聲望。(政治 / 2016-05-13 10:02),,0
ettoday,「留下建築的表情...」 全台僅存彰化百年太子樓半毀,https://www.ettoday.net/news/20160420/683671.htm,2016-04-20 07:24,「這是在地文化問題，也是台灣各角落陸續發生的大小事。」全國僅存的「太子樓」彰化市日式農會倉庫，日前傳出突然遭到拆除，當地文史工作者為保下這棟等同於「扇形車庫」的文化瑰寶，憤而以肉身阻擋挖土機，雙方一度僵持不下。(地方 / 2016-04-20 07:24),,0
ettoday,雪神逆轉開戰是「全國笑柄」 徐永明怒回嗆：惱羞...,https://www.ettoday.net/news/20160417/681949.htm,2016-04-17 01:53,馬來西亞20名台灣詐欺犯返國「放生」，時代力量立委徐永明等人批法務部失職。法務部16日晚間突然發布「自己錯了還怪人」聲明稿，由羅瑩雪親自操刀，點名立委操弄民粹害慘台灣。對此，徐永明隨後也在臉書發文，指羅瑩雪不知反省，問題早有卻不解決。(政治 / 2016-04-17 01:53),,0
ettoday,部長崩潰？法務部深夜發聲明 鄉民：部長暴走中！,https://www.ettoday.net/news/20160417/681940.htm,2016-04-17 01:06,法務部近來因「肯亞案」、「大馬案」等台人跨國電信詐欺案件，而飽受爭議，對此法務部在16日晚間在官網發出一則《自己錯了還怪人》的聲明稿，引發各界譁然，據了解，這則聲明稿很可能由部長親自操刀。(生活 / 2016-04-17 01:06),,0
ettoday,雪神發威！「自己錯了還怪人」逆轉開戰 立委被罵翻了,https://www.ettoday.net/news/20160417/681936.htm,2016-04-17 00:26,到底要不要把詐欺犯護送回台？「戰神」時代力量立委黃國昌千呼萬喚，成功讓馬來西亞20名台灣詐欺犯返國，通通放生，法務部16日晚間出其不意，發布一條由羅瑩雪親自操刀「自己錯了還怪人」聲明稿，痛批立委操弄民粹開戰，再度引發熱議，網友也相當力挺，直說擺爛的是立委、從沒聽過要政府搶救犯人的。 (社會 / 2016-04-17 00:26),,0
ettoday,快訊／宣戰！？羅瑩雪操刀最新聲明「自己錯了還怪人」,https://www.ettoday.net/news/20160416/681925.htm,2016-04-16 23:31,為了肯亞案，法務部長羅瑩雪在立法院舌戰多名立法委員，15日晚間，20名從馬來西亞遣返回台的詐欺案嫌犯通通「放生」，更讓話題炒到最高點。法務部晚間在官網發布一封「自己錯了還怪人」聲明稿，讓不少媒體記者跌破眼鏡。根據了解該封聲明由羅瑩雪操刀。(社會 / 2016-04-16 23:31),,0
ettoday,搞錯重點了？ 林林冏冏分級網友：初心者謾罵不想原因,https://www.ettoday.net/news/20160401/673301.htm,2016-04-01 14:51,臺灣吧的林辰和冏星人組成「林林冏冏」，日前分享新影片，林辰以男女交往為例，問男生當女朋友回家時氣沖沖地甩門時，卻只會說「欸你關門關那麼大力幹嘛？」這種搞錯重點的話，卻沒有去想女生為何生氣？並進一步延伸到名畫被男童打破、塵爆男浴火重生卻吸毒以及女童小燈泡遭割喉案，大家一昧謾罵，而沒有去想為什麼，根本「搞錯重點了吧！？」(生活 / 2016-04-01 14:51),,0
ettoday,9分鐘了解日本歷史 網友體悟「朋友的朋友不是朋友」,https://www.ettoday.net/news/20160308/658991.htm,2016-03-08 12:18,「台灣吧」透過簡單、有趣的動畫介紹台灣歷史，獲得好評；國外網友「bill wurtz」也製作一支9分鐘的影片，快速介紹日本歷史。有網友稱讚「歷史就該這樣學」。(國際 / 2016-03-08 12:18),,0
ettoday,商業周刊／被台大退學的他 登《富比世》創業家,https://www.ettoday.net/news/20160308/659145.htm,2016-03-08 10:47,他是一個被退學2次，被一手參與創立的公司資遣，只有大學肄業證書的29歲男生，林大涵。(財經 / 2016-03-08 10:47),,0
ettoday,劉樂妍公開導演「性侵始末」：他一巴掌一巴掌甩,https://www.ettoday.net/news/20160827/763738.htm,2016-08-27 07:28,藝人劉樂妍（Fanny）自性感女團「女F4」出道，近來進軍大陸市場拍戲，25日指控大陸導演石筱磊和製片人田小山要求她陪睡，公開多支音檔揭露大陸娛樂圈的「潛規則」，導演面對此事則揚言提告。而她27日再公開被性侵始末，希望不要再有任何對演藝圈有夢想小女孩遇到這種事。(影劇 / 2016-08-27 07:28),,0
ettoday,張善政提醒新政府「別逼我移民」 徐永明點出背後陰謀,https://www.ettoday.net/news/20160513/697232.htm,2016-05-13 10:02,新舊政府交接倒數7天！行政院張善政近日受訪時無所不談，甚至對新政府撂下重話，「你不要逼得我準備移民到海外去」。對此，時代力量立委徐永明表示，張善政近期的受訪，愈來愈明顯是在為之後從政鋪路，一邊「開放」自己未來的選項，一邊針砭還未上台的新政府，墊高自己的聲望。(政治 / 2016-05-13 10:02),,0
ettoday,「留下建築的表情...」 全台僅存彰化百年太子樓半毀,https://www.ettoday.net/news/20160420/683671.htm,2016-04-20 07:24,「這是在地文化問題，也是台灣各角落陸續發生的大小事。」全國僅存的「太子樓」彰化市日式農會倉庫，日前傳出突然遭到拆除，當地文史工作者為保下這棟等同於「扇形車庫」的文化瑰寶，憤而以肉身阻擋挖土機，雙方一度僵持不下。(地方 / 2016-04-20 07:24),,0
ettoday,雪神逆轉開戰是「全國笑柄」 徐永明怒回嗆：惱羞...,https://www.ettoday.net/news/20160417/681949.htm,2016-04-17 01:53,馬來西亞20名台灣詐欺犯返國「放生」，時代力量立委徐永明等人批法務部失職。法務部16日晚間突然發布「自己錯了還怪人」聲明稿，由羅瑩雪親自操刀，點名立委操弄民粹害慘台灣。對此，徐永明隨後也在臉書發文，指羅瑩雪不知反省，問題早有卻不解決。(政治 / 2016-04-17 01:53),,0
ettoday,部長崩潰？法務部深夜發聲明 鄉民：部長暴走中！,https://www.ettoday.net/news/20160417/681940.htm,2016-04-17 01:06,法務部近來因「肯亞案」、「大馬案」等台人跨國電信詐欺案件，而飽受爭議，對此法務部在16日晚間在官網發出一則《自己錯了還怪人》的聲明稿，引發各界譁然，據了解，這則聲明稿很可能由部長親自操刀。(生活 / 2016-04-17 01:06),,0
ettoday,雪神發威！「自己錯了還怪人」逆轉開戰 立委被罵翻了,https://www.ettoday.net/news/20160417/681936.htm,2016-04-17 00:26,到底要不要把詐欺犯護送回台？「戰神」時代力量立委黃國昌千呼萬喚，成功讓馬來西亞20名台灣詐欺犯返國，通通放生，法務部16日晚間出其不意，發布一條由羅瑩雪親自操刀「自己錯了還怪人」聲明稿，痛批立委操弄民粹開戰，再度引發熱議，網友也相當力挺，直說擺爛的是立委、從沒聽過要政府搶救犯人的。 (社會 / 2016-04-17 00:26),,0
ettoday,快訊／宣戰！？羅瑩雪操刀最新聲明「自己錯了還怪人」,https://www.ettoday.net/news/20160416/681925.htm,2016-04-16 23:31,為了肯亞案，法務部長羅瑩雪在立法院舌戰多名立法委員，15日晚間，20名從馬來西亞遣返回台的詐欺案嫌犯通通「放生」，更讓話題炒到最高點。法務部晚間在官網發布一封「自己錯了還怪人」聲明稿，讓不少媒體記者跌破眼鏡。根據了解該封聲明由羅瑩雪操刀。(社會 / 2016-04-16 23:31),,0
ettoday,搞錯重點了？ 林林冏冏分級網友：初心者謾罵不想原因,https://www.ettoday.net/news/20160401/673301.htm,2016-04-01 14:51,臺灣吧的林辰和冏星人組成「林林冏冏」，日前分享新影片，林辰以男女交往為例，問男生當女朋友回家時氣沖沖地甩門時，卻只會說「欸你關門關那麼大力幹嘛？」這種搞錯重點的話，卻沒有去想女生為何生氣？並進一步延伸到名畫被男童打破、塵爆男浴火重生卻吸毒以及女童小燈泡遭割喉案，大家一昧謾罵，而沒有去想為什麼，根本「搞錯重點了吧！？」(生活 / 2016-04-01 14:51),,0
ettoday,9分鐘了解日本歷史 網友體悟「朋友的朋友不是朋友」,https://www.ettoday.net/news/20160308/658991.htm,2016-03-08 12:18,「台灣吧」透過簡單、有趣的動畫介紹台灣歷史，獲得好評；國外網友「bill wurtz」也製作一支9分鐘的影片，快速介紹日本歷史。有網友稱讚「歷史就該這樣學」。(國際 / 2016-03-08 12:18),,0
ettoday,商業周刊／被台大退學的他 登《富比世》創業家,https://www.ettoday.net/news/20160308/659145.htm,2016-03-08 10:47,他是一個被退學2次，被一手參與創立的公司資遣，只有大學肄業證書的29歲男生，林大涵。(財經 / 2016-03-08 10:47),,0
ettoday,「我們是台灣人！」 留學生在釜山街頭舉牌聲援！,https://www.ettoday.net/news/20160117/632438.htm,2016-01-17 14:27,南韓女團「TWICE」台籍成員周子瑜被黃安舉報成台獨份子後，被取消在大陸所有行程，後來更拍下道歉影片，她無辜受波及的樣子讓人心疼，也引發台灣人的憤怒；現在有一群在韓的台灣留學生在釜山街頭發起「我們是台灣人」的舉牌行動，要告訴大家，身為台灣人是非常驕傲的一件事！(生活 / 2016-01-17 14:27),,0
ettoday,黃國昌受邀CNN錄節目  不能入境香港只好放棄,https://www.ettoday.net/news/20160106/625645.htm,2016-01-06 19:50,新北市第12選區立委候選人黃國昌昨日在臉書PO文表示，自己收到美國CNN節目的邀請，在主播魯可蒂(Kristie Lu Stout)主持的政論節目當來賓，「本來要答應，但因錄製地點在香港，只好忍痛放棄。」據了解，黃國昌2014年雨傘運動時期向港府申請簽證被拒絕，最近再試的結果，同樣也處於被拒絕入境的狀態。。 (地方 / 2016-01-06 19:50),,0
ettoday,美國台灣誰更好？ 宥勝反思：如果世界毀滅只剩台灣…,https://www.ettoday.net/news/20151020/583157.htm,2015-10-20 21:11,台灣37歲婦人為了讓小孩拿美國籍，隱瞞懷孕結果在華航班機上產女，連日來引發網友熱烈討論「為什麼許多人都想拿綠卡」。藝人宥勝近日也讀到一篇盛讚美國的文章，但看完之後心情非常複雜，不理解為什麼台灣人不斷打擊自己，因而分享另一個虛構故事，訴說自己心目中理想的生活環境。(影劇 / 2015-10-20 21:11),,0
ettoday,1分鐘吸4000公升好神 「吸水路面」快引進台灣吧,https://www.ettoday.net/news/20150930/572134.htm,2015-09-30 01:13,影音網站上有一段發明影片最近正當紅，大型混凝土攪拌車載滿4000公升的水開到停車場，打開閥門後1分鐘內全部傾瀉完畢，神奇的是，地面上看不出有濕的痕跡，當然更沒有積水。這是一款名為「Topmix Permeable」，號稱終極解決方案的混凝土神奇設計。(新奇 / 2015-09-30 01:13),,0
ettoday,花8分鐘看懂「國家認同」錯亂 阿輝伯是不是老番癲？,https://www.ettoday.net/news/20150907/560801.htm,2015-09-07 14:09,前總統李登輝前一陣子因「日本祖國說」引起討論，而動畫製作團隊「台灣吧」主持人林辰Buchi最近上傳了一部8分鐘影片，探討問題「阿輝伯為什麼會說台灣人沒有抗日？」最後還提醒，「比起爭論國籍祖國，或否定他人的意識，我們更應該尊重每個人的背景與思想。」(網搜 / 2015-09-07 14:09),,0
ettoday,潘基文赴陸閱兵 日網友怒批：你應該去台灣吧！,https://www.ettoday.net/news/20150830/557226.htm,2015-08-30 10:49,中國大陸將於下個月3日於北京舉行「抗戰勝利70週年」的紀念活動，聯合國秘書長潘基文即將出席的消息一出，立刻引發日本方面的不滿，認為應該保持中立。日本網友也一面倒的批評，甚至有不少人說「被侵略的戰勝國是中華民國！他要去應該去台灣！」(國際 / 2015-08-30 10:49),,0
ettoday,政治人物成最討厭情人職業 謝長廷妙答：好在我結婚了,https://www.ettoday.net/news/20150819/552242.htm,2015-08-19 17:19,20日就是七夕情人節，根據1111人力銀行調查，上班族最討厭的情人職業是「政治人物」，而且成為不分男女，都是最討厭職業的冠軍。前行政院長謝長廷19日聽到媒體提問後，妙答「好在我結婚了！」(政治 / 2015-08-19 17:19),,0
ettoday,3分半鐘看不懂《刺客聶隱娘》 網讚：比谷阿莫還好看,https://www.ettoday.net/news/20150810/547682.htm,2015-08-10 15:15,由侯孝賢執導，舒淇、張震主演的《刺客聶隱娘》，在舒淇抵台接連舉辦了特別放映會和記者會，造成一波話題熱潮後，網路上也將話題持續延燒，除了片商推出精彩的《刺客聶隱娘》幕後花絮-演員篇之外，知名網路動畫頻道Taiwan Bar Studio也推出了《三分半鐘看不懂刺客聶隱娘》影片，引發許多討論。(電影 / 2015-08-10 15:15),,0
ettoday,第2次的公益環島 3個人四天三夜半島行（上集）,https://www.ettoday.net/news/20150810/546639.htm,2015-08-10 14:35,2位熱心有愛心的年輕人兆右和耀程！相隔不到一個月，他們又出發了，這一次更多帶了一個好朋友「米奇」，開始展開3個人與重機的4天3夜半島公益行(名家 / 2015-08-10 14:35),,0
ettoday,喝多了還是線歪了？ 網友酸：台灣施工品質不意外,https://www.ettoday.net/news/20150806/546271.htm,2015-08-06 23:11,一名林姓網友6日下午在「爆料公社」貼文，附上一張馬路雙黃線照片，整條線歪七扭八完全不直，讓他打趣的說，「是不是我喝多了？」到底是看的人酒喝多醉了，還是畫線的工人畫歪了呢？不少網友留言開酸，直說「台灣施工品質，不意外！」(生活 / 2015-08-06 23:11),,0
ettoday,2個人的公益環島 用行動感染周圍更多的人（第一站）,https://www.ettoday.net/news/20150724/538279.htm,2015-07-24 11:26,「善耕365公益媒合平台」致力於報導全台灣比較沒人關注的弱勢族群和公益訊息，希望藉由與學生和年輕族群的互動，喚起年輕世代的力量加入公益的行列，在未來為公益注入更多年輕人的力量！(名家 / 2015-07-24 11:26),,0
ettoday,力挺柯P公開透明 楊實秋：揭台灣政商間不尋常關係,https://www.ettoday.net/news/20150526/511755.htm,2015-05-26 17:39,廉政委員楊實秋26日有感而發、在臉書PO文，認為台北市長柯文哲的公開透明市政方針，讓更多人看到過去政府大型委外標案的瑕疵，並意識到台灣政商之間的不尋常關係，「唯有公開透明才能杜絕非法官商勾結」。(網搜 / 2015-05-26 17:39),,0
ettoday,「賣米、伐木工變經營之神」 3要素打造台灣經濟奇蹟,https://www.ettoday.net/news/20150502/500936.htm,2015-05-02 10:34,以詼諧動畫描述台灣歷史的「台灣吧」(Taiwan Bar)，在五一勞動節推出第七集《傳說中的經濟奇蹟》，提到3個重要因素讓台灣從戰後悲劇的經濟環境，發展成「亞洲四小龍」。(網搜 / 2015-05-02 10:34),,0
ettoday,陳添枝：加薪嚇跑企業 鄉民嗆：國外企業怎麼都不來？,https://www.ettoday.net/news/20150415/492970.htm,2015-04-15 19:14,加薪四法到底可不可行？台大經濟系教授、前經建會主委陳添枝給予否定答案，他認為強迫加薪只會「嚇跑」企業，如此一來員工也無法受益；這樣的說法被鄉民狂打臉，「現在沒強迫加薪的只剩台灣吧，他們是能跑哪兒去？ 」(網搜 / 2015-04-15 19:14),,0
ettoday,天下／大學沒畢業 也能幫閣揆上課,https://www.ettoday.net/news/20150409/490440.htm,2015-04-09 13:08,大學肄業，就可以幫柯Ｐ編寫「野生官網」；農經系畢業，也能跨界做出台灣史動畫，紅遍全台。這群年輕人善用外部資源，就算「半路出家」也能闖出一條路。(生活 / 2015-04-09 13:08),,0
ettoday,國一生看完228影片反應 國小師「愣在原地說不出話」,https://www.ettoday.net/news/20150312/477401.htm,2015-03-12 11:22,「台灣吧」日前製作的《全球瘋傳，台灣人不告訴你的，228事件》的影片，引發熱烈討論，但也被質疑觀點偏頗，將原因歸咎成「省籍衝突」，完全沒提到「元凶」國民黨政府。對此，國小教師「Noir Tang」在臉書表示，他得知國一生看完228影片的反應，愣在原地、茫然地一句話都說不出來。(網搜 / 2015-03-12 11:22),,0
ettoday,到日本別再亂買了！東京必買名產告訴你哪裡買（上）,https://www.ettoday.net/news/20150214/466494.htm,2015-02-14 11:00,多年的購買經驗加上有計畫加上現場觀察，個人覺得這次買的多是CP值高又實用的好物，集好吃好玩好穿好用，重點是到哪買我都會告訴你(ETlife(勿用) / 2015-02-14 11:00),,0
ettoday,台灣內地在？網友：你們早點出來，我學測不會只12級分,https://www.ettoday.net/news/20141203/433913.htm,2014-12-03 11:24,「台灣吧-Taiwan Bar」的台灣史實影片又來囉，1日在臉書粉絲專頁公布第二集「台灣的內地，在哪裡」，敘述日本殖民統治的「特別統治時期」到「內地延長主義時期」。網友大讚「你們早一點出來，我的學測不會只有12級」。(生活 / 2014-12-03 11:24),,0
ettoday,「鬼島」的由來？ 日本人百年前稱台「鬼界之島」,https://www.ettoday.net/news/20141102/420786.htm,2014-11-02 12:09,「自己的歷史自己寫」！YouTube用戶Taiwan Bar Studio日前推出一部影片，「鬼島現代化！劉銘傳與蔣經國，的中間。」主要描述台灣1890年到1975年「空白」的那段歷史，其中包含台灣早在百年前就被稱為「鬼島」，影片推出至今已吸引3萬多的點擊率。(新奇 / 2014-11-02 12:09),,0
ettoday,在日本買太多了提不動？郵寄回來台灣吧！,https://www.ettoday.net/news/20140928/401476.htm,2014-09-28 10:00,右上的東北旅行毫無節制，結果就是買太多了......加上冬天旅行衣服厚重，行李箱都要爆炸了！這時候最需要的當然就是郵局啦~~打開GOOGLE地圖，很容易就可以在日本找到大大小小的郵局，通常在車站的附近，郵局規模比較大。這次右上就在JR青森站門口出來的廣場前找到青森郵局，正前方紅色的指標就是囉~(旅遊 / 2014-09-28 10:00),,0
ettoday,日曾考慮賤賣給法 台灣差點「碰啾碰啾、早餐吃可頌」,https://www.ettoday.net/news/20140903/396813.htm,2014-09-03 10:12,台灣是多難搞？「台灣吧-Taiwan Bar」臉書粉絲專頁1日公布1支影片，以動畫方式搭配幽默的口白介紹台灣史實，指在日本殖民時期，日本一度考慮將台灣以1億日圓賤賣給法國，差點台灣的問候語就要變成「碰啾碰啾(Bonjour)」、早餐換吃可頌了。網友說，原本史實總是沉悶、枯燥，但他看完這支影片了。(生活 / 2014-09-03 10:12),,0
ettoday,青年一起來改變台灣吧！ 馬英九520就職6周年演說全文,https://www.ettoday.net/news/20140520/359019.htm,2014-05-20 10:10,我舉個我親眼所見的例子跟大家分享。有一位24歲原住民青年馬浩然，因為肢障的關係，高職畢業後，就業一直不順利。後來參加了「明師高徒計畫」，跟著屏東縣來義鄉有名的雕刻師塗南峰學習木雕技術有成，為創業鋪路。(政治 / 2014-05-20 10:10),,0
ettoday,快訊／流行樂擬考證照 吳宗憲批台灣倒退嚕：Stupid！,https://www.ettoday.net/news/20140423/349566.htm,2014-04-23 15:35,文化部長龍應台在先前立法院備詢時，丟出「流行音樂從業人員」未來得要考證，引發演藝圈喧然大波。吳宗憲23日為女兒網路節目站台，被問及此事他表示：「這是30年前的台灣吧？誰說的？怎麼那麼stupid（愚蠢）！」(影劇 / 2014-04-23 15:35),,0
ettoday,讚張慶忠「機靈30秒」 藍要求清空議場,https://www.ettoday.net/news/20140321/337627.htm,2014-03-21 22:13,反服貿聲浪持續延燒，立法院被民眾層層包圍，國民黨團21日晚間在黨中央舉行黨團大會，經歷2個多鐘頭的會議，做出3點結論。國民黨團書記長王廷升再次強調是民進黨杯葛服貿，「如果不是張慶忠機靈的30秒，台灣經濟就沒有機會」，黨團首席副書記長費鴻泰則呼籲民進黨，「放了台灣吧」。(政治 / 2014-03-21 22:13),,0
ettoday,導演陳玉勳挺學生佔領立法院：說他們是暴民的人，可恥,https://www.ettoday.net/news/20140319/336476.htm,2014-03-19 12:23,服貿議題持續延燒，「反對服貿黑箱」民眾和學生在18日晚間在群賢樓前抗議， 3、4百人衝進議場霸佔主席台，透過網路直播後更吸引大批群眾到場外靜坐支持。《總鋪師》導演陳玉勳，面對某些媒體批評學生佔領議場的行為，他也在臉書上表示「說那些學生是暴民，對他們冷嘲熱諷的人，你們真的可恥又可悲。」(影劇 / 2014-03-19 12:23),,0
ettoday,走趟南投寶島時代村 咀嚼歲月、穿梭老時光,https://www.ettoday.net/news/20140212/322946.htm,2014-02-12 15:30,南投草屯寶島時代村，一直努力打造一個台灣人共同美好的回憶，所以創造一個讓你有走入時光之旅，穿梭到屬於我爸媽那年代的老街老時光，這裡超適合帶長輩來的。(旅遊 / 2014-02-12 15:30),,0
ettoday,台灣自行車節 美女騎士魏華萱帶路「單車極點環台遊」,https://www.ettoday.net/news/20131105/291001.htm,2013-11-05 16:58,為了推廣自行車休憩活動，今年度交通部觀光局擴大辦理「2013台灣自行車節」，除了將於11月9日至17日舉辦的三大主軸活動外，在台灣各地還有一系列自行車活動，並規劃了「單車極點環台遊」4天3夜遊程，還邀請「單車達人－小猴魏華萱」擔任活動大使，讓更多民眾輕鬆一圓單車環台的夢想。(旅遊 / 2013-11-05 16:58),,0
ettoday,「台灣養不起我！」 黃安受邀主持節目：酬勞可笑,https://www.ettoday.net/news/20130727/247262.htm,2013-07-27 00:02,今年50歲的黃安26日上年代MUCH《今晚誰當家》，他至大陸定居已十多年，日前回台參與張菲娶媳喜宴。他表示目前在大陸沒有節目，想認真從事歌手事業，還透露台灣有節目邀約，但卻說：「最高的酬勞我還覺得可笑！」不過認為可以回故鄉、看女兒也無不好，可是隨後又說：「應該不可能會主持。」(影劇 / 2013-07-27 00:02),,0
ettoday,三兄弟吃一餅 陸客：台灣人不是窮，他們缺的只是錢！,https://www.ettoday.net/news/20130227/168479.htm,2013-02-27 16:58,陸客自由行激盪出不少文化火花，最近一篇出現在新浪微吧的文章《台灣：我們不窮 ，我們只是缺錢。》引起關注。作者到台灣自由行，主要是想解答內心疑問，最後他給了台灣高度肯定，「台灣人堅持著自己的堅持，奮鬥著自己的奮鬥，過著自己想要的生活。」(大陸 / 2013-02-27 16:58),,0
ettoday,綠色騎跡／革命老區,https://www.ettoday.net/news/20130227/163745.htm,2013-02-27 14:23,"一遍枯寂之中有座會寧的城市拔地而起，馬路兩旁站滿整齊的白色路燈，路燈上都放有一面像是慶祝典禮上會使用的紅色裝飾，看來我們來到的地方可是共軍的革命老區。不知道像這種""黨""味很重的地方，對於我們這些從台灣來的會怎麼看待，掛在嘴邊的台灣還是先收起來，低調點改稱""南方""來的就好了。(名家 / 2013-02-27 14:23)",,0
