,Source,Title,Link,Date,Summary,Text,Like
0,apple_news,YouTube年度熱門影片排行榜出爐　《天竺鼠車車》奪冠,https://tw.appledaily.com/gadget/20211201/3KEE5VU2I5AEXFCU2SKA4N6CYY/,出版時間: 2021/12/01 14:05,,"YouTube 今 12/1 日公布台灣 2021 年度影片排行榜，包括「熱門影片」、「熱門音樂影片」、「熱門創作者」、「快速竄升創作者」。在「熱門影片」榜單，可愛療癒的《天竺鼠車車》勇奪冠軍，成為該榜單首次獲得第一名的動畫影片；在「熱門音樂」榜部分，《愛情你比我想的閣較偉大》成為首次登上「熱門音樂影片」冠軍的台語歌曲。
熱門影片
Google指出，今年「熱門影片」排行榜反映出人們在疫情期間對療癒舒壓、啟發人心、時事議題類型的影片感興趣，像是《天竺鼠車車》、《一根管都不准插！她拒絕死亡全餐捍衛癌末夫善終權》以及《對不起｜愛莉莎莎Alisasa》和《欸！萊豬》；創作者「玲玲微電影」以多語言標題記錄中正紀念堂禮兵陣仗，成功接觸到更廣泛的使用者關注。
此外，集結藝人和多位平台創作者的影片，不論是網路綜藝節目木曜4超玩傾心製作的 YARTIST 全明星運動大會，以及「見習網美小吳」與知名歌手楊丞琳合作拍攝的假試鏡整人企劃，都創造極大的社群討論熱度。
熱門音樂影片
今年「熱門音樂影片」榜中，包括大馬鬼才歌手黃明志與陳芳語合作的話題性歌曲《玻璃心》，推出才短短一個多月的時間就已挺進台灣榜單；在國片亮眼票房和兩岸人氣影劇的加持下，熱門影劇主題曲也紛紛上榜，其中由茄子蛋為國片《當男人戀愛時》創作的電影主題曲《愛情你比我想的閣較偉大》不只是台語歌曲首度奪下榜單冠軍，更受到金馬獎「最佳原創電影歌曲」入圍肯定。
而告五人創作的電視劇插曲《在這座城市遺失了你》和 G.E.M.鄧紫棋的電影主題曲《平行世界》也強襲榜單分別位列第二和第八名；另外動力火車的《我很好騙》不只邀請到金獎演員助陣並進行 MV 結局票選引起網友熱烈討論，這部影片更成為今年的熱門音樂影片榜第三名。
在外語歌曲方面，蔡依林與荷蘭籍全球百大 DJ R3HAB 合作的英文歌《Stars Align》獲得年度第四名，透過跨界合作提升台灣歌手能見度；防彈少年團(BTS)的英文新曲《Butter》也以在 YouTube 史上最快突破 1 億觀看數紀錄之勢進入台灣榜單第十名。韓語歌還有久違載歌載舞回歸的 IU 《Celebrity》為代表，和日本組合 YOASOBI 為大熱動畫創作的片頭曲《怪物》在榜單上分別獲得第六和第八名。
熱門創作者
疫情下有更多觀眾在 YouTube 利用影片自我充實，「許伯&簡芝—倉鼠人」、「老高與小茉 Mr & Mrs Gao」、「蒼藍鴿的醫學天地」和「柴鼠兄弟 ZRBros」知識型內容在「熱門創作者榜單」分別獲得第四、五、七和第十名，顯示許多觀眾對於動物知識、科普時事、醫療健康與投資理財方面資訊和概念的學習需求。
國民姑丈羅時豐的「羅時豐D.L 不務正YA」和資深藝人邰智源主持的網路綜藝節目「木曜4超玩」持續透過 YouTube 揮灑創意為觀眾帶來歡笑，這也顯示傳統藝人與綜藝節目紛紛從電視朝向網路發展與轉型。個人特色鮮明的創作者也發展出更加分眾化的內容主題，像是「Ru儒哥」以趣味惡搞內容獲得第一名，以及有話直說的「館長惡名昭彰」更成為今年度唯一同時入榜「熱門創作者」、「快速竄升創作者」雙榜單的頻道。
快速竄升創作者
YouTube 豐富多元的內容也反映在「快速竄升創作者」榜單中，今年ACG內容 (動畫Animation、漫畫Comic、電玩遊戲Game)和外籍創作者頻道的訂閱數快速成長。 「Dinter」、「Gary蓋瑞」等四個電競遊戲頻道透過實況直播、留言等互動形式，促進觀眾即時參與，並營造出連結更加緊密的同好社群歸屬感 。
而隨著 2021 年台灣觀眾觀看動漫影片的時間相比去年同期大幅成長，創作者「孫沁岳」也以詳盡、有趣的動漫分析在榜上有名。來自日本的「阿部瑪利亞 Maria Abe」和美國籍的「莎白Elizabeth」在疫情下帶領觀眾線上體驗跨文化的生活和觀點，分居榜單第二、六位。（黃子倫／綜合報導）
Google
YouTube",0
1,apple_news,【網紅瘋啥3】網紅凸槌！酸民樂得集體追殺　專家祕授3招救形象,https://tw.appledaily.com/life/20210504/RUBIQSBNBBFUDIIYXIYST6XF24/,出版時間: 2021/05/04 17:47,,"（新增：影片）
相關新聞：【網紅瘋啥2】睡美人青青昏死到下午上班　老闆火大！十度叫她滾
隨著網路世界蓬勃發展，造就「網紅」這一股潮流新勢力，人氣、流量帶給他們話語權與影響力，甚至發展出網紅經濟，商機無限。不過網路能載舟亦能覆舟，網紅言論或行為稍有不慎甚至出槌，苦心經營的形象，可能立刻重挫，引來網友群起謾罵、撻伐、起底，最後被後起之秀取代。專家建議，網紅一旦做錯事就要勇於面對，誠心認錯、悔改，投入公益活動，才能挽回甚至提升昔日聲量。
像是前JKF女郎、網紅「青青」因為帶男網紅的「放火」返家過夜，被當時男友陳男當場抓包，事後還被指控與男友設局「仙人跳」、「逼簽本票」，苦心經營的甜美形象頓時毀於一旦，還遭網友攻訐、謾罵長達半年。
網紅「愛莉莎莎」拍攝影片介紹「肝膽排石法」，遭醫生YouTuber「蒼藍鴿」打臉，她一度反擊但最後仍敵不過外界撻伐而道歉。合成照片
圖片來源 : 蘋果新聞網
另一個喧騰一時的例子是，百萬YouTuber「愛莉莎莎」年初拍攝影片介紹「肝膽排石法」，遭醫生YouTuber「蒼藍鴿」打臉，衛福部、食藥署和國健署也收到民眾檢舉，引發網友熱議、撻伐，她一度反擊但最後仍道歉，也無法挽回當下受挫的形象，連家庭背景都被一一起底曝光。
專營網路行銷的「萬人行銷」總監王舒寧舉例，愛莉莎莎在事後發布道歉影片，並停止原先一週一片的影片更新，拍攝異於平常風格的登山露營影片，透過低調、反省，並投入流浪動物關懷等公益，挽回聲量，如今又恢復以往體驗各類高檔生活的影片風格。
王舒寧分析，網紅與一般藝人有所差異，不會有所謂的螢幕形象，而是以敢說敢做而受同溫層網友關注、喜愛，所以網紅「做自己」，會比符合普羅大眾的喜好更重要。
王舒寧建議，當網紅遇到負面事件，當下應勇於面對危機處理，以書面或拍攝影片正式道歉，沉寂、反省，減少發文次數，參加淨灘、流浪貓狗、老人幼兒關懷等公益活動，逐步累積正面形象，挽回昔日關注人數。
王舒寧表示，知名演員舒淇、郭書瑤，都是以火辣身材，讓民眾認識，走紅之後各自往專業領域努力，並獲得肯定；網紅固然有其生命周期，但同樣擁有天使臉龐、火辣身材的青青，如果能在歷經風波後，順利轉型朝室內設計師方向努力，未來還是可以與外型優勢結合，創造另一個領域的巔峰。（地方中心王煌忠／台中報導）
發稿時間：00:01
仙人跳事件
萬人行銷公司
公益活動
愛莉莎莎
網紅放火
網紅瘋啥
青青
網紅
蒼藍鴿
王舒寧
YouTuber",0
2,apple_news,沈寂一個月更新！愛莉莎莎：每天都在反省　攀百岳「洗白」得5大領悟,https://tw.appledaily.com/life/20210314/LA6GD5AFFNDDLH6W3PCKXTHX6Y/,出版時間: 2021/03/14 08:35,,"網紅「愛莉莎莎」上月影片介紹「肝膽排石法」遭醫生YouTuber「蒼藍鴿」打臉，衛福部、食藥署和國健署也收到民眾檢舉電郵，她一度反擊但最後仍道歉，沈寂一個月後，愛莉莎莎昨再上傳新影片及更新IG，她表示「這個月我沒有白過，每天都在反省」，日前帶白紙登山為了「洗白」，寫下近來的體悟，粉絲也打氣「看起來有所成長了」。
今日推薦：總統府特勤遊走妻與前女友間　扯「行蹤是機密」讓2女都生子
愛莉莎莎的IG上月13日以全黑圖片發文致歉後，暌違一個月後昨天才更新，貼出登山照說「終於回歸了！！！這一個月好想念大家，謝謝每天擔心我的人，這個月我沒有白過，每天都在反省，還有做很多有意義的事」；她也剪了短髮、換個新造型。
她同步更新YouTube頻道，以「我回來了！」的登山影片重新出發，該片的訊息欄也寫著「謝謝大家過去的批評與指教，我也反省了一個月，謝謝這段時間陪伴我的親朋好友們，還有還願意回來看我的觀眾們」。
愛莉莎莎欲攀登百岳之一的奇萊南峰，「我要來反省我的人生」，帶了一張白紙跟一枝筆，想要「洗白」，在爬山過程中寫下體悟，「這一張紙寫得滿滿的再下山」。影片最後在山下分享感受，網友也整理出她的5大領悟：
領悟1:當你覺得痛苦和辛苦的時候，千萬不要放棄 - 堅持下去成功就是你的。
領悟2:大崩壁危險，但也是最有feel的一段路 - 在逆境中看見絕景。
領悟3:終於走到天池山莊，在飢寒交迫下能吃到熱食 - 感謝身邊曾幫助自己的人。
領悟4:無法登頂看到黃金大草原 - 其實人生不是一直都很順遂的。
領悟5:世界不是以自己為中心，也不是甚麼都要爭個輸贏 - 不忘初衷，方得始終。
愛莉莎莎也回想一路走來，自己缺乏挫敗感，從大學起要做一點點小努力，就會取得意想不到的成功，感覺成功來得不費力「有時會忘了謙虛的感覺」。感性的自我解析及告白，網友鼓勵「莫忘初衷，就算做錯了也要勇敢的面對」、「還是喜歡妳的直接與坦白，會一直支持妳的。」（即時新聞中心／綜合報導）
愛莉莎莎
肝膽排石法",0
3,apple_news,【網紅撈金1】50萬年收暴增4倍　接案攝影師變小豪宅屋主,https://tw.appledaily.com/property/20200720/BDPZRBMYDB5IPFLRIKQBJYICJU/,出版時間: 2020/07/20 12:34,,"上班族死薪水難圓買房夢，創業當網紅卻不樣了，擁百萬粉絲的YouTuber愛莉莎莎Alisasa，購入千萬萬華小豪宅，第一代網紅蔡阿嘎更買下北投4千萬住家，深不可測的財力令人讚嘆，《蘋果新聞網》找來網紅獻聲說法，剖析如何創業買房。
此次獻聲的小賴(33歲)，在臉書粉絲團上擁有超過9萬人氣，一則PO文至少500人以上按讚，屬於有本科專業發展出來的內容型網紅，他本業是接案的攝影師，北中南都有他的蹤跡，最好的時候年收入大約50萬。
 
5年前因緣際會從接案攝影師轉型在網路上教學攝影，也順勢開始了他的網紅生涯，他說從從業人員變成老師，最明顯的轉變就是「話語權」變大，而這也是使他真正轉型網紅的契機。

自從有了講師身分，邀約、邀稿的業外收入，一年增加的收入大約就多了20~30萬，3年前他開始在自媒體的經營上下苦功，短短時間粉絲團人數就衝破9萬，他很自豪這些並不是花錢買來的假粉絲，從專業斜槓網紅，從兼職轉到全職網紅，他說第一年他的年收入就已經達120萬，與之前相比多了一倍有餘，第二年他就拿著存下約60萬的購屋基金，下定台中七期的小豪宅預售屋。

側面了解小賴入手的建案，總價約1100萬左右，屬於1+1房，實際室內坪數約17坪，小賴說會購入預售案，主要是因為付款彈性，以他手頭只有60萬，怎麼算最多也只能買到總價3、4百萬的房子；但預售屋的好處就是只要在交屋前湊齊頭期款，再利用這兩、三年的時間拚事業，以他現在的年收入超過200萬來算，連未來5年的房貸錢都準備好了。

網紅經濟能夠如此蓬勃到購入金額龐大的房屋，還有一個要點，就是「不用繳稅」!小賴說，個體戶的小網紅、小藝人，實賺實拿要存到錢也相對容易。他回憶當初剛全職當網紅，小型公司或是網路上以流量換來的廣告費，基本上都是實拿，加上本身攝影接案也都是現金交易，並沒有太大的「稅」問題；但是經過2年，他相對有人氣了，大型公司行號邀稿會用個人名義填勞務報酬單，也曾歷經被人檢舉報稅未落實的糾紛，導致申報9A稅制的部分收入被改成50薪資稅制，最後國稅局再追稅，之後他就創立個人工作室，避免這種情況再發生。
 
不過他說網紅其實很競爭，但只要人氣一上來「錢真的來得太容易」，他舉例說，IG粉絲人數在一萬以上的，就可能有業者願意付費找你業配，金額可能一萬以上；還有在直播平台賣東西的，業者找你站台可能花個10萬，但整場銷售出去50萬，廠商、網紅都賺，大家笑呵呵，就會有下次合作的空間。
 
在中部地區部落客，網紅接單的價碼，部落格文章日流量5000以上，就能長期找相關公司當旗下寫手，價碼一篇至少一千；若以社群軟體為主的網紅，粉絲追蹤人數有2萬，一樣是千元起跳的價碼。而另一種直播平台的直播主，則是有公司簽約，以收到斗內金額來拆帳，一個月15~20萬收入的大有人在。
 
專職在吃喝玩樂的部落客廖小姐就私下說，「一開始經營部落格，很單純是想分享生活，但隨著人氣變高越來越多廠商會找來邀稿，會有種受寵若驚的感覺，五年前我本來是一般上班族，後來嫁人生孩子之後當全職媽媽，但持續經營部落格，一個月多多少少也有個萬元可以自己花用。」
 
至於網紅買房，小賴則認為是見仁見智，他也有網紅朋友不買房但投資多項副業；他認為會把網紅當成工作志向的多半是年輕族群（15~20歲），但也撐不久；他觀察會買房的網紅，大多都已經是「老」網紅(25歲以上)，年紀到了對於金錢上的觀念也趨於保守。
 
距離逢甲不遠的有巢氏房屋台中西屯亨隆加盟店副理彭育峰表示，近兩年來是網紅身分來買房的購屋者，大概50件會有1件，未來也有增多的機會。尤其近幾年科技產品的發達，其實越來越多人「斜槓」網紅，有些購屋民眾也是深聊後才知道，對方除了正常工作外還有另一個網紅職業。
 
彭育峰說最近在房市也吹起一股「拍片帶看」的趨勢，比起過去用平面照片，影片不但互動性高，也可以把細節交代更清楚，除了衝自身人氣也能增加詢問度。（陳筱惠/台中報導）
網紅
買房
投資",0
4,apple_news,網紅的千萬精品套房　同社區有人賠售200萬,https://tw.appledaily.com/property/20200608/27MFIRX3CVHK54BUHGN2R7YHFA/,出版時間: 2020/06/08 17:54,,"過去房市景氣好的時候，小套房投報率可達7~8%，也因此成為不少投資客下手目標，位在台北萬華區康定路上的小豪宅，就是將在原址經營30年的飯店，改建成坪數約16~55坪飯店式精品住宅，預售單坪開價甚至超過75萬元，孰料現在淪為投資客慘賠套牢物件，雖然最近傳出有網紅以破千萬元的總價購入一間套房，但仍有屋主以慘賠近200萬元的價格脫手。
 
根據一名萬華當地的房仲業者透露，該社區屋齡5年、戶數達687戶，內部多以套房房型為主，當時大多為投資客買來置產投資用，然而因為戶數多，出入人口就相當複雜，讓投資客想轉手變現，「光我們公司萬華分店就接了30多間該案的屋主委託。」

不過由於當時入手價格可達7字頭，根據《樂居網》統計，近一年平均成交價僅為每坪61.05萬元，使不少投資客慘被套在最高點，賠200~300萬元的狀況都屢見不鮮。
 
《蘋果新聞網》實際查詢實價登錄資訊，該社區近一年來共有26筆成交，裡面就包含了14筆的套房物件交易，總價約落在850~1250萬元不等，每筆交易都是第二手、甚至第三手，而14件中竟然就有11件為賠售，金額則是從17~197萬元不等，當中僅有一件為平轉、不賠不賺；至於剩下的2個賺錢脫手物件，則分別漲了30萬元、82萬元後售出，但可以發現這2件交易應屬特例，社區轉手行情相較第一手屋主的購入價，還是以賠售為大宗。
 
不僅如此，該名萬華當地仲介更透露，網紅YouTuber愛莉莎莎日前公開自己以千萬元的價格在台北市買下一間10多坪套房的物件，根據影片中視野可看到的市容、房型、價格等因素來推斷，其實就是在康定路小豪宅社區。
 
而愛莉莎莎在影片中曾透露自己貸款800萬元，若根據貸款7~8成計算，總價約會落在1000~1200萬元之間，加上該物件的權狀坪數17坪左右，若扣掉公設等部份，也差不多是10坪左右，相當有可能是在去年11月時分別以1180萬元成交的16樓戶，或是以1030萬元成交的18樓戶；記者實際與愛莉莎莎聯繫訊問，不過經紀人則代為轉達，表示關於買房還有地點的決定都是比較私人的人生規劃，不方便對此做出任何回應。
 
台灣房屋智庫經理陳炳辰指出，該社區戶數多達687戶，位置在南萬華，居住氛圍稍複雜，周邊住宅老舊，目前單坪行情約在60萬，仍高出在地行情1~2成，但更早購置者多有買到7字頭的高點，恐難再覓得高價承接的下一手買方，若不賠售，只能再待有緣人。
 
陳炳辰說明，購置該社區多打算置產出租，然而當地既無高價支撐利多，社區租金行情也比周邊高出3~4成，此處與新北市三重區也不遠，走出台北市的租金更為便宜，都難受租屋族群青睞的因素，自然不易再令出租置產客承接，社區窘況都添雪上加霜。
 
陳炳辰建議，不乏民眾見低總小宅好入手，進而搶進，然而這類物件也多有戶數多、居住分子複雜，房價支撐力道弱，特別是如果區域位置有太多同類競品，不論想置產出租、轉手賺價差，價格都會受區域市場考驗，應仍回歸區域行情為考量，勿購置價格落差過大的物件。（陳昱均／台中報導）
網紅愛莉莎莎在自己YouTube公開自己新買的千萬小宅。截自YouTube/愛莉莎莎Alisasa
買房
套房
網紅
YouTuber
愛莉莎莎
台北
萬華",0
5,apple_news,台北俗須知　羅東夜市掃街無雷吃法,https://tw.appledaily.com/supplement/20190803/FCFEPDHVGEHSPT4QLCF55QXMAQ/,出版時間: 2019/08/03 20:24,,"到宜蘭玩必逛羅東夜市，不僅嚐得到紅遍全台的包心粉圓，知名傳統美食一串心，也是超人氣地方小吃。YouTuber 愛莉莎莎在土生土長宜蘭人帶領下，初次踩踏羅東夜市，想當然爾，國宴名菜糕渣、口感激似鹹酥雞的卜肉，怎能不列在口袋名單，無雷攻略台北俗不得不知。
 
本新聞文字、照片、影片專供蘋果《好蘋友》壹會員閱覽，版權所有，禁止任何媒體、社群網站、論壇，在紙本或網路部分引用、改寫、轉貼分享，違者必究。
 
一行人首先踩點龍鳳腿，乍看之下是雞腿捲，內餡則和春捲相近，特別的是外面多了層「豬腸膜」，配上店家特製辣椒醬，吃起來鹹香帶勁。義豐蔥油餅的蔥味撲鼻，不加蛋另有一番風味，被封為「蔥油餅界的王」。Q彈杏仁凍外觀像極了Nu Bra，口味清爽不甜膩，適合當作飯後甜點。
 
影片一出，網友紛紛留言表示，「宜蘭人報到！那個龍鳳腿真的超級好吃」、「糕渣要吃夜市裡的那間比較讚，但是都要排很久」、「去宜蘭一定要吃糕渣卜肉，上禮拜特地為了這兩個東西衝宜蘭」、「宜蘭蔥油餅的地位是難以被取代的」。（影創中心／綜合報導）

※影片經「愛莉莎莎 Alisasa」授權播出，非經同意請勿轉載
※好片，要讓全世界看見。
搞笑自拍、唱歌跳舞、感人故事、開箱體驗、新知分享甚至商業廣告毫不設限，只要好玩，放馬過來，全台最大流量新聞網站《蘋果》就是你的舞台。
投稿影音作品請寄《蘋果》影創中心picshow@appledaily.com.tw

※影創作品　盡在蘋果台
到宜蘭玩，必逛羅東夜市大嗑道地美食。
龍鳳腿外層的豬腸膜，經過油炸皮薄酥脆。
義豐蔥油餅名不虛傳，蔥味撲鼻而且不油膩。
影片
愛莉莎莎
羅東夜市",0
6,apple_news,瑞士物價有多狂　帶媽媽玩7天噴掉17萬,https://tw.appledaily.com/supplement/20190718/ICWSGHDZLMJ2W7TOXDBGWBXGXA/,出版時間: 2019/07/18 23:50,,"想到歐洲旅遊嗎？「世界花園」瑞士的消費水平首屈一指，是世界最富有的國家，拿一個麥當勞大麥克相比，美國售價為5.2美金（約152台幣）、台灣79元，瑞士則要價7.5法郎（約221台幣），想飽餐一頓700塊跑不掉。YouTuber愛莉莎莎帶著媽媽，到瑞士遊玩7天6夜，實測當地一周正常消費究竟會花多少錢。
 
本新聞文字、照片、影片專供蘋果《好蘋友》壹會員閱覽，版權所有，禁止任何媒體、社群網站、論壇，在紙本或網路部分引用、改寫、轉貼分享，違者必究。
 
既然大老遠從台灣抵達瑞士，莎莎選擇的Hotel全是高評價，經濟實惠的雙人房型約莫台幣3000元上下，景觀或地理位置好一點，價格則會抬升到6000至12000元，還得額外支付稅金（City tax）。因為住得貴、吃得也貴，某些票券先在台灣以早鳥優惠價格購買，或是早餐盡可能吃飽一些再出門，多少可以省下一筆經費。

「歐洲屋脊」少女峰上的食物更是貴得嚇人，一碗辛拉麵在韓國只需30元台幣，到了這裡直接漲成260元，就算是自己帶泡麵上山，熱水也要150元，超市微波便當價格則是250元左右，不管吃什麼都很貴。

7天6夜，兩人在沒有特別節省，也沒有特別奢侈的情況下，整趟旅程花費金額為：機票50000元、住宿35000元，搭火車、纜車等交通費68000元，食物粗估12000元，加總起來17萬台幣，儘管荷包瘦了一圈，花費還在莎莎的預估範圍內。

瑞士物價高到爆表，網友看了大呼「那個價錢數目一直跳出來，好可怕」、「在瑞士減肥應該會非常的成功呢」、「我以為美國東部消費已經很高了......果然一山還有一山高」、「瑞士人如果去別的國家玩一定很爽」，但是也有人認為「乍看17萬很貴，不過是2個人，住的也還不錯覺得其實可以接受耶」、「人間仙境，燒錢也值得」。（影創中心／綜合報導）

更新：修改內文

出版時間：1953
更新時間：2350

※影片經「愛莉莎莎 Alisasa」授權播出，非經同意請勿轉載
※好片，要讓全世界看見。
搞笑自拍、唱歌跳舞、感人故事、開箱體驗、新知分享甚至商業廣告毫不設限，只要好玩，放馬過來，全台最大流量新聞網站《蘋果》就是你的舞臺。
投稿影音作品請寄《蘋果》影創中心picshow@appledaily.com.tw

※影創作品　盡在蘋果台
 帶著媽媽到歐洲瑞士旅遊一周，YouTuber 愛莉莎莎狂噴17萬。
少女峰上的物價更是不得了，一碗辛拉麵得花台幣260元，（韓國只要30元）。
自己帶泡麵上山，熱水也要150元喔。
影創
愛莉莎莎 Alisasa
瑞士
高消費國家",0
7,apple_news,「歐洲最美車站」神級青旅　一晚700走13秒就到,https://tw.appledaily.com/supplement/20190519/VMODLDUVNIHQH537CGRVBDPWFQ/,出版時間: 2019/05/19 20:22,,"位於葡萄牙的聖本篤車站（Sao Bento Railway Station），是全世界最美車站之一，牆面由兩萬片藍彩瓷磚拼貼而成，洋溢希臘與羅馬風情，據傳J.K.羅琳著作《哈利波特》裡的「王十字車站」就是以這裡為發想。日前YouTuber艾莉莎莎到此造訪，住進車站樓上一間神級青旅，一晚1千台幣有找，而且路程只要13秒。
 
本新聞文字、照片、影片專供蘋果《好蘋友》壹會員閱覽，版權所有，禁止任何媒體、社群網站、論壇，在紙本或網路部分引用、改寫、轉貼分享，違者必究。

面對車站大門右轉，即是名列全球10大青旅的The Passenger Hostel，進入一樓交誼廳，月台更是直接映入眼簾。前身是修道院改建，每間房門皆又高又長，青旅融合復古及現代，衛浴設備則乾淨又高級。一路走上閣樓，愛莉莎莎「住在博物館裡」的感受又更深了，不禁連喊好幾句：「這是Hostel？」一晚700元台幣的價格，看來想要敗家出國度假，好像又多了個理由呢。（影創中心／綜合報導）

更新：修改內文

出版時間：1423
更新時間：2022

※影片經「愛莉莎莎Alisasa」授權播出，非經同意請勿轉載
※好片，要讓全世界看見。
搞笑自拍、唱歌跳舞、感人故事、開箱體驗、新知分享甚至商業廣告毫不設限，只要好玩，放馬過來，全台最大流量新聞網站《蘋果》就是你的舞台。
投稿影音作品請寄《蘋果》影創中心picshow@appledaily.com.tw

※影創作品　盡在愛播網

【小編推推，你會想看】
●老人版迪士尼　阿伯羞曝萬華日常：摸摸仔奶
●港人下飛機喊「趕酒店」　司機笑虧：體力很好
 葡萄牙聖本篤車站（Sao Bento Railway Station）被喻為電影《哈利波特》的重要靈感來源。
車站樓上有間The Passenger Hotel，大廳落地窗恰巧對準月台。
走上閣樓公共空間竟有吊床可躺，一晚700元台幣的售價，真的佛到哭出來。
影創
愛莉莎莎
聖本篤車站
青旅",0
8,apple_news,【酥麻片】韓國人最愛8種啃咬聲　聽了秒起反應,https://tw.appledaily.com/life/20190426/STDGQY3767HT5DRWHW37Q7QMEQ/,出版時間: 2019/04/26 11:20,,"聽到咀嚼、低語等某個特定聲音，有些人會感到放鬆，甚至渾身起雞皮疙瘩，這種現象稱作ASMR（自發性顱內高潮反應），網紅也將其視為影片題材，在吃播時收錄吞嚥或啃咬這類細密的聲音，引發觀眾生理上的愉悅感，韓國知名藝人IU、孔劉也曾拍過相關廣告，國內外興起一股ASMR熱潮。
 
本新聞文字、照片、影片專供蘋果《好蘋友》壹會員閱覽，版權所有，禁止任何媒體、社群網站、論壇，在紙本或網路部分引用、改寫、轉貼分享，違者必究。
 
「我覺得韓國人是全世界最喜歡ASMR的民族。」參考當地人在網路上的票選，YouTuber愛莉莎莎準備8種食物，分別為蜂巢、甘蔗、糖葫蘆、海葡萄、炸雞、爆爆珠、和ASMR影片中常見的琥珀糖，由於台灣買不到土耳其棉花糖，愛莉莎莎改以龍鬚糖代替。
 
上述食物的共通點，都是咬下時會發出清脆的聲音，或許部分人聽了無感，但ASMR的中毒者卻會有舒服，達到助眠的效果，網友也說「我每次睡不著的時候一定會找ASMR，不誇張，5分鐘內直接睡著﻿」、「我聽到魔鬼沾撕開的聲音會覺得心臟很癢」、「不知道為啥我看了好餓」。（影創中心／綜合報導）

※影片經「愛莉莎莎Alisasa」授權播出，非經同意請勿轉載
※好片，要讓全世界看見。
搞笑自拍、唱歌跳舞、感人故事、開箱體驗、新知分享甚至商業廣告毫不設限，只要好玩，放馬過來，全台最大流量新聞網站《蘋果》就是你的舞台。
投稿影音作品請寄《蘋果》影創中心picshow@appledaily.com.tw

※影創作品　盡在愛播網

【小編推推，你會想看】
●【扯片】李鴻章買艦不練　課金賠掉2.5萬人命
●【怒片】捷運拉環健身用　魔人逞私慾超欠揍
別把海葡萄誤認成某種葡萄～重點是咬下它會發出清脆的咀嚼聲。
一指在APP內訂閱《蘋果新聞網》按此了解更多

最熱獨家、最強內幕、最爆八卦
訂閱《蘋果》4大新聞信　完全免費

影創
愛莉莎莎
ASMR",0
9,apple_news,2019韓系穿搭8重點　關鍵二字瞬間歐逆,https://tw.appledaily.com/life/20190226/J5T3MQKBPG7THCKG5AUEB4NG3Y/,出版時間: 2019/02/26 11:18,,"台灣穿衣風格多元，除了歐美與日系等派別，韓系路線也深受不少喜愛，曾在韓國留學的YouTuber愛莉莎莎，點出2019穿搭就是「高領」，大推8款韓妞daily look的穿搭單品，激起網友一片熱議。
 
8款韓妞穿搭單品：

1．高領大學T，採用落肩款設計，營造休閒感，再加上小字樣造型，增添衣服的活潑度。

2．三角錐毛帽，相較於經典的圓弧形毛帽，上方堅挺的設計更顯個性，也因覆蓋頭髮的面積小，甚至有種瘦小臉的錯覺。

3．高領緊身的針織衫，搭配短版的西裝外套，不僅顯瘦又有氣質。

4．白色素面T，輕薄設計相較針織衫隨性，搭配較鮮艷的下身，中和搶眼度。

5．垂墜感襯衫，微啷的雪紡輕盈設計，配上春天的馬卡龍色與天藍色，浮現出OL的性感。

6．毛衣背心，可以選擇搭配襯衫，毛衣肩膀些微超出肩線，還能增添搭配變化性。

7．毛毛的高領大學T，給人種「毛茸茸的小動物」激發男性保護欲。

8．高領運動套裝，主打懶人的休閒款，不僅穿得舒適，還有種「低調的時尚感」。

只能說女人的衣櫥，永遠少了一件單品啊。（影創中心／綜合報導）

★影片經「愛莉莎莎Alisasa」授權使用，非經同意請勿轉載
※好片，要讓全世界看見。
搞笑自拍、唱歌跳舞、感人故事、開箱體驗、新知分享甚至商業廣告毫不設限，只要好玩，放馬過來，全台最大流量新聞網站《蘋果》就是你的舞台。
投稿影音作品請寄《蘋果》影創中心picshow@appledaily.com.tw

※影創作品　盡在愛播網

【小編推推，你會想看】
●【糗片】網紅給餐廳負評　當場被認出
●不能跟情人說的話！這句比「反正講了沒用」更夭壽
想走韓系路線的照過來！YouTuber愛莉莎莎推薦8款經典單品，一秒穿出韓妞風格。
相較於前幾年oversize的襯衫風格，2019流行充滿垂墜感的馬卡龍色襯衫，穿出OL的微性感。
若想在襯衫之外，加上毛衣增加造型感，可以微微超出肩線，提升整體的變化。
影創
愛莉莎莎
韓妞
穿搭
韓系單品
春秋
高領
日常打扮",0
10,apple_news,講虧妹、乾我屁事已顯老　10大流行語中學生超愛,https://tw.appledaily.com/life/20190126/AXSOT5EXANPYKPVYPF2M5I6CWI/,出版時間: 2019/01/26 08:44,,"你有中二靈魂嗎？YouTuber愛莉莎莎繼上集介紹高中生常用語，驚翻不少老靈魂後，再邀好友阿圓解密中學生的流行語錄，噴哭不少網友「我感受到代溝了」。
 
除了基本款的穩單（穩定單身）、不U（不優質）與吉（告）之外，因應時事而起的「你丁守中喔」、「Wait wait wait不對欸」，都榮登愛用語的前10名；但最讓兩人無法理解的就是「汁妹」，延伸汁男概念，就是年輕版的「虧妹」說法，不禁讓阿圓笑稱「小姐給不給虧，已經太老氣了」；最後來到訊息用語，更讓兩人崩潰不已，直呼「完全GET不到」，如「郭」代表「乾我屁事」、「旋轉」表示不要周旋反覆，或是借故推託、「塑膠」則是指沒有價值的意思，所以「你不要塑膠我（不要不讀不回）」，根本無關整形。（影創中心／綜合報導）

★影片經「愛莉莎莎Alisasa」授權使用，非經同意請勿轉載
※好片，要讓全世界看見。
搞笑自拍、唱歌跳舞、感人故事、開箱體驗、新知分享甚至商業廣告毫不設限，只要好玩，放馬過來，全台最大流量新聞網站《蘋果》就是你的舞台。
投稿影音作品請寄《蘋果》影創中心picshow@appledaily.com.tw

※影創作品　盡在愛播網

【小編推推，你會想看】
●【開箱片】網友製核彈級屁罐　臭味嗆鼻還有餘溫
●E級棒深溝　海派甜心雪乳一半掛外面
中二魂站出來！要想裝年輕，就要先搞懂10大國中生愛用語。
經歷10個中學生的流行語錄之後，兩人才明白代溝的嚴重，崩潰直呼「完全GET不到」。
一指在APP內訂閱《蘋果新聞網》按此了解更多

最熱獨家、最強內幕、最爆八卦
訂閱《蘋果》4大新聞信　完全免費

影創
愛莉莎莎
國中生
常用語
流行
塑膠
郭
代溝",0
11,apple_news,假抱怨真炫耀愛當伸手牌　6大討厭元素網友淚推,https://tw.appledaily.com/life/20181123/FXMRXBCUQKDYO7YMK37Q3U6KD4/,出版時間: 2018/11/23 18:45,,"這年頭流行各種撩人招術，但如果本身就招人厭，無論使出任何解術，還是擺脫不了邊緣人的命運；YouTuber愛莉莎莎以自身例子，列出6大讓人討厭的元素，讓不少網友淚推太中肯。
 
要想自己為何沒朋友，首先要先審視自身行為，若老愛當「伸手牌」，總是向朋友討要東西「欸可不可以給我吃一口」、「我忘記帶錢，你可以先借我嗎」、「筆記能不能借我」，又總有理由推遲回饋，到了學期末，朋友自然如恐怖片般消失，愛莉莎莎自白曾經也愛蹭踏食物，直到發現友人眼神怪異，才開始檢討自己，是否該做些回饋，才顯得禮貌。
 
另外，還有些人只關注自己的話題，根本無法專注聆聽他人的話，或經常不使用大腦思考，馬上回覆的句點王與罐頭王，容易讓對方產生「你根本不關心我」的誤解，成為一場無意義的溝通；同樣觀感不佳的還有「黑色力量人」，總是喜歡向人抱怨，讓人備受壓力，所以愛莉莎莎建議，若真想抱怨，可以換個包裝方法，才不會散發過多的負能量，嚇跑朋友。
 
遇到好事情，當然想與別人分享，但愛莉莎莎提醒，若是過度刻意，反倒惹人厭，再加上以一種「假抱怨真炫耀」的形式，「好煩喔，剛才學長摸我的頭，把我頭髮弄亂了啦」更讓人白眼翻到外太空，還不如直接炫耀還比較直接；還有些人是「有異性沒人性」，世界中心彷彿以對方圍繞，無論何時硬要帶上另一半赴約，若對方又無法融入話題，場面反倒尷尬，讓氣氛降至零度，還有些人不准對方與姊妹聊天，或是一來就擺臭臉，讓愛莉莎莎崩潰直呼「那幹嘛帶他來，尷尬到極點，下次再也不要約這種人了」。
 
愛莉莎莎提到，沒有人天生EQ100分，只要多些正面思想，就能好好生活在地球上，精闢的分析，讓不少網友紛紛留言「講這六種，妳白眼翻了六次XD」、「討厭那種上一秒說壞話，下一秒又跑去跟那個人玩的很開心」、「欸借我吃一口，欸那個也借我吃一口，午餐錢就省下來了」、「發燒第一，可能是太多邊緣人想了解被排擠的原因」、「借錢不還真的很顧人怨」、「我都沒中槍，但就是沒朋友，金牌邊緣人﻿」。（影創中心／綜合報導）

※本片由「愛莉莎莎 Alisasa」授權播出，未經許可禁止轉載
※好片，要讓全世界看見。
搞笑自拍、唱歌跳舞、感人故事、開箱體驗、新知分享甚至商業廣告毫不設限，只要好玩，放馬過來，全台最大流量新聞網站《蘋果》就是你的舞台。
投稿影音作品請寄《蘋果》影創中心
picshow@appledaily.com.tw

※影創作品　盡在愛播網

【小編推薦，大家都在看】
●空姐飛阿拉伯險失身　當地服務生反控：是妳誘惑我
●兩男大尬超廢冷笑話　網友歪樓「嗅出滿滿腐味」
想要逃脫邊緣人的命運嗎？YouTuber愛莉莎莎以自身經驗，分析6種容易讓人討厭的元素，讓網友淚推超中肯。
不少人喜歡當伸手牌，總是向朋友討要東西，又不常反饋，經常到了學期末，朋友彷彿恐怖片般消失。
愛莉莎莎認為，每個人都喜歡分享炫耀，但若是太過刻意，或是常以抱怨的方式炫耀，反而招人豔。
影創
愛莉莎莎 Alisasa
邊緣人
特徵
伸手牌
有異性沒人性
句點王
罐頭王
假抱怨真炫耀
朋友
絕交；",0
12,apple_news,韓高校服曲線全都露　甜妹試穿網友跪著看完,https://tw.appledaily.com/skipped-tw/20181015/5H6ZAQKBFCJXWRMTOTXSEG3YZE/,2018/10/15 20:00,,"向世界徵片　你來！把我的錢拿去

台灣高校制服穿起來，往往給人水桶腰、掛窗簾的醜陋感，讓許多女孩往往只能羨慕韓劇中，各個穿著「水噹噹」制服的高校生。YouTuber愛莉莎莎趁著到韓國一遊，跑到梨大商圈興奮試穿韓國排名前3的超正制服，也順道揭露台灣制服「不能說的秘密」。

愛莉莎莎前後試了3套制服，而這些高中制服各具不同特色，除了基本款的毛織衫，襯著領口大蝴蝶結，首爾公演藝術高中的芥末黃雙排扣外套，更讓人有韓團「少女時代 （Girl's Generation）」的錯覺，Lila藝術高中的制服，盡露身材曲線倒滿足不少男性的口味，水手服搭配過略緊繃的腰身，讓愛莉莎莎一個歪樓，出現謎片情節的遐想，愛莉莎莎也穿著租來的制服，到樂天世界遊樂園（Lotte World）體驗一日韓國女高校生，直呼「彌補了我以前高中時，沒有好好穿漂亮制服的缺憾」。
 
回到台灣後，愛莉莎莎拿著韓國制服的定裝照，在路上隨意街訪高中生對台灣制服的看法，絕大多數得到答案都是「會想跟進韓國」、「很漂亮，很有氣質」，且認為「台灣的制服都很醜」，問道「會不會想要有腰身制服」，高中生更立即給予肯定的「會」，就連男高中生看到韓國制服，也傻笑坦言「應該會（希望女生穿這樣）吧」。
 
最後，愛莉莎莎總結兩國的制服差異，認為台灣制服多半忽略腰身、裙襬長短及領結搭配等設計，這些相較之下較保守的制服文化，可能是「台灣家長希望小孩去學校能認真讀書」、「不是去搞一些有的沒的」，但在日、韓高中生成績未必因亮麗服裝，導致喪失競爭力，認為「美感這種東西是要從小培養」，也坦言欣賞他國優點並非就是崇洋媚外，因為「真正的愛台灣不是一直說台灣最好，而是讓台灣不好的地方有所改進」。

網友看完影片，紛紛蓋樓留言，「感覺可以回去當戰袍」、「影片看一半......大叔我癡漢模式快上升了」、「突然有點想說…求番号」、「這集我跪著看完」、「台灣制服的特色就是白色很透的布料」。（影創中心／綜合報導）

★影片經「愛莉莎莎Alisasa」授權播出，非經同意請勿轉載
※好片，要讓全世界看見。
搞笑自拍、唱歌跳舞、感人故事、開箱體驗、新知分享甚至商業廣告毫不設限，只要好玩，放馬過來，全台最大流量新聞網站《蘋果》就是你的舞台。
投稿影音作品請寄《蘋果》影創中心picshow@appledaily.com.tw

※影創作品　盡在愛播網

【小編推推，你會想看】
●【你敢信】日本秘傳運動7天激縮7cm　實測結果真「腰瘦」
●6歲女童離家出走　「她很生氣」不讓警打給娘
 不少人對日韓制服都讚「設計超好看」，網紅愛莉莎莎親身試穿，體驗當一日的韓國女高校生。
翰林女子高中制服設計將鈕扣打至領口，搭配紅藍條紋的蝴蝶結，讓愛莉莎莎大呼「好像空姐」。
影創
愛莉莎莎
韓國
高中生
制服",0
13,apple_news,總被女孩已讀不回？甜妹教必勝話題全靠它,https://tw.appledaily.com/life/20180824/UJHKB6NXZ556HSL76DLK6MV3BM/,出版時間: 2018/08/24 19:25,,"向世界徵片　你來！把我的錢拿去

使用通訊軟體，常被對方「已讀不回」嗎？常分析男女關係的網紅「愛莉莎莎Alisasa」說，別以為是長相關係，其實是聊天方式出了錯。
 
愛莉莎莎整理三種絕對NG的聊天方式，像是「失敗的開場白」，恐怕已成為眾人直接婉拒的理由，用「Hi、哈囉」作為開頭，只會讓對方不知所云，即便對象是帥哥，也只會覺得「這人是不是下面癢了」，問「你在幹嘛」，好像比無謂的打招呼好上一些，但這種擺明把話題丟給他人開的方法，仍凶多吉少，而自以為有禮貌的「我可以問你一個問題嗎?」其實也會讓人質疑「你又不說問什麼，我怎麼知道給不給問」。
 
愛莉莎莎也提到，女生有時會選擇已讀，是因為對方「沒重點的瞎聊」，即便「旅遊、美食、電影」這三者能成為「不敗話題」，卻因為太過廣泛，而無法成為「必勝話題」，因此建議想貼近對方生活，不如就從IG裡的「限時動態」下手，除了話題能更具體，也能在對方情緒低落，適時見縫插針。
 
而「我可以跟你約會嗎」、「今晚想不想來場激烈的戰爭」這種過度露骨的字眼，只會讓女生覺得「這個人好恐怖」，即便女方不排斥炮友關係，但根據愛莉莎莎看身邊朋友的經驗，會成為砲友多半是建立在「有好感」、「有喜歡但不確定在一起」的關係上，太過直白的邀約，只會讓人反感。

最後愛莉莎莎也提醒，男女間的互動，有如「丟球」般一來一往，可以等到對方接到球後，情感上的交流再一點一滴疊加上去，兩人關係才能更加地細水長流。（影創中心／綜合報導）

★影片經「愛莉莎莎Alisasa」授權使用，非經同意請勿轉載
※好片，要讓全世界看見。
搞笑自拍、唱歌跳舞、感人故事、開箱體驗、新知分享甚至商業廣告毫不設限，只要好玩，放馬過來，全台最大流量新聞網站《蘋果》就是你的舞台。
投稿影音作品請寄《蘋果》影創中心picshow@appledaily.com.tw

※影創作品　盡在愛播網

【小編推推，你會想看】
●到男友家同居好嗎？她最怕有人「敲門」突襲
●有機不代表零農藥　想省錢就買包皮蔬果
 網紅「愛莉莎莎Alisasa」以自己及身邊朋友的觀點出發，列出3種讓人「已讀不回」的地雷聊天方式。
用「Hi、你好、Hello」等方式開頭，不僅讓人沒有想回下去的動力，更令對方覺得超級不知所云。
「沒重點的瞎聊」以及「意圖太過明顯」同樣列入地雷話題，這些只會讓女生看到訊息職翻白眼。
影創
愛莉莎莎
通訊軟體
已讀不回
地雷",0
14,apple_news,自嘲交往沒兩年就分手　甜妹取經戀愛延長術,https://tw.appledaily.com/life/20180809/J77RUHZ2XQCSJ4Q4YNHOMCO4Y4/,出版時間: 2018/08/09 20:09,,"（修改內文）

速食愛情崛起，某些男女一對上眼就勾動天雷地火，吵架也常把分手掛嘴邊，但如此的感情模式來匆匆、去也匆匆，想和對方共度下半輩子，多半還是得靠長時間磨合。
 
常分享戀愛聖經的YouTuber愛莉莎莎，此次不傳授吸引力法則，反倒先自嘲從沒和一任男朋友交往超過兩年，究竟該如何和另一半細水長流？她找來三對模範情侶取經。第一對交往四年半的男女，相處秘訣在於接納彼此的興趣，約定就算吵架吵得再兇，也不能輕易說分手，待情緒冷卻之後，再拉拉對方衣角，看誰願意先低頭道歉，讓愛莉莎莎大呼「你們好可愛喔」。
 
另一對交往七年的情侶，因遠距離意外延長了兩人的熱戀期，並同樣認為擁有共同興趣、共同目標，是維繫感情的好方式；而交往三年多的YouTuber Couple，男方舉出體諒、包容、關心、釋放和懂得寬恕，女方則會製造新鮮感，讓另一半每天都有交新女朋友的感覺。
 
也許每對情侶長跑的秘訣各有不同，但愛莉莎莎發現「包容」卻是他們的共同點，回想從前總因為小事和男朋友吵架，更不願拉下面子先示好，也許彼此各退一步，就能海闊天空，讓一段感情走得更加長遠。

出版時間：１３００
更新時間：２００９
 
※本片由「愛莉莎莎 Alisasa」授權播出，未經許可禁止轉載
※好片，要讓全世界看見。
搞笑自拍、唱歌跳舞、感人故事、開箱體驗、新知分享甚至商業廣告毫不設限，只要好玩，放馬過來，全台最大流量新聞網站《蘋果》就是你的舞台。
投稿影音作品請寄《蘋果》影創中心
picshow@appledaily.com.tw

※影創作品　盡在愛播網

【小編推薦，大家都在看】
●88歲網紅阿嬤端私房炒飯　吐槽金孫「你最好命」
●員林人帶路夢幻三家　「巨滷外帶」你沒聽錯

 交往後如何克服過渡期？YouTuber愛莉莎莎找來三對模範情侶，取經他們感情長跑的秘訣。
除了相互包容、擁有共同興趣，一對交往四年半的男女，分享兩人吵架時，會先冷靜一小時不說話，再賴皮的看誰先願意道歉。
在一起三年多的情侶，女方會透過製造新鮮感，讓男朋友每天都有交新女朋友的感覺。
影創
愛莉莎莎
愛情
感情長跑",0
15,apple_news,台女求診花30萬印尼盾　巫醫指揮吞精氣摸奶,https://tw.appledaily.com/life/20180619/H5UEOMEBGVL3FR6J2VRMWD7RII/,出版時間: 2018/06/19 19:14,,"人在國外，若身體不適該怎麼辦？在峇里島誤食問題酪梨汁，而肚痛不已的YouTuber愛莉莎莎，從網路上搜尋了當地巫醫，想順道體驗傳統療法。
 
起初因溝通不良，司機並不曉得愛莉莎莎需要哪類型的醫生，看了手機隨意搜尋的資料後，還真的載著他們找到了本人，且是當地最有名的巫醫，只是醫療費偏貴，看診一次支付30萬印尼盾，約650台幣。
 
進到一處民房後，巫醫先是問了愛莉莎莎從哪來，了解病情後，請她在草蓆上躺下，一邊按壓腳底板與腳趾的接縫處，邊發出「歐歐歐」的驚呼聲，見愛莉莎莎痛苦得大叫，再如畫符咒般，以中指和小木棒來回比劃，意味驅除邪氣，再次按壓腳底相同部位時，竟然就不痛了。
 
起身後，巫醫請愛莉莎莎跟著指示，做出一連串的如某種儀式的動作，不僅摸臉又摸奶，還得對著空中作勢吞下精氣，超自然巫術雖看似無厘頭，一旁側錄的友人也被逗笑，但療程確實改善了愛莉莎莎的肚痛，讓她嘖嘖稱奇。（影創中心／綜合報導）

※本片由「愛莉莎莎 Alisasa」授權播出，未經許可禁止轉載
※好片，要讓全世界看見。
搞笑自拍、唱歌跳舞、感人故事、開箱體驗、新知分享甚至商業廣告毫不設限，只要好玩，放馬過來，全台最大流量新聞網站《蘋果》就是你的舞台。
投稿影音作品請寄《蘋果》影創中心picshow@appledaily.com.tw
 
※影創作品　盡在愛播網

【小編推薦，大家都在看】
●【零香火】台北寺院成打卡聖地　建築構想僅6字
●【套路片】男被撞氣噗噗索賠　女神救援秒硬起來
 Youtuber愛莉莎莎在峇里島旅遊時，因肚痛求診當地傳統巫醫。
巫醫按壓完腳趾，拿著木棒對愛莉莎莎的身軀比劃一番，還要她依照指示做動作。
愛莉莎莎依照巫醫指示吞下精氣。
影創
愛莉莎莎
峇里島
巫醫",0
16,apple_news,【求低調】士林人大推5家隱藏版　內行的才沒在排隊,https://tw.appledaily.com/supplement/20180423/J55JYXXEHXFHA5JNMKPXC7W4YA/,出版時間: 2018/04/23 16:37,,"向世界徵片　你來！把我的錢拿去

士林夜市不只台灣人愛逛，更是外國人必去的景點，但琳瑯滿目的美食，哪道才是正港的台灣味？Youtuber「愛莉莎莎｣分享在地人推薦，不用排隊的5樣必吃美食。
 
●正宗嘉義火雞肉飯
這家位在大南路上的火雞肉飯，來吃的大多是本土台灣人，道地的南部口味，淋上香氣十足的雞油和油蔥，粒粒分明的白飯顯得油亮亮，雞絲更有別於一般，店家採用有厚度，且口感紮實的火雞肉片，另外軟嫩的豬皮，也是愛莉莎莎大推的小吃之一。
 
●家湘涼麵
除了涼麵，表皮炸得金黃的臭豆腐，也是必點的人氣菜單，外酥內軟的口感，搭配清爽解膩的台式泡菜，才是內行人吃法，而且美味關鍵還有一點，就是臭豆腐一定得「夠臭」。
 
●忠誠號蚵仔煎
忠誠號是士林著名的老字號，菜單多元到從湯品、炸物到小炒都一應具全，貼心的菜單還附有日文、英文翻譯，方便各國遊客點餐，其中招牌的蚵仔煎口感焦脆，甜稠適中的醬汁，替餐點加分許多。愛莉莎莎也小聲推薦，店內的燙青菜滋味更勝蚵仔煎，清脆爽口又不油膩。
 
●阿亮麵線
在地人必推的士林廟口美食，已有42年歷史，麵線口感十足不軟爛，大腸也十分有嚼勁，愛莎莉莉表示，這家與阿宗麵線的口味相似，而其最特別的是點完餐後，大家會端著麵線至後方廟口享用，是種特別的景象。
 
●墾丁牧場炸鮮奶
嗑完正餐，怎能不來份飯後甜點？將鮮奶和玉米粉拌勻後切成塊狀，再裹上蛋液與麵粉下鍋油炸，是夜市人氣小吃「炸鮮奶」的製作方法，燒呼呼的鮮奶在嘴裡爆開，口感與卡士達有些雷同。

（影創中心／綜合報導）

※本片由「愛莉莎莎 Alisasa」授權播出，未經許可禁止轉載
※好片，要讓全世界看見。
搞笑自拍、唱歌跳舞、感人故事、開箱體驗、新知分享甚至商業廣告毫不設限，只要好玩，放馬過來，全台最大流量新聞網站《蘋果》就是你的舞台。
投稿影音作品請寄《蘋果》影創中心picshow@appledaily.com.tw

※影創作品　盡在愛播網
 
5/2起，下載《台灣蘋果日報》APP成為好蘋友
再推薦分享5位親朋好友、知己閨蜜
立即享有7-11百元電子商品卡
還有機會抽中10萬元現金大獎以及世足決賽門票
 
【小編推薦，大家都在看】
●唱K最恨朋友跟麥克風喇舌　這6訣竅送他們
●【旁白哥抓漏】小布星爵脫衣舞換現金　恁姊仔P圖賽貂蟬
Youtuber「愛莉莎莎｣避開士林夜市的排隊人潮，分享在地人推薦的美味小吃。
擁有42年歷史的阿亮麵線，因為店家沒有提供座位，大家通常會端至後方的廟口享用，景象有趣。
外皮酥脆的炸鮮奶，大口咬下後溫熱的內餡在嘴裡爆開，有如卡士達般滑順濃郁。
影創
愛莉莎莎
士林夜市",0
17,apple_news,宅男就愛荷葉領+系服？台灣男5造型解個性,https://tw.appledaily.com/supplement/20180411/YFG6BNKIBMQN2N5F3TTICLSI4A/,出版時間: 2018/04/11 19:19,," 向世界徵片　你來！把我的錢拿去
 
韓國歐巴善於打扮，各種穿搭術都讓女孩們賞心悅目，不過在韓國留學半年的Youtuber愛莉莎莎，認為台灣男生的穿搭，也有自己的風格魅力，這次要來對外大聲放送，5種台灣獨有的男孩穿搭Style。

●8+9台客風：北部多出現在新北市的三重、新莊與土城地帶，通常不戴眼鏡，身上有大面積的龍鳳等刺青，標準的鐵漢柔情個性，而且或多或少受到陣頭文化影響，對朋友比較有義氣。

●清交我最型：穿衣多選擇有荷葉般領口的系服，這類男孩頭髮造型略短，避免阻礙視線，且必備粗框眼鏡，可能是專注於讀書，不追求外表的穿著，但女生們別太快放棄，因為他們可能是潛在的績優股。

●文青型男：對於穿搭有強烈堅持，衣服需樸素簡單，顏色一定非黑即白，不過別看他們一張厭世臉，愛莉莎莎分析，這類男孩通常都很有才，會以音樂與藝術等創作，來表達對庸俗世界的不滿。

●陽光ABC：這類男孩很好辨別，就是穿著有國際品牌的素T-shirt，再搭個牛仔褲，搭配有型的運動鞋，即便穿著簡單，但這類男孩通常有著健美身材，掛上陽光般笑容，也能讓眾多女性為之瘋狂。

●潮到出水型：身為潮男，穿搭絕對是非名牌不穿，鞋子雖是簡單造型，但卻是打著燈籠也找不到的特殊款，通常這類男孩，不是玩滑板就是喜歡玩嘻哈，魅力值滿點。

（影創中心／綜合報導）
 
★影片經愛莉莎莎授權使用，非經同意請勿轉載
※好片，要讓全世界看見。
搞笑自拍、唱歌跳舞、感人故事、開箱體驗、新知分享甚至商業廣告毫不設限，只要好玩，放馬過來，全台最大流量新聞網站《蘋果》就是你的舞台。
投稿影音作品請寄《蘋果》影創中心picshow@appledaily.com.tw

※影創作品　盡在愛播網

【小編推薦，大家都在看】
●【人醜性騷擾】帥哥饒舌連撩3妹　他照學慘收白眼
●【愛の障礙賽】女上男下衝刺　吞水又吃土
 不用遠赴韓國找歐巴，台灣男人也有自己的穿搭風格。
龍鳳刺青是必備標記，但別看一臉兇狠樣，其實他們很重朋友講義氣。
因為專注於課業或事業，所以造型不修邊幅，但他們可能是潛在的績優股。
影創
愛莉莎莎
男人穿搭
台灣風格
多元",0
18,apple_news,吃出70萬訂閱 YouTuber 躍升達人,https://tw.appledaily.com/lifestyle/20180208/2Y5V6E2S7VQBECBA2BWRTM2EDU/,出版時間: 2018/02/08,,"社群媒體影響力爆發，「當YouTuber」已成為一種志向，YouTube官方表示，對特定領域專業性很強的創作者，開始躍升為「專業達人」的角色。像是主攻美食的「古娃娃WawaKu」，頻道常分享便利商店美食開箱等貼近生活主題，引發觀眾共鳴，活躍時間僅短短1年，訂閱頻道人數已破70萬；而分享檔車相關資訊的「十三恩13N」，訂閱人數雖然不到8.5萬、偏小眾，但觀看次數卻破1036萬，粉絲留言詢問度相當高。而影音串流平台上的原創節目，也吸引不少精準的特定族群觀看，像是愛奇藝的《中國有嘻哈》，觀眾多為19~24歲的男性。
報導╱唐子晴 圖片╱取自YouTube、業者提供
美國藝術家安迪沃荷在1968年的預言「在未來，每個人都能成名15分鐘」成真，現在全球步入社群媒體影響力爆發的時代，再普通的人都有躍升成名人的機會，在YouTube上一夕竄紅的YouTuber們便是最好的例子。專攻遊戲實況的英國YouTuber Daniel Middleton，旗下頻道「DanTDM」訂閱人數已破1700萬、影片總觀看次數已破120億，年僅26歲在去年靠著YouTube，賺進美金1650萬元，約5億台幣，成為去年最富有的YouTube創作者。
聚焦台灣，在2017年YouTuber百家爭鳴，超過10萬訂閱的台灣YouTube頻道已破200個，遊戲類佔30%為最多、生活雜記類則是20%位居第二，而音樂類佔13%排名第三，其他近4成的內容包羅萬象，例如美妝穿搭、美食、車子等。YouTube官方表示，正因平台內容相當多元，有越來越多人遇到問題時不只Google網頁資訊，會進一步透過YouTube尋求答案，獲得更直接具體，甚至更詳細的影音說明和示範，而這些專攻特定領域的創作者便成了名符其實的「專業達人」。
特定領域專業性強的YouTuber躍升達人角色，其中以「麥當勞的9種隱藏吃法」破170萬次瀏覽的美食類古娃娃WawaKu(左下)，以吃竄紅，訂閱頻道人數破70萬、觀看總次數達9215萬。 合成圖片
專業領域 粉絲黏著度提升
【達人YouTuber】
穿搭類╱Meg Lu
生活類 ╱Alan Channel/阿倫頻道
美妝類╱Celeste Wu大沛
社交類╱愛莉莎莎Alisasa
檔車類╱十三恩13N
《偶像練習生》女性觀眾佔6成9
拉攏愛打遊戲者 推「天堂」自製劇
【主題性原創作品】
愛奇藝《中國有嘻哈》
酷瞧《啾秘》
Netflix《主廚的餐桌》
【相關資訊】
頭條新聞",0
19,apple_news,【晉升片】YouTuber不泡沫　吃貨變達人1年集滿70萬訂閱,https://tw.appledaily.com/gadget/20180208/YOYSUDQ22P2Y7US5FA65E3RQRM/,出版時間: 2018/02/08 00:21,,"誰說YouTuber會泡沫化？美國藝術家安迪沃荷在1968年的預言「在未來，每個人都能成名15分鐘」成真，現在全球步入社群媒體影響力爆發的時代，再普通的人都有躍升成名人的機會，在YouTube上一夕竄紅的YouTuber們便是最好的例子。專攻遊戲實況的英國YouTuber Daniel Middleton，旗下頻道「DanTDM」訂閱人數已破1700萬、影片總觀看次數已破120億，年僅26歲在去年靠著YouTube，賺進1650萬元美金，約5億台幣，成為去年最富有的YouTube創作者。
 
聚焦台灣，在2017年YouTuber百家爭鳴，超過10萬訂閱的台灣YouTube頻道已破200個，遊戲類佔30%為最多、生活雜記類則是20%位居第二，而音樂類佔13%排名第三，其他近4成的內容包羅萬象，例如美妝穿搭、美食、車子等。YouTube官方表示，正因平台內容相當多元，有越來越多人遇到問題時不只Google網頁資訊，會進一步透過YouTube尋求答案，獲得更直接具體，甚至更詳細的影音說明和示範，而這些專攻特定領域的創作者便成了名符其實的「專業達人」。
 
官方進一步解釋，特定人群對專有議題關注度很高，例如年輕女生喜好美妝及穿搭、哈日族喜歡日本文化，這些人在主動搜尋瀏覽YouTube創作者的影片後，參考其分享的經驗、觀點與評論，過程中找到喜愛的創作者，黏著度隨之不斷提高後成為粉絲，這就是專攻特定領域的YouTuber，躍升成「達人」的過程。而這些YouTuber因為本身兼具「專家」的角色，對於特定領域甚至小眾族群，都具有專業性和說服力，因此製作的內容，更能影響觀眾的想法或偏好，形成「達人影響力」。
 
像是1年前開始活躍的YouTuber頻道「古娃娃WawaKu」，古娃娃現在就已成為「吃貨達人」，訂閱頻道人數破70萬、觀看總次數達9215萬，影片內容有各種美食評比、試吃和分享，還有每月固定主題便利商店美食開箱，以「貼近生活」取勝，成功引起觀眾共鳴和討論，每支影片下方的留言數幾乎都有500則以上，粉絲除了愛分享自己喜歡的美食外，也有人會建議古娃娃下次可以吃什麼，或製作哪個類型的美食。像是「麥當勞的9種隱藏吃法」，將再普通不過的食物創意吃出來，成為旗下美食類觀看次數最高的影片，已破170萬次瀏覽。而分享檔車相關資訊的「十三恩13N」，訂閱人數雖然不到8.5萬、偏小眾，但觀看次數卻破1003萬，粉絲留言詢問度相當高。（唐子晴／台北報導）
 古娃娃WawaKu，美食類YouTube頻道，近1年開始活躍，影片內容多為貼近生活的美食試吃分享，訂閱頻道人數破70萬、觀看總次數達9215萬，已躍升成「吃貨達人」；其中「麥當勞的9種隱藏吃法」，已破170萬次瀏覽。取自YouTube
十三恩13N，檔車知識YouTube頻道，於2015年1月成立，訂閱人數近8.5萬、觀看次數破1003萬 ，屬於小眾類型，分享「檔車」的知識及教學，包含週邊配備開箱、實際試車、騎乘技術以及保養技巧等，如「[檔車教學] 五分鐘學會騎車 - 基礎操作」。粉絲互動性高，新手紛紛留言詢問相關專業知識。取自YouTube
愛莉莎莎Alisasa，社交類YouTube頻道，於2017年9月成立，訂閱人數近13萬、觀看次數破342萬。以直接誠實的方式，分享如何與歐巴攀談搭訕和吸引注意的社交術，像是「感情#1」欲擒故縱原來要這樣玩???一招讓「難追的女生」愛上你」等片，吸引不少年輕觀眾愛看。取自YouTube
YouTube
YouTuber
古娃娃
Meg
愛莉莎莎",0
20,apple_news,搭訕百名世大運選手　台女：我們靠自己做外交,https://tw.appledaily.com/life/20170903/PD4RT4YX3AQGCO5AJUCYJGOYDA/,出版時間: 2017/09/03 16:05,,"世大運於日前落幕，兩名台灣女生日前曾到選手村附近搭訕百名選手，其中一名女生愛莉莎莎（Alisasa）今天下午在《臉書》發文，表示「政府外交做得不好沒關係，我們靠自己來做國民外交！」

愛莉莎莎和另一名女生呸呸（Peipei）拍攝的影片中，有遇上醉翁之意不在酒的墨西哥籃球隊選手，也看到熱情的台灣人，還有台灣的足球隊、男籃隊等。「愛台灣不是閉門造車」，愛莉莎莎表示，對她們來說，愛台灣就是去跟外國人互動，「在他們面前展現台灣人的魅力，讓他們喜歡台灣人。」（即時新聞中心／綜合報導）



想知道更多，一定要看……
【世大運】2台女搭訕百名選手　CCR？影片曝光

翻攝自Alisasa的《臉書》",0
21,apple_news,YouTube年度熱門影片排行榜出爐　《天竺鼠車車》奪冠,https://tw.appledaily.com/gadget/20211201/3KEE5VU2I5AEXFCU2SKA4N6CYY/,出版時間: 2021/12/01 14:05,,"YouTube 今 12/1 日公布台灣 2021 年度影片排行榜，包括「熱門影片」、「熱門音樂影片」、「熱門創作者」、「快速竄升創作者」。在「熱門影片」榜單，可愛療癒的《天竺鼠車車》勇奪冠軍，成為該榜單首次獲得第一名的動畫影片；在「熱門音樂」榜部分，《愛情你比我想的閣較偉大》成為首次登上「熱門音樂影片」冠軍的台語歌曲。
熱門影片
Google指出，今年「熱門影片」排行榜反映出人們在疫情期間對療癒舒壓、啟發人心、時事議題類型的影片感興趣，像是《天竺鼠車車》、《一根管都不准插！她拒絕死亡全餐捍衛癌末夫善終權》以及《對不起｜愛莉莎莎Alisasa》和《欸！萊豬》；創作者「玲玲微電影」以多語言標題記錄中正紀念堂禮兵陣仗，成功接觸到更廣泛的使用者關注。
此外，集結藝人和多位平台創作者的影片，不論是網路綜藝節目木曜4超玩傾心製作的 YARTIST 全明星運動大會，以及「見習網美小吳」與知名歌手楊丞琳合作拍攝的假試鏡整人企劃，都創造極大的社群討論熱度。
熱門音樂影片
今年「熱門音樂影片」榜中，包括大馬鬼才歌手黃明志與陳芳語合作的話題性歌曲《玻璃心》，推出才短短一個多月的時間就已挺進台灣榜單；在國片亮眼票房和兩岸人氣影劇的加持下，熱門影劇主題曲也紛紛上榜，其中由茄子蛋為國片《當男人戀愛時》創作的電影主題曲《愛情你比我想的閣較偉大》不只是台語歌曲首度奪下榜單冠軍，更受到金馬獎「最佳原創電影歌曲」入圍肯定。
而告五人創作的電視劇插曲《在這座城市遺失了你》和 G.E.M.鄧紫棋的電影主題曲《平行世界》也強襲榜單分別位列第二和第八名；另外動力火車的《我很好騙》不只邀請到金獎演員助陣並進行 MV 結局票選引起網友熱烈討論，這部影片更成為今年的熱門音樂影片榜第三名。
在外語歌曲方面，蔡依林與荷蘭籍全球百大 DJ R3HAB 合作的英文歌《Stars Align》獲得年度第四名，透過跨界合作提升台灣歌手能見度；防彈少年團(BTS)的英文新曲《Butter》也以在 YouTube 史上最快突破 1 億觀看數紀錄之勢進入台灣榜單第十名。韓語歌還有久違載歌載舞回歸的 IU 《Celebrity》為代表，和日本組合 YOASOBI 為大熱動畫創作的片頭曲《怪物》在榜單上分別獲得第六和第八名。
熱門創作者
疫情下有更多觀眾在 YouTube 利用影片自我充實，「許伯&簡芝—倉鼠人」、「老高與小茉 Mr & Mrs Gao」、「蒼藍鴿的醫學天地」和「柴鼠兄弟 ZRBros」知識型內容在「熱門創作者榜單」分別獲得第四、五、七和第十名，顯示許多觀眾對於動物知識、科普時事、醫療健康與投資理財方面資訊和概念的學習需求。
國民姑丈羅時豐的「羅時豐D.L 不務正YA」和資深藝人邰智源主持的網路綜藝節目「木曜4超玩」持續透過 YouTube 揮灑創意為觀眾帶來歡笑，這也顯示傳統藝人與綜藝節目紛紛從電視朝向網路發展與轉型。個人特色鮮明的創作者也發展出更加分眾化的內容主題，像是「Ru儒哥」以趣味惡搞內容獲得第一名，以及有話直說的「館長惡名昭彰」更成為今年度唯一同時入榜「熱門創作者」、「快速竄升創作者」雙榜單的頻道。
快速竄升創作者
YouTube 豐富多元的內容也反映在「快速竄升創作者」榜單中，今年ACG內容 (動畫Animation、漫畫Comic、電玩遊戲Game)和外籍創作者頻道的訂閱數快速成長。 「Dinter」、「Gary蓋瑞」等四個電競遊戲頻道透過實況直播、留言等互動形式，促進觀眾即時參與，並營造出連結更加緊密的同好社群歸屬感 。
而隨著 2021 年台灣觀眾觀看動漫影片的時間相比去年同期大幅成長，創作者「孫沁岳」也以詳盡、有趣的動漫分析在榜上有名。來自日本的「阿部瑪利亞 Maria Abe」和美國籍的「莎白Elizabeth」在疫情下帶領觀眾線上體驗跨文化的生活和觀點，分居榜單第二、六位。（黃子倫／綜合報導）
Google
YouTube",0
22,apple_news,女兒當幼師「搽壞女人的口紅色」　憤怒媽一個問題讓家長發毛：根本控制狂,https://tw.appledaily.com/life/20210722/XAU7G5MXXVFGBEOKMNZIJP3VUE/,出版時間: 2021/07/22 17:38,,"「想問大家怎麼勸女兒離開幼兒園？」一名媽媽在臉書社團「靠北幼稚園」的問題，竟引發近1900則的留言討論，一堆人發毛認為媽媽根本是「控制狂」。
該名媽媽發文問大家怎麼勸女兒離開幼兒園，不要再當幼兒園老師。她自述女兒以前都是念全美班，拿市長獎，志願就是要當老師，但她沒想到女兒要當的是幼兒園老師！「那個薪水這麼一點點！根本養不活她自己，有時候回家還把工作帶回家做，錢也不會比較多！也養不起我們家，真的很荒唐，真的不知道腦袋在想什麼！」
這位「憤怒媽」以為工作如此辛苦，女兒很快就會離職，沒想到女兒還跟她「頂嘴」說「不管怎樣我都不會離職，媽媽妳不要再念了！不要干預我的工作」，說完就把房間上鎖。
這讓媽媽生氣地寫下「還給我學壞！之前跟朋友出去，還瞞著我穿露肚裝跟很短的熱褲，搽壞女人的口紅色，當然她回來我都把那些衣服跟化妝品丟掉了。」家長送禮她也有意見，「一堆手搖杯、點心回來說是家長送的，我雖然不指望她送我雞精人蔘那些補品，但也不要帶那些對身體有害的東西回來。」這些過程讓她覺得累了，「怎麼越大越不聽話...想請大家幫我勸勸她，不要再執迷不悟了。」
該篇發文5小時已有逾1900則發文，眾人驚呼「感覺媽媽控制慾太強」、「控制狂媽媽，尤其只看裝扮就說學壞，好可怕的娘」，還有人問「媽媽，你為什麼要干涉女兒的生活、人生。為什麼要把人家的東西丟掉，你媽媽有教你沒禮貌嗎？」另有人認為「妳女兒一定因為能出去工作，脫離媽媽遙控而每天都很開心」、「跟我說您女兒是哪間幼兒園～～這麼有熱忱又有自己想法的老師好棒喔！」（即時新聞中心／綜合報導）",0
23,apple_news,私密片遭外流！正妹實況主Sandy不知被駭偷拍：對我造成嚴重傷害,https://tw.appledaily.com/life/20210722/F6MO6AI73JBT5JGMXHZX2XL3LU/,出版時間: 2021/07/22 17:38,,"正妹實況主、網紅Sandy珊迪（許芸珊）因有雙大眼和身材姣好，在臉書有33萬粉絲追蹤，但日前她的私密片卻遭外流，經紀公司在發出聲明呼籲大家不要轉發後，她今天下午發文訴說心情，表示原本認為把工作和興趣結合是件美好的事情，不知道會被駭偷拍，而影片遭人散布後，「對我造成嚴重的傷害。」
珊迪的經紀公司20日曾發出聲明，表示珊迪因多年前視訊鏡頭被駭客入侵，導致其私生活被違法偷拍，並於近日被不肖人士上傳、轉發等。目前全案已委由律師團隊全權處理。「本公司嚴正聲明，請大家切勿轉發，轉傳者將觸犯刑事罪責。」
Sandy 的經紀公司日前發出聲明，呼籲大家別轉傳。翻攝自Sandy 珊迪臉書
今日推薦：女兒當幼師「搽壞女人的口紅色」　憤怒媽一個問題讓家長發毛：根本控制狂
珊迪今天下午寫下長文表達心情，她先謝謝大家的關心，接著解釋發生的時間應在7-8年前，當時她剛開始實況工作，「那時候的我，覺得可以把工作跟興趣結合，是一件很美好的事情，然而我並不知道會被駭偷拍，最近這影片的散佈，對我造成嚴重的傷害。」
她坦言心情大受打擊，幸好有家人、朋友和粉絲的陪伴，讓日子沒這麼難熬，她會慢慢地努力讓生活回到正軌。
珊迪表示，目前案件已經全權交給律師團隊處理，「我其實最想說的是，我是女生，我選擇站出來面對傷害我的人以及各種含義騷擾的人，不管是散播者、轉傳、私訊騷擾、留言騷擾、文字騷擾。律師團隊跟我們都有持續截圖，蒐集證據，絕不姑息。」（即時新聞中心／綜合報導）
珊迪臉書發文全文如下：
Hi 各位33們以及親朋好友大家好：
我是Sandy。
這兩天的新聞驚擾到大家了，
很不好意思，也謝謝大家這幾天的關心。
這件事的發生時間應該是在7-8年前，
當時候我才剛開始實況工作，
那時候的我，覺得可以把工作跟興趣結合，
是一件很美好的事情，
然而我並不知道會被駭偷拍，
最近這影片的散佈，對我造成嚴重的傷害。
不過幸好，
這幾天有家人的陪伴，
工作這幾年以來，
也認識很多朋友跟粉絲，
因為有大家的關心跟鼓勵，
讓我這幾天的日子沒有那麼難熬，
也得到很多協助。
訊息很多，沒有辦法一一回覆，
但是我都有看到，
在這邊一併謝謝了。
目前案件已經全權交給律師團隊處理，
就不方便再回覆了。
我其實最想說的是，
我是女生，
我選擇站出來面對傷害我的人以及各種含義騷擾的人，
不管是散播者、轉傳、私訊騷擾、留言騷擾、文字騷擾。
律師團隊跟我們都有持續截圖，蒐集證據，絕不姑息。
所有人都該為著自己的言行負起責任。
同時也非常非常感謝，
這幾天提供各種留言截圖的親朋好友們、觀眾們，
真的，謝謝你們願意跟我一起努力抗戰，
陪我一起面對這麼龐大的惡意。
我想告訴跟我有類似情況的人，
千萬不要因此覺得自己不好，
也不要被惡意的語言擊垮，
調適的過程很難熬，
我也還在經歷，
但我會很努力讓大家看到正能量的我。
接下來，為了不辜負客戶跟粉絲的期待，
我會慢慢讓生活跟步調回到常軌，
陸續恢復我既有的工作安排，
再一次謝謝大家的關心❤
還是要提醒大家要更注意網路安全。
也要為著自己的言行負起責任。",0
24,apple_news,29歲愛莉莎莎可打疫苗　「健保卡太精彩」被列第9類！親曝身體狀況,https://tw.appledaily.com/life/20210722/TWFASWUUTFDOBK4PQHO2NZPBQE/,出版時間: 2021/07/22 13:46,,"原本打算去美國打疫苗的YouTuber愛莉莎莎，日前才表示行程喊卡，改在台灣等疫苗中，她近日就貼出收到預約打疫苗的通知，由於她年僅29歲，很多人也很好奇為何她可以打，她也在IG透露自己「健保卡太精采」可能因此被列第9類。
愛莉莎莎5天前才在IG發文表示「原本申請了一本新的護照，興致沖沖的準備去美國打疫苗，現在在台灣等疫苗中。」但昨透露已經接到接種疫苗的通知。
愛莉莎莎擔心副作用，還特別吃清淡一點，希望有助身體。至於為何她可以優先施打疫苗？她也回應，「有人問我為什麼可以打了？我也不知道，反正就是排到了。可能因為健保卡太精采被列為第九類（？）」
愛莉莎莎日前表示，今年對她來說是一個不見棺材不掉淚的一年，覺得自己很不幸，在身邊發生的一堆事都是自己不想要的，但也從這些不幸中，發現自己好多缺點。她檢討不夠懂法律、脾氣不夠好、講話太直接、做事太不謹慎，還有不夠謙虛，「這些，真的讓我在今年吃了超大超大超大的虧！」「我今年賠的錢，可能比我去年一年賺的還多。」（即時新聞中心／綜合報導）",0
25,apple_news,愛莉莎莎批救護車很吵！「萬華人都不用睡覺是不是」　挨轟自私白目,https://tw.appledaily.com/life/20210524/NTMTX4524ZHWPFC35FZAKWFTGM/,出版時間: 2021/05/24 11:53,,"網紅愛莉莎莎住在這波疫情重災區北市萬華，先前一番「沒有外送員敢送萬華」言論，已引起網友議論，沒想到昨日她在其他網紅的直播影片中，竟語出驚人，稱「最近的救護車聲很吵」、「真的很吵，萬華人都不用睡覺是不是」，其他人想要幫她岔開話題，她竟還說「你就不要不敢講」，遭網友痛批「自私」、「白目」！
網友發文指愛莉莎莎竟批救護車很吵，她知道自己在說什麼嗎。翻攝論壇Dcard
有網友在論壇Dcard發文，指昨日（5/24）看到網紅黃氏兄弟的直播上，愛莉莎莎的驚人之語，超生氣。她說，她知道平時板上關於莎莎的文已經很多，原本只認為是個無腦瞎妹不在乎，「但在醫護人員這麼努力奔走的時候嫌救護車吵是什麼意思？」知道自己很容易上新聞還敢跑去其他網紅版上講這種話，「根本就只是想蹭」、「有夠噁心」，而直播影片似乎沒留存，只能節錄他人備份。
而在這段節錄影片中，愛莉莎莎是以電話與網紅黃氏兄弟通話，她說「你有沒有覺得最近的救護車聲很吵？」讓黃氏兄弟超尷尬，一度不知如何接話，她還說「你就不要不敢講，我真的覺得很吵，萬華人都不用睡覺是不是？」黃氏兄弟苦笑尬聊回「不是這樣說…很辛苦啦，他們沒日沒夜地在做一些醫護人員的第一線的事情，我們覺得很辛苦」。
不料愛莉莎莎堅持己見繼續說「可是，我覺得半夜可不可以不要…」，黃氏兄弟趕緊插話打斷說「我們差不多了，我有點想要結束這個話題」，愛莉莎莎才問「你是怕我上新聞是不是」，愛莉莎莎才大嘆一口氣停話，而黃氏兄弟接著說「我們要一起共體時艱」，她卻問「嗯？共什麼？」這段節錄後長約1分鐘的影片才結束。
結果她的言論在Dcard上被罵翻，痛批「她才吵吧？希望他不要有用到救護車的時候喔」、「最無言是她還叫人家不要不敢講」、「救護車聲無可避免，只有她自己最自私」、「好白目哦」、「人家黃氏兄弟都在幫她緩頰了，還可以這麼不識相。」
知名Youtuber愛莉莎莎曾因公布喝橄欖油排膽結石影片，引發台大醫院兒科醫師「蒼藍鴿」批評，指責她傳遞錯誤醫療知識，最後愛莉莎莎下架影片並道歉，而蒼藍鴿隨後也發布影片向愛莉莎莎致歉，自承未先告知對方，導致她被多人攻擊。（即時新聞中心／綜合報導）
萬華
愛莉莎莎
救護車",0
26,apple_news,三級警戒｜外送員敢送萬華！愛莉莎莎「終於等到勇士送餐」,https://tw.appledaily.com/life/20210518/B25V6WGQCRHKZLJ4YOQKFUTL3Y/,出版時間: 2021/05/18 13:36,,"新冠肺炎本土疫情嚴峻，住在重災區萬華的愛莉莎莎日前稱萬華「毒窟」引發爭議，她今在IG限時動態發文表示，沒有外送員敢送萬華，等了很久「終於等到一位勇士送餐，超級得來不易的一頓飯。」
今日推薦：【三級警戒】剝皮寮篩檢醫師驚曝：每28人中5人　要有升第四級的準備
愛莉莎莎在IG限時動態發文，「都沒出門真的悶壞，有沒有同住萬華的朋友跟我分享一下生活有什麼變化？」
她po出餐盒照片，並表示「沒人敢送萬華，我等超久，終於等到一位勇士，沒想到送到我家後，竟然被別的住戶拿走，請警衛用監視器幫我找回來，真的超級得來不易的一頓飯，我要抱著感恩的心吃。」（即時新聞中心／綜合報導）
三級警戒
愛莉莎莎
萬華",0
27,apple_news,【三級警戒】網紅稱住「毒窟萬華」不敢出門　被嗆搬走！她回應：請認清事實,https://tw.appledaily.com/life/20210515/KBYFRHZ6UNF73LKSCSC5B4LPM4/,出版時間: 2021/05/15 12:36,,"愛莉莎莎又失言？稱萬華是「毒窟」被罵爆後改文，但仍呼籲大家「認清事實吧」。
COVID-19本土疫情越演越烈！行政院長蘇貞昌今舉行臨時記者會表示，昨一天確診人數高達180人，須做出更大更強更即時規範，因此祭出更嚴格的防疫措施，引發民眾人心惶惶。
疫情升溫，蘇貞昌宣布昨日出現180件本土疫情病例，其中有43例來自北市萬華區，去年才在萬華買下千萬套房的網紅愛莉莎莎昨在臉書發文「住在毒窟萬華，哪裡都不敢去」，結果被網友罵爆急改文。
有網友在「Dcard」論壇分享愛莉莎莎原先的貼文，她表示「住在毒窟萬華，哪裡都不敢去連電梯都不敢坐」，結果被網友留言罵爆，「我住萬華也是很怕，但是不用講成毒窟吧？」、「毒窟？！住在萬華有錯嗎，為何要以篇概全」、「身為公眾人物卻為萬華貼上標籤，試問是我們願意的嗎？」，也有不少網友轟她壞點搬走。
事後愛莉莎莎更改貼文修辭，變成「住在『疫情急速升溫』的萬華」，但她也在底下留言強調「我愛萬華，但是萬華現在就是危險請認清這個事實！還是要跟大家說萬華很安全大家快來玩？」，另外針對網友叫她快搬，愛莉莎莎也反駁「只要好好待在家裡防疫就好了幹嘛搬走？」（即時新聞中心／綜合報導）
愛莉莎莎
萬華",0
28,apple_news,【網紅瘋啥3】網紅凸槌！酸民樂得集體追殺　專家祕授3招救形象,https://tw.appledaily.com/life/20210504/RUBIQSBNBBFUDIIYXIYST6XF24/,出版時間: 2021/05/04 17:47,,"（新增：影片）
相關新聞：【網紅瘋啥2】睡美人青青昏死到下午上班　老闆火大！十度叫她滾
隨著網路世界蓬勃發展，造就「網紅」這一股潮流新勢力，人氣、流量帶給他們話語權與影響力，甚至發展出網紅經濟，商機無限。不過網路能載舟亦能覆舟，網紅言論或行為稍有不慎甚至出槌，苦心經營的形象，可能立刻重挫，引來網友群起謾罵、撻伐、起底，最後被後起之秀取代。專家建議，網紅一旦做錯事就要勇於面對，誠心認錯、悔改，投入公益活動，才能挽回甚至提升昔日聲量。
像是前JKF女郎、網紅「青青」因為帶男網紅的「放火」返家過夜，被當時男友陳男當場抓包，事後還被指控與男友設局「仙人跳」、「逼簽本票」，苦心經營的甜美形象頓時毀於一旦，還遭網友攻訐、謾罵長達半年。
網紅「愛莉莎莎」拍攝影片介紹「肝膽排石法」，遭醫生YouTuber「蒼藍鴿」打臉，她一度反擊但最後仍敵不過外界撻伐而道歉。合成照片
圖片來源 : 蘋果新聞網
另一個喧騰一時的例子是，百萬YouTuber「愛莉莎莎」年初拍攝影片介紹「肝膽排石法」，遭醫生YouTuber「蒼藍鴿」打臉，衛福部、食藥署和國健署也收到民眾檢舉，引發網友熱議、撻伐，她一度反擊但最後仍道歉，也無法挽回當下受挫的形象，連家庭背景都被一一起底曝光。
專營網路行銷的「萬人行銷」總監王舒寧舉例，愛莉莎莎在事後發布道歉影片，並停止原先一週一片的影片更新，拍攝異於平常風格的登山露營影片，透過低調、反省，並投入流浪動物關懷等公益，挽回聲量，如今又恢復以往體驗各類高檔生活的影片風格。
王舒寧分析，網紅與一般藝人有所差異，不會有所謂的螢幕形象，而是以敢說敢做而受同溫層網友關注、喜愛，所以網紅「做自己」，會比符合普羅大眾的喜好更重要。
王舒寧建議，當網紅遇到負面事件，當下應勇於面對危機處理，以書面或拍攝影片正式道歉，沉寂、反省，減少發文次數，參加淨灘、流浪貓狗、老人幼兒關懷等公益活動，逐步累積正面形象，挽回昔日關注人數。
王舒寧表示，知名演員舒淇、郭書瑤，都是以火辣身材，讓民眾認識，走紅之後各自往專業領域努力，並獲得肯定；網紅固然有其生命周期，但同樣擁有天使臉龐、火辣身材的青青，如果能在歷經風波後，順利轉型朝室內設計師方向努力，未來還是可以與外型優勢結合，創造另一個領域的巔峰。（地方中心王煌忠／台中報導）
發稿時間：00:01
仙人跳事件
萬人行銷公司
公益活動
愛莉莎莎
網紅放火
網紅瘋啥
青青
網紅
蒼藍鴿
王舒寧
YouTuber",0
29,apple_news,曾博恩熗上綜藝天王徐乃麟，薩泰爾全新售票演出《炎上 BURN》北流盛大開賣,https://tw.appledaily.com/lifestyle/20210415/AFLXVHCLFBAG7AFC7PM4FZ62ME/,出版時間: 2021/04/15,,"【工商消息】 本文由薩泰爾娛樂提供
薩泰爾娛樂繼《博恩夜夜秀》後推出全新大型現場演出《炎上 BURN》，以喜劇演員為首向各界爭議名人發難。第一季三場演出，分別邀請到徐乃麟、謝和弦和愛莉莎莎擔任主秀嘉賓。每場共演卡司橫跨電視圈、音樂圈和 YouTuber 和新生代喜劇演員等各領域名人，一同挑戰尺度與冒犯的邊界，比照北流演唱會舞台規模，舉辦台灣史上最高規格低級喜劇現場演出。
五月一日第一場《炎上 BURN》盛宴，由《博恩夜夜秀》主持人曾博恩帶頭熗上綜藝天王徐乃麟。綜藝大哥徐乃麟演藝圈出道四十年，於錄影工作現場飆罵遭曝光之「輸不起」爭議引發軒然大波，更是讓「乃哥」心直口快的形象深植人心。同場邀請到資深藝人楊繡惠、脫口秀小天后龍龍、「地獄哏王」Jim程建評、美秀集團吉他手修齊、「小鄧紫棋」蕾菈、美胸女神熊熊、《博恩夜夜秀》助理主持人老Ｋ及全方位藝人陳大天，一台來自各領域的表演者將在台上極盡羞辱之能事，挑戰綜藝大哥徐乃麟的容忍尺度！
《炎上 BURN》 將捐出新臺幣100萬元給以下社福團體：社團法人臺灣芯福里情緒教育推廣協會、社團法人中華民國解癮戒毒協會、財團法人兒童肝膽疾病防治基金會 。
本季第二場和第三場主秀嘉賓邀請到近年話題歌手謝和弦與百萬 YouTuber 愛莉莎莎，由兩位喜劇演員《博恩夜夜秀》副主持人賀瓏與 Jim 程建評分別擔任主要攻擊手。創作歌手謝和弦出道以來爭議不斷，愛莉莎莎前陣子因肝膽排石法影片風波遭遇網友負評。
喜劇文化中的 Roast，以一個特定嘉賓的爭議事件為題材，由與會嘉賓輪番上陣，不顧政治正確和道德尺度地進行言語嘲笑攻擊。此類活動意圖以一種特殊的方式向該嘉賓致敬。
吐槽文化在美國行之有年，許多名人如美國前總統川普（Donald Trump）和藝人小賈斯丁（Justin Bieber）皆曾為喜劇中心 (Comedy Central) 主辦之吐槽盛宴的座上賓。近年由中國喜劇公司笑果文化製作開播的《吐槽大會》亦成為該類型喜劇節目的熱門，然尺度有限，時不時傳出節目遭中共當局「整改」之消息。
【炎上　徐乃麟】5月1日將在台北流行音樂中心盛大開演，4月14日（三）中午12:00啟售，KKTIX 及全台全家便利商店 Famiport 皆可購票。購票詳情請上：https://strn.pros.is/BURN。
第一季《炎上 BURN 》將於6月19日與6月26日推出【炎上　謝和弦】及【炎上　愛莉莎莎】，啟售時間敬請關注薩泰爾娛樂 Facebook 粉絲專頁。
《炎上 BURN | 不被審查也不被停播的吐槽大會》
第一場【 炎上　徐乃麟 】：2021年5月1日（六），現已啟售！
第二場【 炎上　謝和弦 】：2021年6月19日（六）
第三場【 炎上　愛莉莎莎 】：2021年6月26日（六）
▨ 演出地點：臺北流行音樂中心（臺北市南港區市民大道八段99號）
▨ 票　價：VVIP 圓桌特區 4000 / 紅區 2600 / 黃區 2200 / 白區
1800 / 黑區 1500（全區對號入座）",0
30,apple_news,「威力加強版」愛莉莎莎！網呼高配優質　鄉民推爆：坐等AV帝王第二季,https://tw.appledaily.com/life/20210406/QQ775OUV4RAZBPSVJD3XEYX5QI/,出版時間: 2021/04/06 09:26,,"網紅愛莉莎莎有日版豪華分身？網友PO出一名日本正妹多張比基尼性感照，除豐滿上圍及性感身材讓人覺得「很可以」，更驚訝於她非常神似台灣網紅愛莉莎莎且是「威力加強版」，有人點出她其實是日本AV女優鷲尾芽衣，將要出演NETFLIX夯劇「AV帝王」第二季，讓眾網友非常期待。
網友形容鷲尾芽衣是日版愛莉莎莎，讚豪華版就是不一樣。翻攝PTT
圖片來源 : 蘋果新聞網
論壇PTT有網友發文寫明「愛莉莎莎　比基尼」，點選進入觀看後，才發現內文照片並非愛莉莎莎本尊，而是與愛莉莎莎相當神似的鷲尾芽衣多張比基尼性感照，其姣好身材令人驚艷，鄉民誇讚「豪華版就是不一樣」、「高配版」、「頂配」、「這才像話」。
馬上有網友認出正妹其實是日本AV女優鷲尾芽衣，還說「從以前就覺得這是另一個版本的她（愛莉莎莎）了」、「根本不是一個等級的」、「這個好多了，大勝」、「比原版優秀不只一百倍」、「鷲尾讚~不過最近變的有點肉」，還說「等她演的AV帝王第二季」。而去年鷲尾芽衣的經紀事務所就曾po出攝影棚休息室門口照片，標註鷲尾芽衣姓名註明NETFLIX「AV帝王2」全裸監督。
另外，有網友說「我還是喜歡台灣正版的愛莉莎莎」、「看久了其實長相差很多」。也有網友要求原PO改標題避免造成誤解，原PO也從善如流，把標題改成「日版愛莉莎莎　比基尼」。（即時新聞中心／綜合報導）
愛莉莎莎
鷲尾
AV帝王",0
31,apple_news,沈寂一個月更新！愛莉莎莎：每天都在反省　攀百岳「洗白」得5大領悟,https://tw.appledaily.com/life/20210314/LA6GD5AFFNDDLH6W3PCKXTHX6Y/,出版時間: 2021/03/14 08:35,,"網紅「愛莉莎莎」上月影片介紹「肝膽排石法」遭醫生YouTuber「蒼藍鴿」打臉，衛福部、食藥署和國健署也收到民眾檢舉電郵，她一度反擊但最後仍道歉，沈寂一個月後，愛莉莎莎昨再上傳新影片及更新IG，她表示「這個月我沒有白過，每天都在反省」，日前帶白紙登山為了「洗白」，寫下近來的體悟，粉絲也打氣「看起來有所成長了」。
今日推薦：總統府特勤遊走妻與前女友間　扯「行蹤是機密」讓2女都生子
愛莉莎莎的IG上月13日以全黑圖片發文致歉後，暌違一個月後昨天才更新，貼出登山照說「終於回歸了！！！這一個月好想念大家，謝謝每天擔心我的人，這個月我沒有白過，每天都在反省，還有做很多有意義的事」；她也剪了短髮、換個新造型。
她同步更新YouTube頻道，以「我回來了！」的登山影片重新出發，該片的訊息欄也寫著「謝謝大家過去的批評與指教，我也反省了一個月，謝謝這段時間陪伴我的親朋好友們，還有還願意回來看我的觀眾們」。
愛莉莎莎欲攀登百岳之一的奇萊南峰，「我要來反省我的人生」，帶了一張白紙跟一枝筆，想要「洗白」，在爬山過程中寫下體悟，「這一張紙寫得滿滿的再下山」。影片最後在山下分享感受，網友也整理出她的5大領悟：
領悟1:當你覺得痛苦和辛苦的時候，千萬不要放棄 - 堅持下去成功就是你的。
領悟2:大崩壁危險，但也是最有feel的一段路 - 在逆境中看見絕景。
領悟3:終於走到天池山莊，在飢寒交迫下能吃到熱食 - 感謝身邊曾幫助自己的人。
領悟4:無法登頂看到黃金大草原 - 其實人生不是一直都很順遂的。
領悟5:世界不是以自己為中心，也不是甚麼都要爭個輸贏 - 不忘初衷，方得始終。
愛莉莎莎也回想一路走來，自己缺乏挫敗感，從大學起要做一點點小努力，就會取得意想不到的成功，感覺成功來得不費力「有時會忘了謙虛的感覺」。感性的自我解析及告白，網友鼓勵「莫忘初衷，就算做錯了也要勇敢的面對」、「還是喜歡妳的直接與坦白，會一直支持妳的。」（即時新聞中心／綜合報導）
愛莉莎莎
肝膽排石法",0
32,apple_news,Clubhouse最夯名人房型出爐　雞排妹最熱、新疆房暴紅,https://tw.appledaily.com/gadget/20210303/45SZDDQUCRBOHBEXY476NGLDK4/,出版時間: 2021/03/03 15:05,,"過年期間最夯的社群非Clubhouse莫屬，以「邀請碼」的飢餓行銷方式，迅速引發大批網友關注，許多名人趁勢卡位吸粉，《Social Lab社群實驗室》透過《OpView社群口碑資料庫》，在超過9萬個網站頻道上，蒐集2月期間關於Clubhouse的討論，以「社群大數據」語意分析技術，統計前10大名人聲量及5大熱門房型。
許多網紅、創作者、藝人甚至政治人物，紛紛搭上這波Clubhouse熱潮，由於可和名人共處同一個房間、聽名人聊天，甚至直接舉手發問，吸引不少用戶爭相擠進房內。雞排妹鄭家純針對性騷擾事件，在Clubhouse房間吐露心情，網紅愛莉莎莎也在房內對談喝橄欖油排膽結石的民俗療法，都引發不同立場的熱烈討論，網路聲量分居第1名及第3名。
宣佈參選總統初選的趙少康在Clubhouse聊兩岸論述，成為聲量第2大名人；百靈果以live Podcast的形式錄製節目，並與各地的聽眾互動，排行第4名，第5名則是特斯拉執行長馬斯克開講，造成滿房的盛況。
至於最熱門的房型部份，由於Clubhouse不保存音檔，只有進入房間的當下可以即時收聽，因此講者與聽眾更加暢所欲言，尤其Clubhouse剛推出之際，還未遭到中國政府封鎖，不少中國用戶加入房間，討論新疆、西藏等關於人權、國家認同的敏感議題，成為最熱門的房型。至於互相追蹤、刷存用的「無聲房」，雖違背Clubhouse用語音交流的主旨，卻意外成為第3大熱門房型。（黃韻文／台北報導）
聲音社群
Clubhouse
新疆房
雞排妹",0
33,apple_news,批愛莉莎莎　台大醫遭檢舉,https://tw.appledaily.com/headline/20210302/RU7ZVVEGTFEQXL5FOE64I4XRVU/,出版時間: 2021/03/02,,"【沈能元╱台北報導】網紅「愛莉莎莎」日前公布喝橄欖油排膽結石影片，引發YouTuber、台大醫院兒科醫師「蒼藍鴿」拍片反擊，指責她傳遞錯誤醫療知識，最後愛莉莎莎下架影片並道歉。但就在風波看似告一段落之際，有自稱愛莉莎莎的粉絲向《蘋果》爆料，指控蒼藍鴿是公務人員，卻違法經營YouTube賺外快。台大醫院證實已接獲檢舉進行調查。
擁有117萬訂閱者的YouTuber愛莉莎莎日前拍片介紹「肝膽排石法」，本名吳其穎的台大醫院兒科醫師蒼藍鴿拍片批評此作法毫無科學根據，愛莉莎莎一度再拍片回擊，卻引發醫界群起批評，最後愛莉莎莎道歉、撤影片，蒼藍鴿人氣也提升，到昨天臉書粉絲專頁有12.4萬人追蹤，YouTube也已經有49.6萬人訂閱。
不具名讀者向《蘋果》投訴指，蒼藍鴿頂著台大住院醫師名義，於YouTube經營商業頻道，可能違反《公務員服務法》，依法公務員不得經營商業或投機事業，違者應予撤職；投訴人還聲稱已向台大醫院檢舉，「這算是愛莉莎莎粉絲的反擊。」
在粉專喊要繼續科普
台大醫院證實接獲檢舉案，並回應將盡速處理，並依照民眾提供內容了解中，也感謝民眾來信建議。
《蘋果》透過蒼藍鴿臉書粉絲專頁探詢其說法，但他未回覆。
蒼藍鴿昨在臉書貼文介紹醫學知識時，則回應：「聽說我被檢舉惹？不過那不重要，沒人能阻止我繼續科普~」
衛福部醫事司長劉越萍說，公立醫院為留住醫師人才，可能會給予住院醫師公務員身分，但這因人而異，並非一體適用，蒼藍鴿有無公務員身分，要看台大醫院有無安排，至於醫師經營臉書、拍片是否違規，則交由院方審視。
台大未限制醫師拍片
台大醫院不具名資深醫師說，蒼藍鴿在公立醫院服務，屬廣義公務員，但其實他未經銓敘過程，仍不具公務員身分，不受《公務員服務法》規範；至於蒼藍鴿在臉書、YouTube經營粉專、拍片，院方沒有限制醫師不能這樣做，很多醫師會上節目或拍影片。
新光醫院副院長洪子仁認為，現在是資訊爆炸世代，年輕醫師透過網路分享醫學知識是好事，可消弭醫病資訊不對等，會比起民眾傳遞的資訊更正確。
愛莉莎莎
蒼藍鴿
台大醫院
肝膽排石法
公務員服務法",0
34,apple_news,【獨家/網紅大戰】槓愛莉莎莎遭粉絲檢舉違法兼差　台大醫蒼藍鴿10字堅決回應,https://tw.appledaily.com/life/20210301/6XIVMUIFYJERXILFQ2Y5ZFJUW4/,出版時間: 2021/03/01 16:26,,"(新增：蒼藍鴿回應)
相關新聞：【網紅大戰】年輕醫搶當網紅賺更多　台大醫大老良心話曝後果
擁有117萬訂閱者的知名Youtuber「愛莉莎莎」日前公布喝橄欖油排膽結石影片，引發台大醫院兒科醫師「蒼藍鴿」反擊，指責她傳遞錯誤醫療知識，最後愛莉莎莎下架影片並道歉，而蒼藍鴿隨後也發布影片向愛莉莎莎致歉，自承未先告知對方，導致她被多人攻擊，但就在風波看似告一段落，《蘋果新聞網》卻接獲自稱是愛莉莎莎粉絲的爆料，指控蒼藍鴿是公務人員，經營Youtube賺外快是違法的，對此台大院方已展開調查。
對於遭檢舉公務員違法賺外快，蒼藍鴿今日在臉書粉絲團以高EQ回應，「聽說我被檢舉惹？不過那不重要，沒人能阻止我繼續科普」，照常發布圖文和影音解釋何謂有機磷中毒。
蒼藍鴿是「蒼藍鴿的醫療天地」創辦人，在臉書粉絲專頁有12萬4420人追蹤，10萬9843人說讚，在Youtube頻道已發布超過 260部影片，訂閱者有49.1萬人。
蒼藍鴿在Youtube頻道訂閱者有49.1萬人。翻攝蒼藍鴿的醫學天地
有讀者向《蘋果》投訴指，蒼藍鴿頂著台大住院醫師名義，於Youtube經營商業頻道，可能違反《公務員服務法》，依此法公務員不得經營商業或投機事業，違者應予撤職。
該讀者也說，「這算是愛莉莎莎粉絲的反擊」，若《蘋果》要問細節，可找台大醫院，畢竟這是台大該處理的事。
台大醫院回應，已接獲民眾反映小兒部醫師吳其穎（蒼藍鴿本名）相關事宜，已盡速處理，並依照民眾提供內容了解中，也感謝民眾來信建議。
針對《蘋果》讀者此投訴，《蘋果》也透過蒼藍鴿臉書粉絲專頁探詢其說法，但他未回應。
衛福部醫事司劉越萍說，公立醫院為留住醫師人才，可能會給予住院醫師公務員身分，但這因人而異，並非一體適用，蒼藍鴿有無公務員身分，要看台大醫院有無安排，至於醫師經營臉書、拍片是否違規，則交由院方審視。
台大醫院不願具名資深醫師則說，蒼藍鴿在公立醫院服務，屬廣義公務員，但其實他未經銓敘過程，仍不具公務員身分，不受《公務員服務法》規範；至於蒼藍鴿在臉書、Youtube經營粉專、拍片，該醫師也說，台大沒有限制醫師不能這樣做，很多醫師都會上節目或拍影片。
針對醫師成為網紅、Youtuber，新光醫院副院長洪子仁則抱持正面的態度，他說，現在是資訊爆炸世代，年輕醫師透過網路分享醫學知識是好事，可消弭醫病資訊不對等，會比起民眾傳遞的資訊更正確。
（沈能元╱台北報導）
健康蘋道
網紅
愛莉莎莎
蒼藍鴿
youtube
臉書
台大醫院
衛福部
醫事司",0
35,apple_news,【網紅大戰】年輕醫搶當網紅賺更多　台大醫大老良心話曝後果,https://tw.appledaily.com/life/20210301/IREVKTORPZGA5IF5FSW2Q4OQ2Q/,出版時間: 2021/03/01 08:52,,"台大醫院小兒部住院醫師吳其穎於臉書創辦粉絲專頁「蒼藍鴿的醫療天地」，有12.4萬人追蹤，10.9萬人按讚，在Youtube頻道也發布 265部影片，訂閱人數高達49.1萬人，日前更因指責網紅愛莉莎莎「喝橄欖油排膽結石」影片瞬間爆紅，不過不願具名的台大知名醫師表示，年輕醫師當網紅、拍廣告是時代趨勢，但對醫界而言，「我實在很難講這是正面的事」。
相關新聞：【獨家/網紅大戰】槓愛莉莎莎遭粉絲檢舉違法兼差　台大醫蒼藍鴿10字堅決回應
這名行醫超過30年的資深醫師語重心長說，某些年輕醫師搶當網紅、拍廣告，他不覺得這是正面的事，主因是醫療分科很細，醫師不了解的事也很多，沒有人是萬能的，但他發現很多醫師自己不懂，卻在網路亂講，這點一般民眾是不會知道的，加上不少電視連續劇裡也有錯誤醫療訊息，所以民眾吸收到的不正確資訊可能也愈來愈多。
該醫師感嘆，許多年輕主治醫師或開業醫師，以當網紅、拍廣告作為職涯規劃，畢竟這可以賺更多錢，甚至為了「抓眼球」、增加點擊率，傳遞誇大或片面的訊息，行事已非秉持良心或基於社會責任，而這種現象在其他專業行業較少，在醫界卻日益盛行。
此醫師指出，民眾應慎選網路上的醫學知識，「不要認為Youtuber是醫生，講的就全都對」，也提醒所有網紅醫師，應抱持「正直誠信」的理念行事，勿為利益而犧牲自己的原則。
（沈能元╱台北報導）
健康蘋道
youtube
網紅
愛莉莎莎
蒼藍鴿
臉書
台大醫院",0
36,apple_news,【抖！內幕】罔腰真能懷孕？醫師打臉：除非他是雙性人,https://tw.appledaily.com/life/20210225/5L3P7AJHZRAUZGZLYUEKL7UCA4/,出版時間: 2021/02/25 17:27,,"《抖！內幕》節目每周四挑選出3條當周熱門新聞，本周討論變性網紅罔腰懷孕事件，邀請台北長庚婦產科主治醫師劉宥成解析變性人懷孕機率及方式，為觀眾解迷思；另外討論網路熱議話題「婚前條件」以及年僅12歲、創下7項金氏世界紀錄的疊杯國手張瑜庭，兩位主持人仲葳、其翎也挑戰了疊杯到底有多難，本集YouTube影片請點。
主題一：變性人懷孕機率
28歲變性網紅「罔腰」江嘉文，本月18日在IG貼出產檢超音波照，大動作挺孕肚宣布懷孕，男友還稱此事是「人體測試」，近日引發醫界和網友一片撻伐，但她與新男友仍硬拗，害前男友鳳梨及高醫無辜中槍，儘管罔腰不斷拿出證據，像是媽媽手冊，也PO出流血照聲稱「姨媽一直沒來」，但隨後被婦產科名醫打臉，衛福部更表示要調查，若違反《醫療法》將開罰。
根據現今醫療技術，變性人沒子宮，真的有辦法懷孕嗎？台北長庚醫院婦產科主治醫師劉宥成搖頭說，男生變性後懷孕的機會非常非常低，除非是同時擁有男生和女生性器官的變性人，而這發生機率大概十萬分之一。
劉宥成解釋，以目前《人工生殖法》來看，要做人工生殖治療，必須是有婚姻狀態，且胚胎必須放置在能自然懷孕的子宮內，他斷言，沒有醫療人員會將胚胎，放在子宮以外的地方，再加上罔腰目前和男友未結婚，實在很難合法在台灣進行人工生殖。
網紅在網路無所不談，且為吸引人氣常「話不驚人死不休」，從愛莉莎莎到罔腰事件，睜眼說瞎話的態度，讓主持人其翎超生氣，也造成醫界不小困擾，但劉宥成認為，其實換個角度想，這是很好的反思機會，教育大家在接受訊息時，該如何求證找到真相，也是不錯的衛教時機。
主題二：婚前條件簽還是不簽？
談戀愛是雙方的事，但結婚則是兩個家庭的事。有名男網友發文表示，他真的很愛自己的女友，也論及婚嫁，且女方嫁妝相當豪華，兩間不動產，一間在台北中正區（三房兩廳一車位，目前出租中），另一間在桃園藝文區（四房兩廳雙車位，目前也是出租中），還加上蘋果（AAPL）股票20000股、殼牌公司（RDSA）股票20000股，無須聘金，但必須接受3個結婚條件。
包括「婚後第一個孩子由戶政抽籤決定，若抽得母姓，男方不得有議，第二個孩子可隨父姓，若立場調換第二個孩子須隨母姓」、「逢年過節各回各家，各找各媽」、「婚後不與父母同住，女方家可出頭款購屋，貸款由男方支付」這3個結婚條件讓他覺得「自尊與信任」被凌遲，讓他決定不娶了，認為「沒有我她也可以過得很好，沒有她我也可以過得很好。」
仲葳和其翎看了3項條件，直說「阿姨我不想努力了」，搶著要簽下這婚前條約，認為男子太傻，畢竟現今社會講求男女平等，孩子輪流隨父姓、隨母姓，是件相當公平的事，另外現下獨生子女頗多，過年各自回家，抽空陪伴父母盡孝道，有何不對？再加上女方家願幫出頭期款，聽起來根本超棒。
主題三：最強疊杯小甜心創世界紀錄
再來關注的是被稱作「疊杯小甜心」、年僅12歲的疊杯國手張瑜庭，稚嫩的臉龐下，有著一顆堅毅強大的心臟，面對失敗，總是一「哭」而過，只要擦乾眼淚，必能創造佳績，加上神經大條的個性，她在疊杯的領域裡，打遍同齡來自世界各地的對手，更創下7項世界紀錄，設下難望項背的「瑜庭障礙」。
這項疊杯運動看似簡單，但實際操作起來，根本超級難，其翎看了張瑜庭疊杯影片，誇她根本是黃飛鴻傳人，「黃飛鴻是無影腳，她是無影手」，速度快到根本看不清她的手在哪裡。而前一天臨時拜師惡補的其翎，也秀了競技疊杯，輪番完成333、363、Cycle3個項目，但初下場的仲葳，才剛開始收杯就手腦當機，惱羞氣到摔杯，想看更多精彩內容，歡迎在《蘋果新聞網》YouTube頻道留言、分享。（節目中心／台北報導）
YouTube
抖!內幕
變性人
懷孕
疊杯",0
37,apple_news,肝膽排石交鋒最終回！　「蒼藍鴿」向愛莉莎莎道歉：導致妳被攻擊,https://tw.appledaily.com/life/20210222/ZUIA3C6HINBLBO6D46ZV5ISLQ4/,出版時間: 2021/02/22 13:25,,"「蒼藍鴿」拍影片正式回應愛莉莎莎，並表示「害你被很多人攻擊，這部分我感到滿抱歉的」。
網紅愛莉莎莎日前在YouTube拍影片介紹「肝膽排石法」，稱藉由喝下橄欖油混和液可排出體內膽結石，遭醫生YouTuber「蒼藍鴿」打臉；她第一時間拍片反擊蒼藍鴿並堅持「不道歉」引發醫界撻伐。愛莉莎莎之後再度發文致歉，表示會接受所有人的建議，對於自己不夠謹慎向外界道歉，並下架2部「肝膽排石法」影片。
「蒼藍鴿」當時也在道歉影片下方留言回應，表示他已收到莎莎的信「內容也很有誠意，請大家就不要持續攻擊了」，他將再出一支小短片做最終回覆，「莎莎也辛苦了」。
昨日蒼藍鴿也真的再度發新影片「正式回應愛莉莎莎」，他舉出自己查閱了腸胃科學世界期刊，其中有關其中一篇有關「靠YouTube影片獲得膽結石相關資訊」的論文，就明確指出YouTube上有關膽結石的影片，其實錯誤資訊是很多的，其中更以「用肝膽排石法誤導大眾的影片為最大宗」，論文忠更表示，肝膽排石法對這些膽結石、肝膽結石的患者，其實是無效的，甚至可能會延遲正規的治療。
但蒼藍鴿最後也向愛莉莎莎致歉，因為發了影片沒先通知她，導致愛莉莎莎被很多網友攻擊「這部分我感到滿抱歉的」，為了展現誠意，蒼藍鴿捐出1萬元給兒童肝膽疾病防治基金會，最後他也提醒「並不是權威人士說的就是對」，如果有興趣的話可以去蒐集更多文獻，「文獻越多代表東西證據力越高，希望肝膽排石議題可以到此為止」。
針對蒼藍鴿的影片，愛莉莎莎也在底下留言表示「謝謝蒼藍鴿的批評與指教」，她也覺得很抱歉，也自省看完影片有不開心的感覺，應該先找蒼藍鴿討論，「不應在不了解醫學的狀況下就做一部回擊你的影片」，坦承自己「真的是做了一個很不好的示範」，也再度跟蒼藍鴿以及大家道歉，並表示自己也會把有關肝膽排石影片收到的盈利全部捐給「兒童肝膽疾病基金會」，希望把「惡性的互動變成友善的交流」。（即時新聞中心／綜合報導）
愛莉莎莎
蒼藍鴿
肝膽排石法",0
38,apple_news,蘋果麻辣燙：網紅還要懂保健　橄欖油業配最對味,https://tw.appledaily.com/headline/20210221/QNXNHH3QFVFN3KTPIF3D22FFDM/,出版時間: 2021/02/21,,"【我最嘴】本周最健×有病要看醫生
茼蒿妹平常最愛看YouTuber們分享什麼好話題，某日看到百萬網紅愛莉莎莎實測自然療法，說喝下橄欖油混和液可以排出體內膽結石，後來狂拉肚子拉出一堆綠色石頭。茼蒿妹不禁想起，不久前檢查出有膽結石的腦闆，也捧著油瓶灌下肚，一洩千里拉到虛累累，還叫茼蒿妹來代班，結果一顆結石也沒少。
YouTuber台大兒醫蒼藍鴿看不下去，用醫學知識破解指正，沒想到愛莉莎莎也不示弱，正面迎嗆批評蒼藍鴿引用的醫學期刊「Lancet」（刺胳針）有破綻，眾多醫師氣極出征，「拜託妳下架影片不要再凹了」，四面楚歌的愛莉莎莎這才道歉認錯，但她已被食藥署盯上，恐因宣傳醫療效能等，最重將罰500萬元。
點評：請問蒼藍鴿，腦袋結石有藥醫嗎？
愛莉莎莎
百萬網紅
橄欖油
結石
蒼藍鴿",0
39,apple_news,罔腰腹腔懷孕遭生殖名醫駁斥　全世界都沒這種！「胚胎不是隨便放就能著床」,https://tw.appledaily.com/life/20210219/ZVKJ3CGKVZEGTJAGPEWACZBNZY/,出版時間: 2021/02/19 18:55,,"28歲網紅罔腰在Instagram上公布自己懷孕喜訊，秀出醫院檢驗單及超音波照片，罔腰的男友更解釋是「人體試驗」，但已遭高雄醫學大學附設中和紀念醫院駁斥，稱並未做無子宮者受孕的人體試驗。對此，茂盛醫院生殖醫學中心院長李茂盛表也說：「這不可能，因為沒有卵巢、子宮，就無法懷孕，全世界都沒有這樣的個案！」
相關新聞：「說真的我不要！」變性小A辣懂生子苦　曝不生小孩原因
罔腰在IG公布懷孕，引發不少網友質疑。翻攝罔腰IG
圖片來源 : 蘋果新聞網
今日熱門：【獨家】看不下去！民眾檢舉愛莉莎莎「肝膽排石法」踩紅線　要阿中主持公道
李茂盛解釋，如果是做試管嬰兒，是取出卵子後和精子進行體外受孕，產生胚胎後再植入子宮內，才有機會著床懷孕，不是隨便放就能著床。胚胎需要在好的環境下才能著床，子宮有子宮內膜，在胚胎著床後，才能提供養分讓嬰兒生長，「腹腔是無法模擬成子宮的。」
李茂盛強調，罔腰如是變性者，沒有卵巢可提供卵子，沒有子宮胚胎就無法著床，「真的不可能懷孕啦！」
婦產科醫學會理事長黃閔照也解釋，懷孕一定要有子宮，以目前醫學來說，變性人基本上是沒有懷孕的可能。（許稚佳／台北報導）
健康蘋道",0
40,apple_news,【獨家】看不下去！民眾檢舉愛莉莎莎「肝膽排石法」踩紅線　要阿中主持公道,https://tw.appledaily.com/life/20210219/NYNYBOUFPZDGVL6LL3BQ4WG3PE/,出版時間: 2021/02/19 12:01,,"網紅愛莉莎莎日前於YouTube拍片介紹「肝膽排石法」，不只引發醫界撻伐，連民眾也看不下去，衛福部、食藥署和國健署昨（2/18）都已收到民眾的檢舉電郵，質疑愛莉莎莎影片踩紅線，兩署也將審核遭檢舉的內容。
相關新聞：愛莉莎莎掉粉？訂閱下滑人數曝光　四叉貓：沒事兒
愛莉莎莎在肝膽排石法影片中，宣稱喝下橄欖油混和液便可排出體內膽結石，因排便出現一顆顆綠色物體，結果遭醫生YouTuber「蒼藍鴿」打臉，她再度拍片反擊蒼藍鴿後，引來更多批評聲浪，最終才發片道歉，同時下架肝膽排石法影片。
針對愛莉莎莎影片是否違規，食藥署日前回應，將了解有無接獲民眾投訴，如有接獲檢舉，將進行審查。
相關新聞：愛莉莎莎掉粉？訂閱下滑人數曝光　四叉貓：沒事兒
食藥署和國健署昨均指出，已收到針對愛莉莎莎肝膽排石法影片的檢舉信，分別來自衛福部長、食藥署長和國健署長信箱，而據了解，民眾檢舉內容是質疑如愛莉莎莎在網路上所說非事實，又公開播出，請查明是否有違法廣告之嫌。
食藥署回應，目前已在評估檢舉內容，但需和國健署協調由哪方主責；該署解釋，如民眾是針對法規，會由署內法制組負責，但若是針對在盈利情況下是宣稱療效，這涉及商業行為，需由專家研判，不排除由地方衛生局找愛莉莎莎談；若檢舉內容是針對肝膽排石法有疑問，可能就由國健署辦理。
今日熱門：罔腰腹腔懷孕遭生殖名醫駁斥　全世界都沒這種！「胚胎不是隨便放就能著床」
此外，食藥署也呼籲，任何飲食法都不得宣稱療效，民眾不要誤信偏方。
國健署也證實收到檢舉函，內容包含斷食療法等，但有涉及違反不實廣告，其屬食藥署法規範疇，因此正和食藥署商討中，有結果會盡快說明。（許稚佳／台北報導）
健康蘋道
愛莉莎莎
肝膽排石法",0
41,apple_news,愛莉莎莎代言美妝被戰翻　網轟：購買慾直接滅亡,https://tw.appledaily.com/entertainment/20210218/7KGQJAGQURDN5LM26CDIXX2VBM/,出版時間: 2021/02/18 07:00,,"百萬YouTuber愛莉莎莎日前因分享「喝橄欖油排膽結石」的民俗療法，引來醫界、網軍抨擊，也讓事件因此發酵，在網路上鬧得沸沸揚揚，而惹出的風波也讓代言品牌遭到波及，有百年歷史的化妝品牌Maybelline，一月底才在粉專放上愛莉莎莎的宣傳圖文，沒想到卻被網友灌爆留言，怒轟：「看到她我都不想買了。」
開架美妝品牌Maybelline，日前在粉專刊出愛莉莎莎試用的廣編文，卻引燃網友怒火。翻攝Maybelline粉專
圖片來源 : 翻攝Maybelline粉專
原本愛莉莎莎挑戰的民俗療法，卻被台大醫師「蒼藍鴿」批評誤導觀眾，但愛莉莎莎竟再拍影片宣戰，認為自己不該再這麼軟弱，決定不忍了，反擊「蒼藍鴿」的各項指責，沒想到再度引來醫界人士抨擊，更惹怒了眾多網友。
儘管愛莉莎莎事後下架影片道歉，風波卻沒因此平息，甚至殃及到代言合作的品牌，許多人看到Maybelline粉專發出宣傳文，上面寫到「愛莉莎莎大推的持久粉底，遮毛孔又不暗沉的裸紗感底妝誰不愛」，甚至還有限時特價的領取優惠，但網友看到便宜卻視而不見，紛紛爆氣蓋樓洗版留言。
有網友說「直接全丟了，看到這代言人，我只覺得這產品把自己的名譽給毀」、「這樓好嗆，廠商應該嚇歪」、「看到這代言不知為何就不想買了」、「先撇開爭議不談，光從代言形象與彩妝美感而言，同價位網紅應該有更多更好的選擇吧」、「看到她我都不想買了」、「找愛莉莎莎代言就不把貴品牌產品列入購物車了」、「看到代言人，直接把商品放回架上」、「購買慾直接滅亡」。（節目中心／綜合報導）
愛莉莎莎
代言
Maybelline",0
42,apple_news,愛莉莎莎求網友「別攻擊我爸媽」　陳沂喊話：爬到我現在的高度,https://tw.appledaily.com/entertainment/20210218/M2N27VCFZBF4RHKSVRA4P27YYY/,出版時間: 2021/02/17 20:58,,"網紅愛莉莎莎因在YouTube拍影片介紹「肝膽排石法」引發爭議，甚至遭醫界撻伐，事後雖拍攝道歉影片試圖止血，但仍擋不住網友怒火，家世背景也遭起底，愛莉莎莎16日在IG限時動態發文，請求大家「不要攻擊我爸媽」。不過網紅陳沂看了很有感觸，認為這個世界本來就如此殘酷，對她喊話「當妳爬到我現在的高度，會知道什麼叫雲淡風輕笑看一切」。
愛莉莎莎拍影片道歉，並下架2部爭議影片。翻攝愛莉莎莎YouTube
因介紹「肝膽排石法」引發爭議的愛莉莎莎，連日來被爆黑歷史，甚至家世背景也被網友起底，讓她在IG以黑底白字發出限時動態，「大家要怎麼攻擊我沒有關係，但是拜託不要攻擊我的爸爸媽媽」她。坦言，整起事件讓她最難過的，不是自己被罵，是拖累了明明什麼都沒做的家人一起受罪，「拜託大家不要攻擊我爸爸媽媽，還有求求大家把網路上有我爸媽的內容刪掉。」
對此，常評論時事的網紅陳沂坦言，雖然不認識愛莉莎莎，「但看到她出來說罵她就好不要牽扯她的家人，我想跟她說這個世界，本來就是充滿惡意的」。對於網友將愛莉莎莎家人連帶一起鞭，陳沂護航說：「她爸媽不是公眾人物，本來就不該被拖出來說。」但話鋒一轉，認為公眾人物可受公評，「想想因為我不小心爆紅，還讓父母跟著紅一波呢」。
常受到酸民怒罵的陳沂，特別Tag愛莉莎莎向她喊話，認為世界本來就如此殘酷，沒有人會真正同情妳，要她不需要在意那些批評的聲音，「當妳爬到我現在的高度，會知道什麼叫雲淡風輕笑看一切」。更替她打氣，認為「雖無法阻止這個世界對妳的惡意，能做的只有讓自己變強，才能保護妳想保護的那些人，強大到能守護一切。（節目中心／綜合報導）
愛莉莎莎
陳沂",0
43,apple_news,愛莉莎莎掉粉？訂閱下滑人數曝光　四叉貓：沒事兒,https://tw.appledaily.com/life/20210217/FGSMQQYZRRABNCLRKIJAINNGDU/,出版時間: 2021/02/17 15:19,,"網紅愛莉莎莎日前於YouTube拍片介紹「肝膽排石法」，藉由喝下橄欖油混和液可排出體內膽結石，遭醫生YouTuber「蒼藍鴿」打臉，她第一時間不道歉，引發醫界撻伐後，之後拍攝影片正式道歉。經過此爭議後，是否重創她在YouTube頻道的形象？常觀察YT數據的網路名人「四叉貓」劉宇在分析數據後表示，「沒事兒」，認為只掉粉1.68%。
愛莉莎莎日前發文道歉，表示會接受所有人的建議，14日再發影片，對於自己不夠謹慎，向外界道歉，並下架2部「肝膽排石法」影片。而肝膽排石法也被食藥署盯上，如經評判後認定為誇大不實或易生誤解，可罰4萬至400萬元罰鍰；如醫師等專業評估有涉及宣傳醫療效能，則處60至500萬元；若是散播食安謠言或是不實訊息，且有損害於公眾，3年以下有期徒刑、拘役或100萬元以下罰金。
此事件是否重創愛莉莎莎？目前愛莉莎莎在YouTube頻道有117萬的訂閱人數，2天前的道歉影片則有177萬次的觀看。
劉宇從YouTube訂閱人數去觀察，他在臉書指出愛莉莎莎之前曾維持119萬的訂閱人數超過30天，之後在2月14日和「蒼藍鴿」爭議後降到118萬，今天繼續跌到117萬。
劉宇認為，其實退訂閱的人數並不算多，「本次事件才少了1.68％訂閱，沒事兒沒事兒。」但他也認為「道歉影片是否真的能止血呢？繼續觀察中。」（即時新聞中心／綜合報導）
愛莉莎莎
蒼藍鴿
肝膽排石法",0
44,apple_news,愛莉莎莎肝膽排石法惹議！食藥署有在看　違法踩紅線最重可罰500萬,https://tw.appledaily.com/life/20210216/7GHP2B65MBD75DANXX54EDDE6U/,出版時間: 2021/02/16 17:23,,"（新增：醫師說法）
網紅愛莉莎莎日前於YouTube拍片介紹「肝膽排石法」，藉由喝下橄欖油混和液可排出體內膽結石，引發醫界撻伐；食藥署表示，已查看該影片，內容主要為參考書籍後「自己以為排除膽石後，感覺舒服」的個人經驗，是否有宣傳療效、誇大不實等情況，將再確認內部廣告監測小組有無查到相關事證，或地方衛生局是否接獲檢舉，同時呼籲，相關飲食法不得宣稱療效。
愛莉莎莎上傳「肝膽排石法」的自然療法影片，稱喝下橄欖油混和液便可排出體內的膽結石，且排便出現一顆顆綠色的物體，遭醫生YouTuber「蒼藍鴿」打臉，愛莉莎莎又多拍一支影片反擊，引來更多醫界砲轟，最後愛莉莎莎再發片道歉，同時下架兩部「肝膽排石法」影片。
食藥署表示，已有觀看過愛莉莎莎介紹「肝膽排石法」的影片，主要是強調看書後的個人體驗，「她是自己以為排出膽石，然後感覺舒服。」是否真是膽石，仍要以專業醫師見解為準。
針對該兩則影片是否違規，食藥署回應，將再了解內部廣告監測小組有無監測到相關情況，或地方衛生局有無接獲民眾檢舉，只要有接獲檢舉就會進行評判。
食藥署強調，此類飲食法不得宣稱療效，舉例而言，如影片內容提到「喝油可以預防結石」等言論的話，經專家認定有違規之嫌，衛生機關可依法開罰。
根據《食品安全衛生管理法》第28條規定，食品或食品添加物不能有相關醫療效能標示、宣傳或廣告，亦不得有不實、誇張或易生誤解情形。
食藥署指出，如經評判後認定為誇大不實或易生誤解，可罰4萬至400萬元罰鍰；如醫師等專業評估有涉及宣傳醫療效能，則處60至500萬元；若是散播食安謠言或是不實訊息，且有損害於公眾，3年以下有期徒刑、拘役或100萬元以下罰金。
食藥署表示，目前該兩部影片都已經下架，如民眾有疑慮，可提供存檔影片進行檢舉；此外，針對飲食相關謠言，除了有設置闢謠專區外，也有廣告監測小組時刻監看網路和電台的廣告內容，有發現異狀會主動寫案請地方衛生局調查；同時也呼籲民眾，不要輕易相信沒有經過官方認證的產品或療法。
喝油一年膽結石更多　醫：20多年沒看過有效的
對此，新光醫院胃腸肝膽科主治醫師朱光恩表示，吃太多油膩食物會需要更多膽汁分泌幫助消化，喝油排石是錯誤想法，反而更刺激膽囊，可能會導致膽囊疼痛、發炎得更厲害，一般都會建議膽結石患者，不能吃太油膩的食物，要吃清淡一點。
朱光恩說，門診就曾遇過患者用喝油、喝蘋果汁偏方試了一年，檢查發現結石不只沒有消失，反而還變更多，目前平均每10個病人中至少有2、3人相信偏方，「但看診20多年以來，從沒看過任何患者在試完偏方是有效的。」而喝油後排出的綠色物體，可能只是油和體內食物的結合物，並非石頭。
朱光恩解釋，膽結石形成是體質問題，女性發生率高，以中年女性較多，另外像地中海貧血患者、愛吃油膩食物者也較容易有膽結石。
膽結石治療上，朱光恩說，較積極治療的方式就是進行膽囊切除，切除膽囊並不會對健康造成影響，開刀後三天就可以回家，恢復期短；也有患者選擇和膽結石和平共處，不過，如因此造成急性膽囊炎，會引發「恐比生小孩還痛」的劇烈疼痛，或可能因結石長期摩擦膽囊造成慢性發炎，導致罹癌率增高。
朱也提醒，有膽結石可能會造成消化問題，如長期吃完飯有脹氣、消化不良等症狀，建議可進行腹部超音波檢查，確認是否有膽結石。
（許稚佳╱台北報導）
健康蘋道
愛莉莎莎",0
45,apple_news,愛莉莎莎家世被起底　「別攻擊我爸媽！」她319字請求：刪除這些內容,https://tw.appledaily.com/life/20210216/L7ALJAIUTVG25DFBXF4PG4E5MY/,出版時間: 2021/02/16 13:34,,"網紅愛莉莎莎因在YouTube拍影片介紹「肝膽排石法」引發爭議，甚至遭醫界撻伐，她已發布影片道歉，並且下架2部爭議影片，不過似乎擋不住網友怒火，家世背景也遭起底；她今天則在IG限時動態發文，請求大家「不要攻擊我爸媽！」
今日推薦：亂停擋道被卡死！車主悄留電話求聯繫　受害屋主曝最新進度
有網友起底愛莉莎莎家世背景，指她的爸爸是輔仁大學某學院的院長，許多網友都在討論，「他爸真的是一個非常認真盡責的大學教授」、「他爸在學校的風評聽說很不錯」。
愛莉莎莎今天中午則在IG限時動態以黑底白字發文，「大家要怎麼攻擊我沒有關係，但是拜託不要攻擊我的爸爸媽媽。」她說爸媽是低調行善的人，每月固定捐錢給弱勢族群，「家裡也常常來一些爸媽幫助的阿公阿婆，有幾次還睡在我房間，讓我對爸爸媽媽生氣。」
愛莉莎莎表示，很敬佩爸媽有比她多很多無私的愛，「他們從來不想賺錢，也不想紅，從來不想出現在螢光幕上，只想低調安分過生活。」
她坦言，整個事件讓她最難過的不是自己被罵，是拖累了明明什麼都沒做的家人一起受罪，「拜託大家不要攻擊我爸爸媽媽，還有求求大家把網路上有我爸媽的內容刪掉。」（即時新聞中心／綜合報導）
愛莉莎莎
肝膽排石法",0
46,apple_news,【K律師論點】網紅教喝油排石　想起我爸把我的蛀牙綁在門上…很肚爛,https://tw.appledaily.com/local/20210216/VH3A7OW5ZBDVZEWZGSRZBESEXU/,出版時間: 2021/02/16 13:31,,"作者：林智群律師
新聞：知名YouTuber愛莉莎莎日前拍了一個「肝膽排石法」影片，被台大醫師蒼藍鴿打臉後，愛莉莎莎12日再度發影片回擊，結果引來腎臟科醫師批「拜託妳下架影片不要再凹了」，13日晚愛莉莎莎已把影片標題修改，並關閉留言區以及把喜歡不喜歡數顯示關閉。
可能是因為小時候接觸民俗療法的印象不佳吧！
我從來不推薦別人這個⋯⋯
喔那個民俗療法
就是我爸幫我把蛀牙用線綁起來
套在門上用力關門，
雖然結果是好的，有成功把蛀牙取下來，
但我很肚爛⋯⋯
#隱約感覺到自己是被家暴長大的
※ 本文由 林智群律師（klaw) 授權轉載。
※ 針對時事想闡述專業法律見解嗎？歡迎來稿蘋果日報法庭中心。
林智群
K律師論點
肝膽排石法
民俗療法
蒼藍鴿
愛莉莎莎",0
47,apple_news,愛莉莎莎4度鞠躬道歉！下架「肝膽排石法」2影片　蒼藍鴿籲停止攻擊,https://tw.appledaily.com/life/20210215/GONHNUNCJBCPTITVIINSTMHGHM/,出版時間: 2021/02/15 23:15,,"網紅愛莉莎莎日前在YouTube拍影片介紹「肝膽排石法」，稱藉由喝下橄欖油混和液可排出體內膽結石，遭醫生YouTuber「蒼藍鴿」打臉；她第一時間堅持「不道歉」，引發醫界撻伐。愛莉莎莎前天深夜發文道歉，表示會接受所有人的建議，昨晚再發影片，對於自己不夠謹慎，向外界道歉，並下架2部「肝膽排石法」影片。
今日推薦：後天開工「寒流恐報到」！北台灣先濕冷再轉乾　這3天最凍下探10℃
愛莉莎莎昨深夜發部道歉影片表示，看了非常多人的批評與指教，對自己的資訊內容不夠謹慎道歉「對不起」。她說，最近許多醫療人員告知，醫生在做報告時，不會採用健康雜誌或書籍當資料來源，而她在影片大量引用書本資訊，「對於自己沒有足夠醫療背景及知識下，就抨擊醫師，向大家道歉。」
愛莉莎莎表示，當初急著將自己的經驗分享給大家，但這樣的養生方法可能不適用於每個人，也尚未獲得主流醫學認可，且對於急症病患可能有危險，「2部影片都有做錯的地方，因此將影片下架。」
她提醒大家，做各種療法之前，一定要諮詢過專業的醫生。也反省表示，想分享對於自己不熟的領域，一定會請教更多專業背景的人，她認知到自己是有影響力的網紅，「做事說話都要多方查證，一舉一動更謹慎，謝謝大家的批評與指教。」
而另一位當事人「蒼藍鴿」，周一(15日)晚間也在這支道歉影片下方留言回應。蒼藍鴿表示，他已收到莎莎的信，「內容也很有誠意，請大家就不要持續攻擊了」，他將再出一支小短片做最終回復， 「莎莎也辛苦了」。（即時新聞中心／綜合報導）
蒼藍鴿回應全文：
那個...莎莎的信我已經收到了，內容也很有誠意，請大家就不要持續攻擊了。 老實說12月底拍了那部影片想導正視聽，也沒想到後續引來的風波那麼大， 可能真實遇過使用該方法而產生急性問題的患者，所以講的時候也比較激動。 總之過年時刻浪費大家許多時間也不好意思，我之後會再出一支小短片做最終回復， 莎莎也辛苦了。
愛莉莎莎
肝膽排石法",0
48,apple_news,凌晨還在打球、放煙火！孫生一早「心臟痛」掛急診　憔悴嘆：真的不能太操勞,https://tw.appledaily.com/entertainment/20210215/ATWFPPV5UJDDNIKK3AI3JQ25FE/,出版時間: 2021/02/15 11:56,,"知名YouTuber「反骨男孩」成員孫生今凌晨還在放煙火，沒想到一早就因「心臟痛」掛急診，他嚇到直呼「真的不能太操勞」。
今日推薦：愛莉莎莎4度鞠躬道歉！下架「肝膽排石法」2影片　反省：以後會更謹慎
孫生昨在IG限時動態發文，聚餐完後又去打籃球、放煙火，活蹦亂跳的，沒想到一早在IG發文表示，因心臟痛掛急診。
孫生上傳照片，他一身休閒裝扮，手上戴著醫院的手環，右手壓著他的心臟，看起來相當憔悴。他無奈表示，「每次來急診室都覺得很悲傷，很不喜歡這個手環代表身體又出問題。」（即時新聞中心／綜合報導）
孫生
反骨男孩
心臟痛
急診",0
49,apple_news,網友揭愛莉莎莎「黑歷史」！曾組「玩命女子」搭訕世大運百名洋男挨轟,https://tw.appledaily.com/life/20210215/FWNRWK7FSBA3JLVCRBGNMS2V2I/,出版時間: 2021/02/15 09:48,,"網紅愛莉莎莎YouTube頻道擁有118萬訂閱者，日前拍影片介紹「肝膽排石法」引發爭議，如今已道歉，並下架2部爭議影片。愛莉莎莎人紅是非多，她也被網友起底「黑歷史」，曾在2017年世大運時，闖進選手村搭訕百名外國選手，遭網友批評「崇洋媚外」。不過愛莉莎莎當時回應「只是想要用自己的力量，讓外國人有機會認識熱情的台灣人。」
今日推薦：愛莉莎莎4度鞠躬道歉！下架「肝膽排石法」2影片　反省：以後會更謹慎
網友在台大批踢踢po出當時的報導連結，當時愛莉莎莎與友人組成「玩命女子」團體，拍攝一系列挑戰影片，2017年夏天，世大運在台灣舉行，「玩命女子」深夜到選手村附近，搭訕百名選手。
總計5分多鐘的影片，兩人一開始就遇上了醉翁之意不在酒的墨西哥籃球隊，對方很熱情說要一起去喝酒，並向她們要微信，雙方散步聊天10分鐘後就結束了，「因為他們就要一夜情啊！問去妳家有多遠？去了感覺就是會被X，我不想被X，我為什麼要被X！」。
事後，愛莉莎莎還在臉書發文，表示「政府外交做得不好沒關係，我們靠自己來做國民外交！」
這段影片曝光後，愛莉莎莎收到不少負評，當時她在臉書「玩命女子 Impossible Girls」回應，稱自己不是YouTuber，只是看到哪裡好玩，就跑哪裡，「所以台灣有世大運，為什麼不去選手村玩呢？」
她認為，和路人打招呼、問他們喜不喜歡台灣，「不代表是想跟人家打砲吧？」「那種氛圍很像嘉年華或國際節慶，我覺得大家不必把這件事想得多麽齷齪。」她解釋，會拍這樣的挑戰影片，只是想要用自己的力量，讓外國人有機會認識熱情的台灣人。
一個月後，愛莉莎莎再度發片「搭訕外籍移工」，「很多人酸我們怎麼都搭訕洋男帥哥，怎麼不搭訕車外勞，所以我們就去北車搭訕外籍移工囉。」（即時新聞中心／綜合報導）
愛莉莎莎
黑歷史",0
50,apple_news,回家見這幕火大！屋主一招反擊「對方動彈不得」　神級停車技術上萬人喊：療癒,https://tw.appledaily.com/local/20210215/VHTYDBQW7RDPHIBZ6QHDPYNGYA/,出版時間: 2021/02/15 09:07,,"亂停車造成別人困擾，受害者真的會火大！
一名網友在臉書「爆怨公社」社團po照，照片中，一輛灰色轎車停在他家前面，車頭凸出，超越家門口，害原po難以停進自家車庫。
今日推薦：愛莉莎莎4度鞠躬道歉！下架「肝膽排石法」2影片　反省：以後會更謹慎
原po發文，「抱歉了！我的破車稍微大台了一點，也稍微寬了一點，您這樣停車，小弟要開進自己的車庫只能這樣了停，偏偏您車上沒留電話，再加上您沒在監理站留聯絡方式，造成110勤指中心也無法聯繫您，那等三天後上班再說囉！」
原po將休旅車停進車庫，車身距離對方的車頭僅幾公分距離，而對方車子後面也緊接著停了一輛車，幾乎是動彈不得。
這篇發文短短6小時就吸引超過1.9萬人次按讚，大家驚呼：「樓主停車技術真好」、「強啊！」「技術一拜！讚」、「高手在民間」。許多網友則笑說：「非常療癒呢」、「超療癒的」、「敲碗後續」。（即時新聞中心／綜合報導）
停車
車庫
爆怨公社",0
51,apple_news,網紅教喝油排膽結石　醫轟：結石反而變更大,https://tw.appledaily.com/headline/20210215/VI6ATJCDHVDLPKBLDUWGMXD2ZQ/,出版時間: 2021/02/15,,"【黃仲丘／台北報導】網紅愛莉莎莎日前在YouTube拍影片介紹「肝膽排石法」，稱藉由喝下橄欖油混和液可排出體內膽結石；但醫生YouTuber「蒼藍鴿」拍片打臉指「肝膽排石法」毫無科學根據，事件連日引起網路熱議，醫界也群起批評愛莉莎莎，讓她前天深夜發文道歉，表示會接受所有人的建議。醫師提醒，喝油可能反讓結石變大，也會刺激膽囊收縮，可能讓小顆膽囊結石掉入膽管造成膽液阻塞，造成更嚴重肝炎、肝硬化。
愛莉莎莎發文道歉
愛莉莎莎日前貼出「肝膽排石法」的自然療法影片，宣稱藉由下橄欖油混和液便可排出體內的膽結石；但台大醫師「蒼藍鴿」拍片打臉，表示此作法沒有科學根據，甚至會誘發急性胰臟炎。愛莉莎莎一度揚言不排除提告，但網路上有越來越多醫界聲援蒼藍鴿，愛莉莎莎前天深夜發文道歉，表示會好好吸收每則留言，接受所有人的建議。昨天凌晨愛莉莎莎則與多位醫師在Clubhouse對談，吸引5000名網友擠爆聆聽，許多人大喊進不去。
義大醫院胃腸肝膽科主治醫師王文倫表示，膽囊結石可分為兩大類，一種是屬於高油脂導致的膽固醇結石；另一種則是色素性結石以及色素膽固醇的混合型結石。會長膽結石通常與個人體質與飲食有關，由於膽結石的形成與油脂有關，喝油反而有可能讓結石變的更大；另外，喝油刺激膽囊收縮，有可能讓原本小顆的膽囊結石掉入膽管，造成膽液阻塞，造成更嚴重肝炎、肝硬化，也會因為肝臟出問題，讓皮膚出現黃疸。
王文倫說，大多數人都可以和膽結石和平共處，除非有症狀，尤其是出現右上腹部痛等症狀，才需開刀處理，否則都不用開刀；提醒若膽囊持續發炎，也有可能導致細菌感染化膿以及敗血症，呼籲若有右上腹痛者，應及早就醫檢查。至於像愛莉莎莎的「肝膽排石法」屬於生活型態的建議，目前無法可罰，過去他於門診也遇過喝醋排結石的患者，特別提醒這些方式對於膽結石治療都為無效，目前沒有任何藥物可以溶解膽結石。
愛莉莎莎
蒼藍鴿
膽結石",0
52,apple_news,愛莉莎莎推「肝膽排石法」惹怒醫　醫解析：這樣處理避免結石越喝越大,https://tw.appledaily.com/life/20210214/BRJBMR5G7ZEKXM34VVUFHK5ILQ/,出版時間: 2021/02/14 15:31,,"網紅愛莉莎莎日前拍了一部「肝膽排石法」的影片，宣稱有一種印度的自然療法，叫做「肝膽排石法」藉由下橄欖油混和液便可排出體內的膽結石；但遭醫生YouTuber「蒼藍鴿」拍片打臉，引起醫界、民眾熱議，也讓愛莉莎莎深夜再發文道歉，表示會好好吸收每則留言，接受所有人的建議；肝膽腸胃科醫師提醒，喝油有可能反而會讓結石變大，也會刺激膽囊收縮，有可能讓原本小顆的膽囊結石掉入膽管，造成膽液阻塞，造成更嚴重肝炎、肝硬化。
相關新聞：「肝膽排石法」惹議！愛莉莎莎不凹了　深夜道歉：我會接受大家的建議
網紅愛莉莎莎日前一部「肝膽排石法」的自然療法影片，宣稱藉由下橄欖油混和液便可排出體內的膽結石；但遭但遭醫生YouTuber「蒼藍鴿」拍片打臉，「蒼藍鴿」於影片前就以愛莉莎莎所說：「人的肝臟膽囊有非常多的結石」，立即做出更正，指「膽囊確實有可能有結石，但肝臟內是不會有結石」。網路上也有越來越多醫界聲援蒼藍鴿，也讓愛莉莎莎，深夜再發文道歉，表示會好好吸收每則留言，接受所有人的建議。
義大醫院胃腸肝膽科主治醫師王文倫表示，膽囊結石可分為兩大類，一種是屬於高油脂導致的膽固醇結石；另一種則是色素性結石以及色素膽固醇的混合型結石。
王文倫說，會長膽結石通常與個人體質與飲食有關，由於膽結石的形成與油脂有關，喝油反而有可能讓結石變的更大；另外，喝油刺激膽囊收縮，有可能讓原本小顆的膽囊結石掉入膽管，造成膽液阻塞，造成更嚴重肝炎、肝硬化，也會因為肝臟出問題，讓皮膚出現黃疸。
王文倫說，以歐美的民眾來說，膽囊結石多以膽固醇結石為主，可以使用一些膽結石溶解劑來融化結石；但台灣人則多以色素性結石以及色素膽固醇的混合型結石為主，目前是沒有任何溶解藥物可以處理。
王文倫說，大多數人都可以和膽結石和平共處，除非有症狀，尤其是出現右上腹部痛等症狀，才需開刀處理，否則都不用開刀；提醒若膽囊持續發炎，也有可能導致細菌感染化膿以及敗血症，呼籲若有右上腹痛者，應及早就醫檢查。
王文倫說，像愛莉莎莎的「肝膽排石法」屬於生活型態的建議，目前無法可罰，過去他於門診也遇過喝醋排結石的患者，特別提醒這些方式對於膽結石治療都為無效。(黃仲丘／台北報導)
愛莉莎莎
蒼藍鴿
肝膽排石法",0
53,apple_news,嘉義奇景！深夜人潮擠爆馬路「被整包垃圾K到」　網友看這幕驚：喪屍出征！,https://tw.appledaily.com/life/20210214/B3MFXPIB3RALLOVXXH77PBL3IQ/,出版時間: 2021/02/14 12:56,,"春節假期停收垃圾，嘉義市政府提供文化路定點定時垃圾車，讓民眾倒垃圾，有網友就上傳影片，垃圾車都還沒停好，大批民眾提著一袋袋垃圾，往垃圾車「投籃」，還有人被垃圾砸到。
大批民眾排隊倒垃圾。翻攝《路上觀察學院》社團
嘉義的網友在「路上觀察學院」及「我是嘉義人」社團上傳影片及照片，許多市民提著垃圾袋，垃圾車都還沒停好，大家就邊走邊丟，一包包垃圾在空中「彈跳」，女網友看了驚呼：「可以等車停好在丟嗎？這樣很危險餒，有人直接被後方丟的垃圾K到！」
今日推薦：「肝膽排石法」惹議！愛莉莎莎不凹了　深夜道歉：我會接受大家的建議
照片中，民眾步行、騎車等到垃圾，佔據了一整個車道，許多網友留言：「夜半時分，喪屍出征」、「搶頭香的概念？」、「這麼多人提垃圾...垃圾車要爆掉了吧」、「不說我還以為是遶境呢」。
嘉義市民出現丟垃圾喪屍奇景，大批人追著垃圾車跑，對此，嘉義市環保局清潔隊長林文郁表示，垃圾車停車得抵達定點才開始收取垃圾，當時的情況是，很多民眾根本在車還沒有停時，就開始追著垃圾車一直丟，才會出現這種畫面。這種情況真的很危險，且會影響到交通，呼籲民眾等垃圾車停妥再丟垃圾。
嘉義市政府2月12日至2月15日（初一至初四）停止清運4垃圾天，不過為了方便民眾，這幾天也有定點收垃圾，時間和地點如下：文化路晚間10時30分至凌晨3時定點停靠於蘇周連宗祠大門口旁： 凌晨3時至5時20分定點停靠於文化路噴水圓環。白天定點定時垃圾車收運：蘇周連宗祠大門口旁，上午8時至下午4時。 南門圓環旁上午8時至下午8時。 (即時新聞中心、地方中心王智勇／綜合報導)
嘉義
垃圾車",0
54,apple_news,愛莉莎莎CH與醫師正面對談　網友擠爆！5千人湧進瞬間爆棚,https://tw.appledaily.com/life/20210214/XLLI6ARZMZC5FJG6W3YL7TZDWA/,出版時間: 2021/02/14 08:25,,"知名YouTuber愛莉莎莎日前拍了一個「肝膽排石法」影片，被台大醫師蒼藍鴿打臉後再發影片回擊，事件餘波盪漾。而今天凌晨，愛莉莎莎與多位醫師在clubhouse對談，5千網友擠爆，許多人大喊進不去，因為這場對談不只是雙方都在，連台大教授葉丙成、網紅理科太太、聶永真等都在場。
台大教授葉丙成在臉書分享「現在在CH，愛莉莎莎加入了一群醫師開的聊天室」不少葉丙成的臉友看到後也想進到聊天室，「好多人，進不去了」、「瞬間滿房．太誇張啦」、「擠不進去」、「雙方對談，真的算是理性討論」。
關於雙方談話內容，不少網友表示多位醫師的態度都非常平和，慢慢解釋給愛莉莎莎了解為什麼不支持「肝膽排石法」。臉書社團《白袍恐懼症》整理雙方對話，像是身為網紅或意見領袖為何在尋求醫師意見時有困難？因為他們可能不認識醫師，或是有時會遇到無法理解專業術語，或是訪了多位醫師但各自看法分歧等，至於建議方面，醫師也建議日後若有類似影片，最好合作確認內容的正確性。
至於西醫與自然療法，《白袍恐懼症》也整理醫生對於自然療法的看法，其實只要在不違背急重症西醫治療的前提下，通常是會持開放態度！PTT名人四叉貓也整理出愛莉莎莎的結論，她表示「今天感謝大家給我意見，我會請經紀公司幫忙篩選出現場3-4位醫生上我的頻道，另外再做一集討論，謝謝」（即時新聞中心／綜合報導）",0
55,apple_news,愛莉莎莎「肝膽排石法」挑戰正統醫學　「蒼藍鴿」訂閱數被報復,https://tw.appledaily.com/life/20210214/6KVOHA6ITVEJVFJLUCIQ46C5GI/,出版時間: 2021/02/14 07:41,,"知名YouTuber愛莉莎莎日前拍了一個「肝膽排石法」影片，被台大醫師蒼藍鴿打臉後，愛莉莎莎12日再度發影片回擊，結果引來腎臟科醫師批「拜託妳下架影片不要再凹了」，愛莉莎莎先是關閉影片留言區，但無法止住網友抨擊，13日終於發文道歉：「我已經準備好來了解並接受所有人的建議，我會在過年這段時間好好吸收並了解每一則留言。」至於最起初打臉愛莉莎莎的台大醫師蒼藍鴿，則在YouTube的訂閱數則被「報復性」上漲，不到一天的時間就爆增近萬人！
鄉民在ptt發文，他說「蒼藍鴿12日的訂閱數為37.9萬，以4天增加一千人的速度緩步增加。而在經過13日的愛莉莎莎事件後，目前蒼藍鴿的訂閱數來到38.8萬，不到一天的時間就爆增近萬人。有沒有愛莉莎莎想討拍反讓對方人氣爆增的八卦？」截至14日早上7點，蒼藍鴿的YT訂閱人數已至39.5萬，看來因愛莉莎莎的事件，蒼藍鴿的人氣確實爆增中。
事件起因為愛莉莎莎」去年11月發表影片，內容提到自己靠著「喝橄欖油」排膽結石，還記錄了7天療法全過程，遭到台大兒科醫師兼YouTuber「蒼藍鴿」打臉，直指愛莉莎莎不該拍片誤導觀眾。事隔1個多月，愛莉莎莎再度拍片反擊，她於12日發表影片，標題為「不忍了！正式回應蒼藍鴿對我的各種指責」，澄清自己在進行肝膽排石法以前有買書來看，愛莉莎莎更批評蒼藍鴿引用的Lancet期刊有一大串破綻等。
愛莉莎莎再發文後，一位腎臟科醫師留言「拜託妳下架影片不要再凹了，不要造成我們醫療人員的困擾，醫師作證？妳知道什麼叫做拿錢辦事嗎？妳怎麼好意思拿Google的資訊來跟七年的醫學系攻讀對抗？我真的是沒看過比你更可笑的了，妳知不知道半夜被叫回醫院，只因為有人相信搏眼球的YTR的偏方或網路偏方導致要洗腎這件事有多痛苦？你知不知道看著那些人因為誤信偏方導致後半輩子被毀掉會帶給醫生多大的心理壓力？Lancet醫學期刊可謂是醫界最具權威性的醫學書籍…妳就給我去投稿，妳只要通過一篇我就立馬辭職。」
雙方發文引起網友熱烈討論，愛莉莎莎稍晚態度軟化，將13日發文的標題從「不忍了！正式回應蒼藍鴿對我的各種指責」，修改為「正式回應蒼藍鴿對我的各種指責」，也就是將「不忍了」拿掉，由於仍無法止住批評，愛莉莎莎才在深夜再發文道歉表示會好好吸收每則留言，接受所有人的建議。（即時新聞中心／綜合報導）",0
56,apple_news,「肝膽排石法」惹議！愛莉莎莎不凹了　深夜道歉：我會接受大家的建議,https://tw.appledaily.com/life/20210214/USZCRKUHORCMTBUZMYU3IKK4Z4/,出版時間: 2021/02/14 06:53,,"YouTuber愛莉莎莎日前拍了「肝膽排石法」影片，遭台大醫師蒼藍鴿打臉，她12日再度發影片回擊，又引來醫療人員指責。愛莉莎莎昨晚先將影片關閉留言，深夜再發文道歉，表示會好好吸收每則留言，接受所有人的建議。
相關新聞：愛莉莎莎「肝膽排石法」挑戰正統醫學　「蒼藍鴿」訂閱數被報復
蒼藍鴿日前批愛莉莎莎的「肝膽排石法」影片沒有科學根據，完全沒有任何論文驗證。愛莉莎莎12日反擊，強調自己有做功課，她不會道歉，也不會把影片移除。她無奈表示，「我對這件事的感想就是，我覺得要抹黑一個人真的很容易耶，只要一個有知識背景的人，他隨隨便便講了一個錯誤的資訊，全部的人都會被唬的一愣一愣的，因為除了我以外，不可能有其他人去查那一篇期刊的原文內容吧」。
有腎臟科醫師留言表示，愛莉莎莎就是沒有做功課，「身為一個腎臟科醫師，拜託你下架影片不要再凹了，不要造成我們醫療人員的困擾拜託。」
愛莉莎莎事後先將該則影片標題修改，並關閉留言區。她深夜在IG發文表示，對於過年佔用大家寶貴與家人相處的時間，以及臨時關留言而跟大家說聲抱歉。「現在，我已經準備好來了解並接受所有人的建議，我會在過年這段時間好好吸收並了解每一則留言，謝謝每一個願意給我建議的人。」並表示，影片留言已重新開啟。（即時新聞中心／綜合報導）
愛莉莎莎
肝膽排石法
蒼藍鴿",0
57,apple_news,愛莉莎莎「肝膽排石法」　遭醫生打臉後影片關留言,https://tw.appledaily.com/life/20210213/H3Q5TYVAYRFOHNQOKZGSTT2ZWE/,出版時間: 2021/02/13 20:19,,"知名YouTuber愛莉莎莎日前拍了一個「肝膽排石法」影片，被台大醫師蒼藍鴿打臉後，愛莉莎莎12日再度發影片回擊，結果引來腎臟科醫師批「拜託妳下架影片不要再凹了」，13日晚愛莉莎莎已把影片標題修改，並關閉留言區以及把喜歡不喜歡數顯示關閉。
蒼藍鴿日前批愛莉莎莎的「肝膽排石法」影片完全沒有科學根據，完全沒有任何論文驗證。「反正她後面會講要喝一堆橄欖油怎麼樣，其實那樣子真的是非常傷身體，有些人崇信這樣的方法之後，一喝大量的油下去馬上急性膽囊炎發作，甚至誘發急性的胰臟炎，妳自己試沒有效就算了，為什麼妳還要把不正確的東西拍成影片給大家知道」。
對於蒼藍鴿的批評，愛莉莎莎12日反擊說她不會道歉也不會把影片移除，強調她有做功課，稱「很多醫師他們都是在推崇肝膽排石法的」，並發表感想說，「我對這件事的感想就是，我覺得要抹黑一個人真的很容易耶，只要一個有知識背景的人，他隨隨便便講了一個錯誤的資訊，全部的人都會被唬的一愣一愣的，因為除了我以外，不可能有其他人去查那一篇期刊的原文內容吧」。
而有腎臟科醫師在愛莉莎莎的影片留言說愛莉莎莎就是沒有做功課，「身為一個腎臟科醫師，拜託你下架影片不要再凹了，不要造成我們醫療人員的困擾拜託」，嗆聲說，「拿Google的資訊來跟七年的醫學系攻讀對抗？我真的是沒看過比你更可笑的了」，並補充說Lancet醫學期刊可謂是醫界最具權威性的醫學書籍，裡面的任何一篇文章，哪怕是你所謂的投稿，都要經歷層層反覆經手多位權威醫師、博士、教授的審文程序才可以發布，「你說他可信度不足？沒投過不要說幹話好嗎？」要求愛莉莎莎去投稿，只要通過一篇他就立馬辭職，「吃米不知米價，不要這麼無知好嗎，要民眾不相信權威醫學期刊去相信妳的可笑商業書籍，只有那些跟你那本書一樣可笑的莎粉才會做吧」。
目前愛莉莎莎該則影片已把標題修改，並關閉留言區以及把喜歡不喜歡數顯示關閉。（即時新聞中心／綜合報導）
愛莉莎莎
蒼藍鴿
肝膽排石法",0
58,apple_news,中國人想進Clubhouse自由言論　中共喉舌直白開嗆「不可能」,https://tw.appledaily.com/international/20210209/YO4HSXIVLJFW7FOELOGKM3GF6E/,出版時間: 2021/02/09 18:49,,"因為能讓中國網友在敏感的新疆、香港等議題暢所欲言，語音社群軟體《Clubhouse》意外在網路高度管制的中國躍升成為「自由言論天堂」，然而這個天堂在昨傍晚戛然而止，遭到中國出手封鎖。中國官媒《環球時報》總編輯胡錫進今直言，有一小部分對於這論自己有極高的要求，「但他們的那種願望不可能在現實環境下得到滿足」。
今日推薦：被爆開嗆管理員「不是知道我誰嗎」　百萬網紅愛莉莎莎回應了
胡錫進今天下午在微博發文表示，雖然中國有些人在討論《Clubhouse》，但終究是很小眾的事情，他強調在中國的言論事務，就必須要適合中國的治理體制，不能對於國家造成衝擊和破壞，「完全不受控的互聯網言論平台在今天中國的現實條件下不可能出現」。
胡錫進認為，網路言論要有足夠的空間表達意見，但也必須受到法律監管，這兩者之間必須不斷地磨合。他指出，中國憑著治理體制帶來幾十年的高速發展以及人民的巨大福祉，而人民也必須理解這種治理有著管理言論的需求。（即時新聞中心／綜合報導）
中國
言論自由
胡錫進",0
59,apple_news,狂吞54顆磁力球拼當萬磁王　12歲少年險死,https://tw.appledaily.com/international/20210209/BUSCBVCYGJEQDJBSNVKA3CVS7Y/,出版時間: 2021/02/09 18:13,,"英國一名12歲少年莫里森（Rhiley Morrison），為了實驗自己的身體能否產生磁性吸住物體，竟然狂吞了54顆磁力球，差點喪命，後來經過6小時手術搶救，術後又有10天無法動彈只能通過輸液管進食，終於保住了生命。
今日推薦：被爆開嗆管理員「不是知道我誰嗎」　百萬網紅愛莉莎莎回應了
綜合外媒報導，住在曼徹斯特的莫里森患有自閉症等疾病，相當熱衷於科學實驗，他這次為了測試身體能否產生磁性，讓身體吸住金屬物品，於是分兩次吞下了54顆硋力球。不過後來他發現自己無法將磁力球消化，只好向母親沃德（Paige Ward）求助，不過宣稱自己只是吞了2顆。
沃德帶兒子去醫院檢查照X光並進行手術，這才得知兒子吞的不是2顆、而是54顆，她也表示，依據外科醫師的說法，如果兒子當天沒有向自己坦白，恐怕已經沒命了。雖然手術成功取出了磁力球，不過莫里森的腸道仍不時流出的綠色液體，讓他不停作嘔，他有長達10天無法動彈，只能靠輸液管進食，最後在醫院待了2周才康復出院。
沃德表示，自己不敢相信兒子面臨生死關頭，竟然只是因為一些磁力球，她目前已經清空了家裡所有磁鐵相關物品，也提醒其他父母，「莫里森很幸運活了下來，但有些小孩不會。」（即時新聞中心／綜合報導）
英國
磁力球
萬磁王",0
60,apple_news,【超扯影片】敢打我兒子！父怒復仇拎小雞狠摔　少年頭撞地重傷失憶,https://tw.appledaily.com/international/20210209/YLDHVDNNJZG4TLRXLBSSZ3T4OM/,出版時間: 2021/02/09 17:07,,"羅馬尼亞胡內多阿拉一處公園，日前有兩名孩子疑似為了搶奪遊樂設施發生爭執，其中一名7歲孩子的父親，因為不滿兒子被13歲少年攻擊，憤而直接如拎小雞般抓起少年後狠摔在地，少年當場昏迷不醒，目前頭部嚴重受傷，有失憶的情況，仍在住院治療。
今日推薦：被爆開嗆管理員「不是知道我誰嗎」　百萬網紅愛莉莎莎回應了
據《BANATUL AZI》網站報導，這段父親為子復仇的影片引發當地熱議，這名父親不滿兒子被攻擊，直接走向少年，隨即一把拎起少年，然後狠狠摔在地上，少年背部、頭部撞地後失去意識，其他民眾趕過來察看。而父親之後又走向自己兒子，將兒子推打在地，似乎對於兒子的表現也很不爽。
父親不滿自己兒子被打，憤怒教訓13歲少年。翻攝自《BANATUL AZI》
這名39歲的父親事後被警方逮捕，他供稱自己當時非常憤怒，因為少年竟然用暴力對待他的小孩，他太生氣才會做出這樣的舉動。他後來被警方拘留24小時。
被毆少年的母親則表示，兒子的情況嚴重，他背部、頭部嚴重受傷，記不起任何事情，目前仍在住院接受神經外科的治療。（即時新聞中心／綜合報導）
羅馬尼亞",0
61,apple_news,被爆開嗆管理員「不是知道我誰嗎」　百萬網紅愛莉莎莎回應了,https://tw.appledaily.com/life/20210209/T5NIUIM6DVCCDKBB52ULD7A3MI/,出版時間: 2021/02/09 17:03,,"YouTube頻道擁有119萬訂閱者的網紅愛莉莎莎，被自稱與她住同棟樓的鄰居爆料，表示愛莉莎莎對管理員態度很差，還嗆管理員「你們不是知道我是誰嗎」。愛莉莎莎則在IG限時動態駁斥，表示自己與管理員感情都很好，「哪來的造謠仔？」
今日推薦：【超扯影片】敢打我兒子！父怒復仇拎小雞狠摔　少年頭撞地重傷失憶
有自稱愛莉莎莎的鄰居在Dcard爆料，表示愛莉莎莎業配商品很多，管理員依照大樓規定流程問她戶號名稱和拍照，愛莉莎莎都很不耐煩地表示「你們不是知道我是誰嗎？」然後要管理員將她的業配商品送到她的住處。
「我什麼時候說過這種話？」愛莉莎莎今天透過IG限動駁斥表示，自己與管理員們感情都很好，不但公關品食物會分給管理員，出去玩也會帶伴手禮給管理員，因為她知道自己的公關品很多，讓管理員們很辛苦，她也強調，自己的包裹都是自己用推車推回家的，「什麼時候讓管理員拿上去過？哪來的造謠仔？」
愛莉莎莎又引述另一名鄰居的留言，該鄰居表示自己很多次在大廳遇到愛莉莎莎，「她都在跟管理員聊天，沒見過她不耐煩...酸民就是酸民隨便亂講話。」（即時新聞中心／綜合報導）
愛莉莎莎",0
62,apple_news,愛莉莎莎逛唐吉訶德「買不下手」　吐真心話：不懂為何這麼多人排隊,https://tw.appledaily.com/life/20210123/EFJINWZ22FC4NOXEM47NVZPOJU/,出版時間: 2021/01/23 14:07,,"日本連鎖平價賣場「唐吉訶德」台灣首店本月19日在台北市西門町開幕，連日吸引大批人潮，排隊人龍長達好幾百公尺，連疫情指揮中心都急喊「希望大家不要擠在一時」。
知名YouTuber愛莉莎莎也跟上這股風潮，排了約一個小時的隊伍後進入，但她卻坦言，逛完有點滅火「不太懂怎麼會有那麼多人排隊」，透露自己近期內應該不會想要回訪。
愛莉莎莎表示，她進去逛之後發現大部分的東西其實「屈臣氏、康是美」等藥妝店或是電商PChome都有販賣，唯二讓她覺得CP值不錯的是「1盒45元的蕨餅」，買了5盒滿好吃，吃不出來是廉價蕨餅；另一個是頗為搶手的日本調製豆乳，她平常去日本就會狂買狂喝，但回家發現PChome上就有賣。
另一個大家搶翻的熊本草莓，愛莉莎莎則是覺得太貴「真的買不下去」，她吐露心聲「逛完後不太懂怎麼會有那麼多人排隊，近期內不太會想回訪」，但也表示等人少一點才會想要去加買其他商品。
愛莉莎莎心得文勸退不少網友，但也有人吐嘈「不是啊！妳說不懂為什麼那麽多人排隊？可是你不也去了嗎？」。（即時新聞中心／綜合報導）
唐吉訶德
愛莉莎莎",0
63,apple_news,愛莉莎莎坦言逛街沒戴好口罩「有疏忽｣　網友怒轟「根本是防疫破口」,https://tw.appledaily.com/entertainment/20201229/D3I2LESJ2FC2TDAHQHERYYZOEM/,出版時間: 2020/12/29 22:59,,"新冠肺炎疫情持續延燒，自22日傳出染疫紐西蘭籍機師未遵守防疫規範，維持253天零本土感染就此破功，讓中央疫情指揮中心繃緊神經加強疫調，嚴防本土病例擴大，更要民眾外出時，將口罩戴好戴滿，不過近日網紅愛莉莎莎發布新片，分享到三井outlet逛街的購物攻略，卻因沒將口罩戴好，被網友砲轟「根本是防疫破口」。對此，愛莉莎莎也在IG限時動態PO文，她表示拍攝影片的時候台灣完全沒有疫情，也坦承自己「有點疏忽，是我的問題，現在有本土疫情後我變得很小心，謝謝提醒」。
愛莉莎莎在賣場內開箱各大專櫃，卻因沒戴好口罩挨轟。
圖片來源 : 翻攝愛莉莎莎YT
在本土感染個案出現前，中央疫情指揮中心為了防堵國際疫情，12月1日開始，就要求民眾在八大類場域活動時，務必配戴口罩，若經勸導不聽者，將依法開罰最高1萬5千元以下罰鍰，不過有網友發現，近日愛莉莎莎上傳的新片中，在林口三井outlet血拚三小時，無論是在室內或戶外，都沒有將口罩戴好，有時只將口罩戴在下巴，或是口罩未遮住鼻子，甚至邊拉下口罩四處介紹，讓網友認為愛莉莎莎身為公眾人物，這樣帶頭違法的舉動，相當不妥。
不少粉絲看到，也紛紛留言提醒，希望她在防疫期間能做好示範，保護自己也保護他人，看到網友提醒，愛莉莎莎也留言解釋，「進去賣場旁邊有人的時候都帶著，出來旁邊沒人，跟大家解釋的時候才拿下來」，有粉絲也護航補充，「她意思是講解影片都會脫下來，才講得比較清楚，戴上去收訊不好」。
不過此番言論，又引發網友怒火，紛紛蓋樓痛批「感覺只是戴好看的，而不是認真在做防疫」、「我的眼睛無法離開她的口罩，麻煩把口罩戴好好嗎」、「從頭到尾口罩只是個裝飾品，遮下巴跟嘴巴的概念，畢竟在公共場所，口罩還是戴好吧，何況一直在講話」、「疫情期間想一下旁人感受吧」、「口罩沒有遮住口跟鼻，好像就沒有戴的意義了欸」、「口罩很悶這點全世界人都知道，但公眾人物／youtuber（至少在拍片期間）做好榜樣很重要」、「把口罩戴好是有多難，除了吃飯之外本來就該戴好啊」。
造成網路熱議話題之後，愛莉莎莎今天再於IG限時動態PO文，表示拍攝影片的時候台灣完全沒有疫情，也坦承自己「有點疏忽，是我的問題，現在有本土疫情後我變得很小心，謝謝提醒」。
我國已於12月1日起實施「秋冬防疫專案」，強制要求民眾於八大類高感染風險場域活動時，務必佩戴口罩，未佩戴口罩且經勸導不聽者，將依法開罰。而愛莉莎莎於12月17日拍攝影片，依法必須佩戴口罩，並非她所言有本土疫情才要小心。北市副市長黃珊珊也表示，北市今（29日）開出第一張未戴口罩3000元罰單，該乘客這月15日搭捷運，勸導不聽今依《傳染病防治法》移請北市交通局查處。（節目中心／綜合報導）
更新愛莉莎莎IG照片、回應
出版時間:00:01
更新時間:22:59
愛莉莎莎
網紅
口罩
新冠肺炎
防疫",0
64,apple_news,YouTube 揭密觀影偏好　6成年輕人愛追Vlog,https://tw.appledaily.com/gadget/20201110/YBU6CKHGMRA4PECMVCJ5CDHACM/,出版時間: 2020/11/10 10:15,,"YouTube與台灣社群平台Dcard攜手公布「年輕人，你在看什麼？YouTube 閱聽習慣調查」，分享18~24歲的「Z世代」年輕族群觀看網路影音平台的偏好。今(10)日公布的1057份有效問卷結果顯示，年輕人喜歡觀看的影片形式分布相對平均，有63%的人喜歡代入感較高的Vlog，另有59%愛看教學/開箱、53%喜歡節目、51%喜歡MV/樂器演奏/歌唱，而談話/訪談的形式則有41%年輕人喜歡。
以類型來看，有37%的年輕人最喜歡在YouTube觀看「娛樂/搞笑」類影片，17%則鍾愛「音樂」影片，而被問到喜歡觀看的原因，72%表示是為了放鬆和打發時間，出於對該影片主題有興趣的人則有59%。
Dcard行銷暨營運經理鄭雅婷表示：「過去幾年我們發現年輕人開始用『追星』的方式討論YouTuber，因此開設了專屬討論板，本次調查中也發現年輕人最強的分享動機就是支持創作者。」YouTube大中華區策略合作夥伴資深總監陳容歆說：「我們很開心能透過Dcard實際探索年輕觀眾使用YouTube的行為視角，希望為影音內容創作者帶來不同的啟發，帶動YouTube生態圈正向循環。」
問及為何喜歡觀看特定的影片內容類型，72%以上受訪者表示能夠放鬆與打發時間，反映YouTube成為年輕族群的紓壓管道，59%對主題有興趣、58%是因為喜歡特定的創作者。那什麼是影響提升觀看YouTube影片的原因？高達96%的年輕人重視內容與題材，77%認為創作者的魅力具有吸引力，至於技術面的影響則相對較低，僅有43%的年輕族群認為影片的拍攝手法或剪輯風格會影響觀看意願。
至於年輕人如何發掘新的創作者或頻道，問卷調查顯示65%是從YouTube首頁或播放清單推薦、39%從YouTube發燒影片推薦而認識到新創作者，除了平台的推薦之外，55%的人從社群論壇的討論上得知，也有47%的人表示會透過自己關注的創作者和其他人的合作影片而認識沒看過的頻道。
Dcard全站討論度最高的YouTube影音創作者，第1位由已解散的「狠愛演」奪下，第2至5名分別為反骨男孩、愛莉莎莎、見習網美小吳、博恩夜夜秀，第6至10名則是阿滴英文、黃氏兄弟、蔡桃貴、蔡阿嘎、欸你這周要幹嘛。（廖家葆／綜合報導）
YouTube
Dcard
Z世代
YouTuber",0
65,apple_news,【網紅撈金1】50萬年收暴增4倍　接案攝影師變小豪宅屋主,https://tw.appledaily.com/property/20200720/BDPZRBMYDB5IPFLRIKQBJYICJU/,出版時間: 2020/07/20 12:34,,"上班族死薪水難圓買房夢，創業當網紅卻不樣了，擁百萬粉絲的YouTuber愛莉莎莎Alisasa，購入千萬萬華小豪宅，第一代網紅蔡阿嘎更買下北投4千萬住家，深不可測的財力令人讚嘆，《蘋果新聞網》找來網紅獻聲說法，剖析如何創業買房。
此次獻聲的小賴(33歲)，在臉書粉絲團上擁有超過9萬人氣，一則PO文至少500人以上按讚，屬於有本科專業發展出來的內容型網紅，他本業是接案的攝影師，北中南都有他的蹤跡，最好的時候年收入大約50萬。
 
5年前因緣際會從接案攝影師轉型在網路上教學攝影，也順勢開始了他的網紅生涯，他說從從業人員變成老師，最明顯的轉變就是「話語權」變大，而這也是使他真正轉型網紅的契機。

自從有了講師身分，邀約、邀稿的業外收入，一年增加的收入大約就多了20~30萬，3年前他開始在自媒體的經營上下苦功，短短時間粉絲團人數就衝破9萬，他很自豪這些並不是花錢買來的假粉絲，從專業斜槓網紅，從兼職轉到全職網紅，他說第一年他的年收入就已經達120萬，與之前相比多了一倍有餘，第二年他就拿著存下約60萬的購屋基金，下定台中七期的小豪宅預售屋。

側面了解小賴入手的建案，總價約1100萬左右，屬於1+1房，實際室內坪數約17坪，小賴說會購入預售案，主要是因為付款彈性，以他手頭只有60萬，怎麼算最多也只能買到總價3、4百萬的房子；但預售屋的好處就是只要在交屋前湊齊頭期款，再利用這兩、三年的時間拚事業，以他現在的年收入超過200萬來算，連未來5年的房貸錢都準備好了。

網紅經濟能夠如此蓬勃到購入金額龐大的房屋，還有一個要點，就是「不用繳稅」!小賴說，個體戶的小網紅、小藝人，實賺實拿要存到錢也相對容易。他回憶當初剛全職當網紅，小型公司或是網路上以流量換來的廣告費，基本上都是實拿，加上本身攝影接案也都是現金交易，並沒有太大的「稅」問題；但是經過2年，他相對有人氣了，大型公司行號邀稿會用個人名義填勞務報酬單，也曾歷經被人檢舉報稅未落實的糾紛，導致申報9A稅制的部分收入被改成50薪資稅制，最後國稅局再追稅，之後他就創立個人工作室，避免這種情況再發生。
 
不過他說網紅其實很競爭，但只要人氣一上來「錢真的來得太容易」，他舉例說，IG粉絲人數在一萬以上的，就可能有業者願意付費找你業配，金額可能一萬以上；還有在直播平台賣東西的，業者找你站台可能花個10萬，但整場銷售出去50萬，廠商、網紅都賺，大家笑呵呵，就會有下次合作的空間。
 
在中部地區部落客，網紅接單的價碼，部落格文章日流量5000以上，就能長期找相關公司當旗下寫手，價碼一篇至少一千；若以社群軟體為主的網紅，粉絲追蹤人數有2萬，一樣是千元起跳的價碼。而另一種直播平台的直播主，則是有公司簽約，以收到斗內金額來拆帳，一個月15~20萬收入的大有人在。
 
專職在吃喝玩樂的部落客廖小姐就私下說，「一開始經營部落格，很單純是想分享生活，但隨著人氣變高越來越多廠商會找來邀稿，會有種受寵若驚的感覺，五年前我本來是一般上班族，後來嫁人生孩子之後當全職媽媽，但持續經營部落格，一個月多多少少也有個萬元可以自己花用。」
 
至於網紅買房，小賴則認為是見仁見智，他也有網紅朋友不買房但投資多項副業；他認為會把網紅當成工作志向的多半是年輕族群（15~20歲），但也撐不久；他觀察會買房的網紅，大多都已經是「老」網紅(25歲以上)，年紀到了對於金錢上的觀念也趨於保守。
 
距離逢甲不遠的有巢氏房屋台中西屯亨隆加盟店副理彭育峰表示，近兩年來是網紅身分來買房的購屋者，大概50件會有1件，未來也有增多的機會。尤其近幾年科技產品的發達，其實越來越多人「斜槓」網紅，有些購屋民眾也是深聊後才知道，對方除了正常工作外還有另一個網紅職業。
 
彭育峰說最近在房市也吹起一股「拍片帶看」的趨勢，比起過去用平面照片，影片不但互動性高，也可以把細節交代更清楚，除了衝自身人氣也能增加詢問度。（陳筱惠/台中報導）
網紅
買房
投資",0
66,apple_news,【原住民心聲】Black Lives Matter運動，與台灣無關嗎？,https://tw.appledaily.com/forum/20200618/OXZWYFJUDH7Y7542FRN5OMPZS4/,出版時間: 2020/06/18 11:05,,"王商益／中部平埔族群青年聯盟成員
 
日前美國因警察暴力執法，引發種族歧視爭議，點燃「Black Lives Matter（黑人的命也是命）」的多起抗爭，響應的聲音不僅是侷限美國內部，也連帶影響了全球各國家，包括英國、法國、日本、澳洲等國家，當地多個反種族歧視團體自主發起一系列示威行動。
 
而在歷史遺留的種族問題中，除了這次不幸離世的喬治·弗洛伊德（George Floyd）事件，在這一波抗爭行動中，同時也讓加拿大原住民與澳洲原住民，族人多次連續遭到警察執法過當致死的爭議浮出檯面，並激起原住民社群討論的白熱化，許多族人更挺身走上街頭進行種族歧視的議題討論，呼籲政府應重視的，不僅僅是當代黑人面臨的社會壓迫，也包含原住民。隨著議題延燒在不同國家地域的歷史發展脈絡下，產生出不同角度的議題倡議，其中也包括台灣。
 
先前在台外籍人士在台北舉辦「黑人的命也是命」（Black Lives Matter，BLM）集會；原住民族青年團體也到場聲援呼籲台灣社會，重視原住民、LGBT、移民等族群在社會中遭受的不平待遇。事後卻遭到部分人士在網路社群質疑原住民青年不應該聲援Black Lives Matter行動，並發表如「原住民不想要被特別對待，應先廢除特殊待遇」、「原住民還不知足」等不瞭解原住民族社會歷史脈絡的歧視性刻板印象言論。
 
然而，這場Black Lives Matter抗爭行動真的與台灣無關嗎？回顧台灣殖民歷史，1661年鄭成功登台，占領土地的同時也造成中部沿海地區許多部落瓦解，更有文獻提及鄭軍差派道卡斯族人作為勞役，只因道卡斯族人習於用頭頂或背部載重，不會以漢人肩負重的方式挑物，便遭鄭軍無情鞭撻，形同於十八世紀的美國奴隸制度，都是在種族之間做出階級劃分剝奪人權的體制。
 
隨著日治時期和國民政府時期對原住民實施同化政策，強制將政治弱勢的民族，同化成執政者的民族，造成原住民族傳統文化消亡，年輕族人被強迫與母體文化中斷連結，更因國家制度的不完善，造成國家法制與傳統文化價值的衝突層出不斷；如早期遭受主流社會歧視壓迫而間接造成的「湯英伸事件」、台東卑南族人傳統大獵祭在狩獵儀式當中遭到警察刻意查緝圍捕、甚至近年原住民青年走在路上被警察特意盤查並要求驗明身分等等事件，其實都顯現族群之間因為不理解和差異對待的社會結構，衍生弱勢族群遭受到生命人權上的迫害。
 
然而，身在以民主價值為基底的台灣，多數人都認同尊重多元文化是做為台灣公民的素養，但實際上我們真的做到尊重了嗎？如同近期知名網紅愛莉莎莎在自認為非刻意的情況下發表對原住民的「微歧視（Microaggression）」言論，證實大部分民眾並不知情自己可能正在歧視。
 
那我們應該怎麼做呢？我想，正視不同族群身分所揹負的歷史及文化價值，並嘗試理解族群差異結構可能造成的傷害和不平等，同理彼此的觀點，才有可能邁向真正的民主多元社會。
 即起免費看《蘋果新聞網》　歡迎分享
在APP內訂閱　看新聞無廣告　按此了解更多",0
67,apple_news,網紅的千萬精品套房　同社區有人賠售200萬,https://tw.appledaily.com/property/20200608/27MFIRX3CVHK54BUHGN2R7YHFA/,出版時間: 2020/06/08 17:54,,"過去房市景氣好的時候，小套房投報率可達7~8%，也因此成為不少投資客下手目標，位在台北萬華區康定路上的小豪宅，就是將在原址經營30年的飯店，改建成坪數約16~55坪飯店式精品住宅，預售單坪開價甚至超過75萬元，孰料現在淪為投資客慘賠套牢物件，雖然最近傳出有網紅以破千萬元的總價購入一間套房，但仍有屋主以慘賠近200萬元的價格脫手。
 
根據一名萬華當地的房仲業者透露，該社區屋齡5年、戶數達687戶，內部多以套房房型為主，當時大多為投資客買來置產投資用，然而因為戶數多，出入人口就相當複雜，讓投資客想轉手變現，「光我們公司萬華分店就接了30多間該案的屋主委託。」

不過由於當時入手價格可達7字頭，根據《樂居網》統計，近一年平均成交價僅為每坪61.05萬元，使不少投資客慘被套在最高點，賠200~300萬元的狀況都屢見不鮮。
 
《蘋果新聞網》實際查詢實價登錄資訊，該社區近一年來共有26筆成交，裡面就包含了14筆的套房物件交易，總價約落在850~1250萬元不等，每筆交易都是第二手、甚至第三手，而14件中竟然就有11件為賠售，金額則是從17~197萬元不等，當中僅有一件為平轉、不賠不賺；至於剩下的2個賺錢脫手物件，則分別漲了30萬元、82萬元後售出，但可以發現這2件交易應屬特例，社區轉手行情相較第一手屋主的購入價，還是以賠售為大宗。
 
不僅如此，該名萬華當地仲介更透露，網紅YouTuber愛莉莎莎日前公開自己以千萬元的價格在台北市買下一間10多坪套房的物件，根據影片中視野可看到的市容、房型、價格等因素來推斷，其實就是在康定路小豪宅社區。
 
而愛莉莎莎在影片中曾透露自己貸款800萬元，若根據貸款7~8成計算，總價約會落在1000~1200萬元之間，加上該物件的權狀坪數17坪左右，若扣掉公設等部份，也差不多是10坪左右，相當有可能是在去年11月時分別以1180萬元成交的16樓戶，或是以1030萬元成交的18樓戶；記者實際與愛莉莎莎聯繫訊問，不過經紀人則代為轉達，表示關於買房還有地點的決定都是比較私人的人生規劃，不方便對此做出任何回應。
 
台灣房屋智庫經理陳炳辰指出，該社區戶數多達687戶，位置在南萬華，居住氛圍稍複雜，周邊住宅老舊，目前單坪行情約在60萬，仍高出在地行情1~2成，但更早購置者多有買到7字頭的高點，恐難再覓得高價承接的下一手買方，若不賠售，只能再待有緣人。
 
陳炳辰說明，購置該社區多打算置產出租，然而當地既無高價支撐利多，社區租金行情也比周邊高出3~4成，此處與新北市三重區也不遠，走出台北市的租金更為便宜，都難受租屋族群青睞的因素，自然不易再令出租置產客承接，社區窘況都添雪上加霜。
 
陳炳辰建議，不乏民眾見低總小宅好入手，進而搶進，然而這類物件也多有戶數多、居住分子複雜，房價支撐力道弱，特別是如果區域位置有太多同類競品，不論想置產出租、轉手賺價差，價格都會受區域市場考驗，應仍回歸區域行情為考量，勿購置價格落差過大的物件。（陳昱均／台中報導）
網紅愛莉莎莎在自己YouTube公開自己新買的千萬小宅。截自YouTube/愛莉莎莎Alisasa
買房
套房
網紅
YouTuber
愛莉莎莎
台北
萬華",0
68,apple_news,8年級設計團隊靠抄襲創業　律師談二創界線,https://tw.appledaily.com/life/20200526/4IFR7ILNJBR2PMZMHLJZNXAVY4/,出版時間: 2020/05/26 15:06,,"【編者按】《蘋果新聞網》進入會員新世代，為回饋升級壹會員支持，節目源源不絕推出。果燃台推出以Video Talk 形式呈現的節目，安排嘉賓與升級壹會員視訊對談。

由一群八年級生創立、以空間設計為主的團隊「Lo-Fi House」，靠著不用花大錢裝潢，就能擁有舒適文青風格房間的「軟裝潢」迅速累積人氣，吸引阿滴、愛莉莎莎、「欸你這週要幹嘛」等大咖YouTuber紛紛與他們合作。

但4月底竟爆出抄襲事件，網友發現他們用來軟裝布置的畫作以及周邊產品，多數都是抄襲國外創作者作品，引發軒然大波。然而，團隊執行長第一時間的回應卻提油救火，強調：「影片中我們不想用(列)印而用手畫就是想要避免版權問題」，此舉反造成更大的輿論撻伐；雖該團隊於5月11日二度道歉，目前也下架13支片，但仍澆熄不了網友們的怒火。

「Lo-Fi House」這次究竟犯了什麼錯？抄襲、二創的定義又是什麼？這次【Video Talk】即邀請到徐仕瑋律師，要來替大家釐清著作權法，現在網路發達，資訊取得容易，人人都有可能不小心觸法，身處在e世代的你，千萬不能錯過今日下午4點的法律知識大補帖。（影創中心／綜合報導）

直播請鎖定：台灣《果燃台》、《蘋果新聞網》YouTube頻道、蘋果新聞網 facebook




 一指在APP內訂閱《蘋果新聞網》按此了解更多

最熱獨家、最強內幕、最爆八卦
訂閱《蘋果》4大新聞信　完全免費

Video Talk
Lo-Fi House
著作權法
抄襲",0
69,apple_news,性幻想YouTuber排名出爐　博恩更勝RJ、蕾菈奪冠,https://tw.appledaily.com/gadget/20191225/UGD33KNMQEWWXR2UXRMILYML6M/,出版時間: 2019/12/25 13:31,,"近日因節目邀請韓國瑜而造成話題的博恩，今(25)日又攻下女性的YouTuber性幻想對象冠軍！交友App《weTouch》針對22歲至40歲單身用戶進行調查，共回收1萬557筆資料，台女對於YouTuber的性幻想對象，冠軍正是目前討論度極高的脫口秀主持人「博恩」，近日竄紅的YouTuber「小哥哥艾理」則位居第2，反骨男孩團長「酷炫」排名第3。
 
問券調查顯示，多達1075名女網友表示最想和博恩滾床單，且有5成女性用戶皆位於中南部，女網友則封第2名艾理為新一代「撩妹達人」，渴望在床上被撩，過去也曾是女性熱門性幻想對象的館長，此次調查則落至第7名。
 
至於男性會員性幻想的YouTuber，首位自然是外型性感美豔、話題尺度也大的蕾菈，分享自慰經驗的影片不僅拿下今年YouTube最熱門影片亞軍，在這次性幻想調查中，大膽風趣的作風加上性感身材也吸引大批男粉絲，穩坐冠軍寶座。
 
近日人氣升高的「妄娜」不吝和網友分享好身材，排名第2名；YouTuber「瑀熙」奪下第3名，擁有鄰家女孩甜美又呆萌的形象，更讓男網友期待她穿上極短真理褲配深V上衣的「真理裝」。（黃韻文／台北報導）

※台女性幻想YouTuber前10名
1 博恩 1075票
2 小哥哥艾理 1070票
3 酷炫 955票
4 廉傑克曼 615票
5孫生 535票
6胡椒 400票
7館長 255票
8牛排 235票
9 蔡哥 95票
10賀瓏 50票
 
※台男性幻想YouTuber前10名
1蕾菈 1602票
2妄娜 734票
3瑀熙 723票
4本本 554票
5球球 491票
6艾瑞絲 322票
7滴妹 283票
8愛莉莎莎 264票
9白癡公主 195票
10 Misa 104票
 蕾菈以1602票奪下性幻想對象冠軍，而第2名妄娜、第3名瑀熙僅有11票之差。業者提供",0
70,apple_news,新聞系學生：全職YouTuber的15分鐘,https://tw.appledaily.com/forum/20191127/2IYLXUDJB7IR6IDZZUDLCG4BLA/,出版時間: 2019/11/27 13:11,,"紀爰／世新大學新聞系學生

今年8月初，台灣YouTuber愛莉莎莎在頻道上公開發布影片，揭開她的一周真實開銷，擁有77萬訂閱數的她，本意是為了讓觀眾了解頻道的經營成本，包括交通費、治裝費、健身費、攝影費等，一周開銷就要8萬8000元。
 
愛莉莎莎先前曾在影片中表示，YouTuber雖然月收入高，但開銷也很大，沒想到卻引起爭議，有網友在影片底下留言，批評她價值觀嚴重錯誤，還說愛莉莎莎把這些花費跟頻道成本相提並論，根本是把花錢合理化。愛莉莎莎後來發文表示，近期她拍了很多燒錢企劃，發現點閱率都很好，以為觀眾就是喜歡看YouTuber燒錢，沒想到公開自己的一周開銷卻被網友認定為生活過得太奢侈，故緊急把影片下架處理。


成為全職YouTuber其實很不容易，他們看似工作時間很自由，實際上卻有過勞危機，還可能因為YouTube演算法的更新頻頻受挫，更不用說每天得承受網友們的留言攻擊，個性、學歷、身材、長相皆被人放大檢視，如同公眾人物般，毫無隱私權。

即便如此，還是有很多年輕人想當YouTuber，尤其特別吸引學生族群，YouTuber看起來真是個很有趣又很酷的工作，想拍什麼主題完全不受任何限制，每個人都能自由發揮，若是頻道點閱率高，不但YouTube幫你推播影片，還能有機會接到工商業配，在社群網站的影響之下，學生族群最容易對這樣的生活感到羨慕，就算冒著會過勞的風險，也想嘗試加入YouTuber的行列。
 
有些頻道拍出的影片品質跟電視台節目相比之下不分軒輊，且光是「潮度」就高出許多。有些YouTuber走親民路線，透過生活化的主題跟觀眾建立連結，跟網友們互動就像朋友一樣親切，沒那麼有距離感，似乎也突破了我們過去對於「偶像」的定義。


當然不是每個YouTuber都會自己剪片，若是沒有攝影剪輯專業也不怕，看網路自學也是一個辦法，若頻道沒有點閱人數也沒關係，利用Instagram跟臉書多管齊下，只要用心經營都一定能累積粉絲，如果還是沒有人看影片也沒關係，可以多拍一些即時性的主題，頻道流量自然就會提升，這幾天有多位YouTuber趕在時間進度完成iPhone 11 pro的開箱影片，點閱率就相對很高。
 
只是拍完一部片，就得趕緊拍下一部片，或是同時忙著拍多個企劃都有可能，我身為一個觀眾，真心認為YouTuber是個壓力不小的工作。

美國藝術家安迪沃荷曾經說過：「每個人都有機會成名15分鐘。」套用於現在社群媒體的發展再貼切不過，但是年輕人們最應該思考，過了這15分鐘，你還剩下什麼呢？如果想要維持一定的熱度，你的下一個15分鐘又應該做些什麼呢？

【即時論壇徵稿】你對新聞是否有想法不吐不快？歡迎投稿本報即時論壇，對新聞時事表達意見。來稿請寄onlineopinions@appledaily.com.tw，並附真實姓名、職業、聯絡電話，一經錄用，將發布在《蘋果新聞網》即時新聞區，惟不付稿酬。請勿一稿兩投，本報有刪改權，當天未見報，請另行處理，不另退件或通知。


 一指在APP內訂閱《蘋果新聞網》按此了解更多

最熱獨家、最強內幕、最爆八卦
訂閱《蘋果》4大新聞信　完全免費",0
71,apple_news,台北俗須知　羅東夜市掃街無雷吃法,https://tw.appledaily.com/supplement/20190803/FCFEPDHVGEHSPT4QLCF55QXMAQ/,出版時間: 2019/08/03 20:24,,"到宜蘭玩必逛羅東夜市，不僅嚐得到紅遍全台的包心粉圓，知名傳統美食一串心，也是超人氣地方小吃。YouTuber 愛莉莎莎在土生土長宜蘭人帶領下，初次踩踏羅東夜市，想當然爾，國宴名菜糕渣、口感激似鹹酥雞的卜肉，怎能不列在口袋名單，無雷攻略台北俗不得不知。
 
本新聞文字、照片、影片專供蘋果《好蘋友》壹會員閱覽，版權所有，禁止任何媒體、社群網站、論壇，在紙本或網路部分引用、改寫、轉貼分享，違者必究。
 
一行人首先踩點龍鳳腿，乍看之下是雞腿捲，內餡則和春捲相近，特別的是外面多了層「豬腸膜」，配上店家特製辣椒醬，吃起來鹹香帶勁。義豐蔥油餅的蔥味撲鼻，不加蛋另有一番風味，被封為「蔥油餅界的王」。Q彈杏仁凍外觀像極了Nu Bra，口味清爽不甜膩，適合當作飯後甜點。
 
影片一出，網友紛紛留言表示，「宜蘭人報到！那個龍鳳腿真的超級好吃」、「糕渣要吃夜市裡的那間比較讚，但是都要排很久」、「去宜蘭一定要吃糕渣卜肉，上禮拜特地為了這兩個東西衝宜蘭」、「宜蘭蔥油餅的地位是難以被取代的」。（影創中心／綜合報導）

※影片經「愛莉莎莎 Alisasa」授權播出，非經同意請勿轉載
※好片，要讓全世界看見。
搞笑自拍、唱歌跳舞、感人故事、開箱體驗、新知分享甚至商業廣告毫不設限，只要好玩，放馬過來，全台最大流量新聞網站《蘋果》就是你的舞台。
投稿影音作品請寄《蘋果》影創中心picshow@appledaily.com.tw

※影創作品　盡在蘋果台
到宜蘭玩，必逛羅東夜市大嗑道地美食。
龍鳳腿外層的豬腸膜，經過油炸皮薄酥脆。
義豐蔥油餅名不虛傳，蔥味撲鼻而且不油膩。
影片
愛莉莎莎
羅東夜市",0
72,apple_news,瑞士物價有多狂　帶媽媽玩7天噴掉17萬,https://tw.appledaily.com/supplement/20190718/ICWSGHDZLMJ2W7TOXDBGWBXGXA/,出版時間: 2019/07/18 23:50,,"想到歐洲旅遊嗎？「世界花園」瑞士的消費水平首屈一指，是世界最富有的國家，拿一個麥當勞大麥克相比，美國售價為5.2美金（約152台幣）、台灣79元，瑞士則要價7.5法郎（約221台幣），想飽餐一頓700塊跑不掉。YouTuber愛莉莎莎帶著媽媽，到瑞士遊玩7天6夜，實測當地一周正常消費究竟會花多少錢。
 
本新聞文字、照片、影片專供蘋果《好蘋友》壹會員閱覽，版權所有，禁止任何媒體、社群網站、論壇，在紙本或網路部分引用、改寫、轉貼分享，違者必究。
 
既然大老遠從台灣抵達瑞士，莎莎選擇的Hotel全是高評價，經濟實惠的雙人房型約莫台幣3000元上下，景觀或地理位置好一點，價格則會抬升到6000至12000元，還得額外支付稅金（City tax）。因為住得貴、吃得也貴，某些票券先在台灣以早鳥優惠價格購買，或是早餐盡可能吃飽一些再出門，多少可以省下一筆經費。

「歐洲屋脊」少女峰上的食物更是貴得嚇人，一碗辛拉麵在韓國只需30元台幣，到了這裡直接漲成260元，就算是自己帶泡麵上山，熱水也要150元，超市微波便當價格則是250元左右，不管吃什麼都很貴。

7天6夜，兩人在沒有特別節省，也沒有特別奢侈的情況下，整趟旅程花費金額為：機票50000元、住宿35000元，搭火車、纜車等交通費68000元，食物粗估12000元，加總起來17萬台幣，儘管荷包瘦了一圈，花費還在莎莎的預估範圍內。

瑞士物價高到爆表，網友看了大呼「那個價錢數目一直跳出來，好可怕」、「在瑞士減肥應該會非常的成功呢」、「我以為美國東部消費已經很高了......果然一山還有一山高」、「瑞士人如果去別的國家玩一定很爽」，但是也有人認為「乍看17萬很貴，不過是2個人，住的也還不錯覺得其實可以接受耶」、「人間仙境，燒錢也值得」。（影創中心／綜合報導）

更新：修改內文

出版時間：1953
更新時間：2350

※影片經「愛莉莎莎 Alisasa」授權播出，非經同意請勿轉載
※好片，要讓全世界看見。
搞笑自拍、唱歌跳舞、感人故事、開箱體驗、新知分享甚至商業廣告毫不設限，只要好玩，放馬過來，全台最大流量新聞網站《蘋果》就是你的舞臺。
投稿影音作品請寄《蘋果》影創中心picshow@appledaily.com.tw

※影創作品　盡在蘋果台
 帶著媽媽到歐洲瑞士旅遊一周，YouTuber 愛莉莎莎狂噴17萬。
少女峰上的物價更是不得了，一碗辛拉麵得花台幣260元，（韓國只要30元）。
自己帶泡麵上山，熱水也要150元喔。
影創
愛莉莎莎 Alisasa
瑞士
高消費國家",0
73,apple_news,【最後衝刺】郭台銘文宣猛攻　韓國瑜語音拜票　朱立倫堅持理性（動畫）,https://tw.appledaily.com/politics/20190704/GNPSV4HPDKGC2IEPDLQEAZSKTI/,出版時間: 2019/07/04 22:15,,"國民黨總統初選，下周一就將開始進行民調，最後衝刺階段，爭取提名的參選人力求曝光，其中身為台灣首富的鴻海集團前董事長郭台銘，銀彈攻勢銳不可擋，各式廣告鋪天蓋地而來；高雄市長韓國瑜接連舉辦大型造勢，近日也啟動語音拜票；新北市前市長朱立倫認為，初選階段廣告或造勢「適可而止」。不過，隨著戰況日益激烈，日前郭、朱的廣告看板，也在韓的造勢會場附近較勁，形成三人隔空交火的有趣畫面。

身為首富的郭台銘，挾著龐大財力投入初選，花錢不手軟。首支電視廣告不按牌理出牌，力讚競爭對手，一一點評總統蔡英文、行政院前院長賴清德、台北市長柯文哲、同黨的韓國瑜、朱立倫的優點。郭台銘在廣告中「只獻聲不露臉」，結束前一刻才露出「郭台銘」三字，讓人頓時發現原來是郭的競選廣告，留下深刻印象。

近來，郭台銘在各種形式的廣告更露出不斷，幾乎鋪天蓋地而來，包括電視、廣播、網路、平面和公車廣告等，時常可見郭的身影，就連電話語音拜票，同樣不缺席。

郭台銘日前更選中在台中「地王」之稱的新光三越台中中港店斜對面，於台灣大道與惠來路口，架設競選廣告看板，這幅廣告主打「溫情牌」，他抱著嬰兒，露出開心笑容，看板寫著「抱著我們的未來，郭『懂』關心您」。

郭台銘幕僚透露，郭台銘最近除了電視廣告不斷更新播放之外，並向全體80多萬名黨員發出的拜票文宣，同時台北市、新竹市區等大馬路旁的戶外大型廣告，都讓大家隨處可看到郭台銘的文宣，最後就是密集衝刺電話拜票，甚至有民眾說，「已經接到了7通拜票電話了」，可見得郭台銘投入初選不但全力以赴，更是砸錢不手軟。

至於拉抬網路聲量部分，郭台銘之前陸續與網紅們合作，包括與館長爬山，新書發表會時請到了網紅閃亮胖時代一起做果凍，更在YAHOO TV播出一系列郭董早餐會，請到了各種年輕世代的網紅包括JOEMAN、網紅愛莉莎莎以及iDrip創辦人葉建漢等，希望拉近與年輕人的距離。

至於挾著「韓流」的韓國瑜，在各式平台的廣告露出，能見度雖不如郭台銘，近日也開始啟動語音拜票，尤其在各地接連舉辦的造勢活動，身後總有死忠韓粉力挺，學者日前更預估「非韓不投」的韓粉大軍」達百萬人，聲量不容小覷。

除了有支持者為韓國瑜包下雙北公車廣告，加上特定媒體頻頻「助攻」打造正面形象，以及掛設廣告看板表態力挺韓的政治人物，各路人馬同心協力替韓拉抬聲勢。

標榜「正常倫」的朱立倫，主打理性穩健，選風傾向「佛系」。朱立倫6月與青年對談時提到，若年輕朋友建議他周末辦萬人大造勢，他應該不會接受，或建議他包下所有電視台廣告，他也不會接受，因為黨內初選階段應該理性、溫和，更應將黨內同志當作隊友看待。

對於韓郭拚造勢、買廣告，朱立倫後續重申，都是個人選擇，現在只是黨內初選，他暫時不希望勞力傷財，也不希望造成黨內對立，太多造勢或買廣告都不適合在初選出現，適可而止就好。

而署名「朱立倫後援會」在6月28日於平面媒體刊出挺朱的全版廣告，內容提到朱立倫的能源政策，是以務實理性態度面對能源現況，像是核盡其用，拒絕用肺發電等主張，並刊出的冒黑煙的台中火力電廠煙囪，抨擊蔡英文政府的能源政策。

不過，正值國民黨初選倒數階段，戰況日益激烈，韓國瑜日前的新竹造勢會場，除了韓的廣告看板外，郭台銘、朱立倫的看板也同在會場附近較勁，三人隔空交鋒，引發討論。（周彥妤、楊喻斐／台北報導）

發稿時間：1337
更新時間：2215（新增動新聞）

郭台銘。資料照片
韓國瑜。資料照片
朱立倫。資料照片
韓國瑜
郭台銘
朱立倫
國民黨總統初選",0
74,apple_news,訂閱經濟夯 把妹學 月賺50萬 兩性課程男性用戶多,https://tw.appledaily.com/lifestyle/20190524/DSXHWKMG3C7VU6KPY6SX5HUZ7M/,出版時間: 2019/05/24,,"台灣最大知識訂閱平台PressPlay，創立之初比照國外打賞平台Patreon搭建，因應「知識有價」轉型後，已集結230名創作者與網紅開課，訂閱人數累積48萬、去年營收破億元。PressPlay站上創作者多元，除平台統計訂閱數第一名的財經類、訂閱數成長最快、達112.72%的語言學習，更有教訂戶如何「追女生」的軟性知識，《蘋果》副刊實際採訪3名創作者，了解他們專案背後的故事。報導╱廖家葆 攝影╱周頌德、黃天佑 部分圖片╱PressPlay提供 取自網路
在PressPlay開設「幸福不敗兵法」兩性課程的好倫(葉州倫)，是平台上較獨樹一格的創作者，同時為擁有40萬訂閱數的Youtuber，頻道原以日本文化、兩性為主，在正經講述感情觀的影片「追女生的3個心法」創百萬瀏覽量暴紅後，就被PressPlay看上，合作開課後幫助不少訂戶脫離單身。
好倫不諱言，素人時期的他受到PressPlay當時最紅的專案(囧星人的囧說書)啟發，成為Youtuber後就朝著推出專案發展，目前訂閱有9成以上都是男性，很常有訂戶交到女朋友就退訂的情形，但他也很看得開，「我覺得很正常，畢竟我的任務達到了。」
而當問到好倫所提供的兩性課程具體為何？好倫提到，他將就讀研究所時鑽研的《孫子兵法》，搭配上現代聊天工具，教用戶如何成功追求異性。例如「幸福不敗兵法」教材包括每周更新的兵法書、攻城包，前者等同心法、後者則是實戰技巧，而最特別的是每月一次的「神卷軸」，即好倫實際在交友軟體上的聊天紀錄，訂戶可無限制瀏覽過去的課程，也因此他自嘲是把妹界的Netflix。
Youtuber好倫(左)於知識訂閱平台PressPlay推出「幸福不敗兵法」課程，教訂戶如何追求女生。
「幸福不敗兵法」教材最熱門的「神卷軸」是好倫在交友軟體上實際聊天紀錄。
刻意拉高質感 訂閱專案像課金
專業知識有價 推線下課程群組
線上募資課程 Hahow領域更多元
【相關資訊】",0
75,apple_news,靠「把妹學」搶訂閱財　最成功開場白是「你該不會是○○○吧？」,https://tw.appledaily.com/gadget/20190523/Q7Q2DQF3RYN7A6KONTTRE7XUEY/,出版時間: 2019/05/23 16:01,,"台灣最大知識訂閱平台Pressplay，創立之初比照國外打賞平台Patreon搭建，因應「知識有價」轉型後，已集結230名創作者與網紅開課，訂閱人數累積48萬、2018年營收破億。Pressplay站上創作者十分多元，除平台統計訂閱數第一名的財經類、訂閱數成長最快達112.72%的語言學習外，更有教訂戶如何「追女生」軟性知識，《蘋果》副刊實際採訪3名創作者，了解他們專案背後的故事。

在Pressplay開設「幸福不敗兵法」兩性課程的好倫(葉州倫)，是平台上較獨樹一格的創作者，同時為擁有40萬訂閱的YouTuber，頻道原以日本文化、兩性為主，在一支正經講述感情觀的影片「追女生的3個心法」創百萬瀏覽爆紅後，就被Pressplay看上，合作開課後幫助不少訂戶脫離單身。

好倫不諱言，素人時期的他受到Pressplay當時最紅的專案(囧星人的囧說書)啟發，成為YouTube後就朝著推出專案發展，目前訂閱有9成以上都是男性，很常有交到女朋友就退訂的情形，但他也很看得開，「我覺得很正常，畢竟我的任務達到了。」

而當問到他所提供的兩性課程具體為何？好倫提到，他將研究所學習的古代孫子兵法，搭配上現代聊天工具，教授用戶如何成功追求異性。舉例來說，其「幸福不敗兵法」教材包括每周更新的兵法書、攻城包，前者等同心法、後者則是實戰技巧，而最特別的是每月一次的「神卷軸」，即好倫實際在交友軟體上的聊天紀錄，訂戶可無限制瀏覽過去的課程，也因此他自嘲是把妹界的Netflix。

好倫認為交友軟體講究效率，「10句內就要轉移到Line」，他教訂戶快狠準的開場白、寫出吸引人的自我介紹、拍出好照片，以及在聊天帶入小遊戲與心理測驗等。現訂閱人數超過600位，每月訂閱金額在40萬至50萬間。

刻意拉高質感　訂閱專案像課金

約會在台灣是門很大的生意，有人做聯誼、有人做實體課程，在YouTube上更有其他談論兩性的創作者如愛莉莎莎、Tony TV等，但好倫認為：「我畢竟是一個網紅，不想讓人覺得自己只是教把妹的YouTuber，我也刻意將Pressplay專案的質感拉高，不搞笑、帶入自己更多的感情觀。」從事房屋仲介10年的好倫指出，其實追女生跟當業務非常相似，包括認識客戶、取得客戶信任、成交這三個階段。

好倫也分享，自己交的女友多以「空軍」，即交友軟體認識的為主，他表示：「正常女生玩交友軟體2周就會刪掉，因為男生只會『嗨，你住哪、要約嗎？』都是用非常無聊的手段去認識女生。所以我們要學會『有趣』的聊天，根據自己統計，『你該不會是○○○吧？』是最有效的開場白。」

相較免費內容，好倫在Pressplay的影片談得更深入、分享更多自身經歷，「我的YouTube就像線上遊戲，你不花錢也可以玩，但Pressplay專案就是課金的概念。」好倫透露其實當YouTuber要靠流量生存，壓力大、收入又不穩定，反之Pressplay是一個相對支持他做網紅動力。

專業知識有價　推線下課與群組

從Pressplay不只吸引YouTuber，如Facebook粉絲團「每天來點負能量」創辦人林育聖，也捨棄75萬按讚數的平台，轉至Pressplay開設「探索文案的美」課程。他指出，文案在社群時代非常重要，藉由訂閱方式提供訂戶文字素材與靈感，進而增加職場價值。對林育聖來說，告別Facebook粉絲團是為更專注經營文案事業，投入他所找到的新藍海。

本身開設10人文案公司的林育聖主業為接案，把知識訂閱專案作為副業、甚至是文案價值的延伸，告別Facebook 是為更專注經營文案事業，其299元訂閱方案「學習得到」採文章形式，鎖定從事品牌行銷訂戶，1299元的「私密情報」則更深入，林育聖將過去案例拆解、並分析背後思維，而訂戶也能在私密Line群組近一步互動，得到即時文案上的修潤。

曾在英語學習平台TutorABC負責產品研發運營、帶領300人團隊的游舒帆，離開TutorABC開設獨立顧問公司、並在Pressplay推出「新思維學專案管理」課程，教授管理技巧與商業開發等技能，訂戶近半為基層主管。他將專案管理這門學問表單化，並為學員分組以砥礪對方成長，教授方式更活化，由於純線上較難傳遞的知識，游舒帆也開設包含線下課程、1999元的「刻苦練功」方案，多了小組交流聚會，也讓訂戶在他的空檔時間預約面對面討論。

剛創業時的游舒帆主要做講師，「在過程中我發現很難透過一兩堂課，難看到學生上過課的改變或突破。」透過訂閱制一年的學習，訂戶能紮紮實實地學好專案管理知識。對曾任高階主管的游舒帆來講，很清楚「資源重複利用」的困擾，他認為講師很難做到10年，「越好的老師因為案子太多接不完，一個月站20幾天、一天站7小時，身體很快就出狀況。」透過Pressplay只要投入一次的功能獲得5倍的效果，產值較擔任講師高上不少。

在Pressplay平台上架課程有兩種管道：開放提案及自行開發，Pressplay行銷經理陳宥瑾分享，平台方在2017年10月後開發創作者的方向有明確改變，從數據可見，採訂閱制會員更渴望「學習新知」，因此以往傾向找在社群平台上有大流量、高粉絲數的網紅，現在則著重在特定領域上有專業的創作者，為的就是會員黏著度，例如財經類課程常有每日更新的文章，用戶回訪率相較網紅課程高不少。

線上募資課程　Hahow領域更多元

問及Pressplay在內容的下一步，陳宥瑾以創作者角度分享，希望未來能提供「一站式」內容服務，從線上課程到講座、書籍出版都能在Pressplay完成，另外，也將加強台灣還不普及的音頻(podcast)產品推廣。而由用戶角度出發則會持續開發新的創作者與課程，打造一個終身學習、維持職場或人生優勢的平台。

目前除了PressPlay，台灣做知識訂閱的平台還不多，主要對手「Hahow好學校」2018年營收同樣突破1億元大關，走的是線上課程募資的模式，多為一次性課程(提供固定堂數)，內容雖不像訂閱制會持續產出、也比較便宜，相對有課程募資失敗的可能，不過該平台課程領域多元，近300堂課程中以設計美術、程式軟體類較為熱門，超人氣創作者如阿滴、啾啾鞋在Pressplay、Hahow兩平台皆有開課。（廖家葆／台北報導）

更多「消費新鮮事」內容，請點此：http://bit.ly/2GOqTAv

出版時間 00:01
更新時間 16:01新增照片

看了這則新聞的人，也看了……
【達人傳授】10招學起來！冷氣夠冷又省電
【開箱實測】全新iPad mini　5亮點超勸Buy
【只限今天】MUJI線上8.1折　10大人氣品公開

知名YouTuber於知識訂閱平台Pressplay推出「幸福不敗兵法」課程，教訂戶如何追求女生。周頌德攝
出道前從事10年房屋仲介的好倫，將研究所論文的孫子兵法結合聊天話術，幫助許多訂戶脫離單身。周頌德攝
教材最熱門的「神卷軸」是好倫在交友軟體上實際的聊天紀錄(個資將會隱藏)。翻攝Pressplay
知識訂閱
Pressplay
好倫
阿滴英文
YouTuber
兩性
Hahow",0
76,apple_news,「歐洲最美車站」神級青旅　一晚700走13秒就到,https://tw.appledaily.com/supplement/20190519/VMODLDUVNIHQH537CGRVBDPWFQ/,出版時間: 2019/05/19 20:22,,"位於葡萄牙的聖本篤車站（Sao Bento Railway Station），是全世界最美車站之一，牆面由兩萬片藍彩瓷磚拼貼而成，洋溢希臘與羅馬風情，據傳J.K.羅琳著作《哈利波特》裡的「王十字車站」就是以這裡為發想。日前YouTuber艾莉莎莎到此造訪，住進車站樓上一間神級青旅，一晚1千台幣有找，而且路程只要13秒。
 
本新聞文字、照片、影片專供蘋果《好蘋友》壹會員閱覽，版權所有，禁止任何媒體、社群網站、論壇，在紙本或網路部分引用、改寫、轉貼分享，違者必究。

面對車站大門右轉，即是名列全球10大青旅的The Passenger Hostel，進入一樓交誼廳，月台更是直接映入眼簾。前身是修道院改建，每間房門皆又高又長，青旅融合復古及現代，衛浴設備則乾淨又高級。一路走上閣樓，愛莉莎莎「住在博物館裡」的感受又更深了，不禁連喊好幾句：「這是Hostel？」一晚700元台幣的價格，看來想要敗家出國度假，好像又多了個理由呢。（影創中心／綜合報導）

更新：修改內文

出版時間：1423
更新時間：2022

※影片經「愛莉莎莎Alisasa」授權播出，非經同意請勿轉載
※好片，要讓全世界看見。
搞笑自拍、唱歌跳舞、感人故事、開箱體驗、新知分享甚至商業廣告毫不設限，只要好玩，放馬過來，全台最大流量新聞網站《蘋果》就是你的舞台。
投稿影音作品請寄《蘋果》影創中心picshow@appledaily.com.tw

※影創作品　盡在愛播網

【小編推推，你會想看】
●老人版迪士尼　阿伯羞曝萬華日常：摸摸仔奶
●港人下飛機喊「趕酒店」　司機笑虧：體力很好
 葡萄牙聖本篤車站（Sao Bento Railway Station）被喻為電影《哈利波特》的重要靈感來源。
車站樓上有間The Passenger Hotel，大廳落地窗恰巧對準月台。
走上閣樓公共空間竟有吊床可躺，一晚700元台幣的售價，真的佛到哭出來。
影創
愛莉莎莎
聖本篤車站
青旅",0
77,apple_news,【酥麻片】韓國人最愛8種啃咬聲　聽了秒起反應,https://tw.appledaily.com/life/20190426/STDGQY3767HT5DRWHW37Q7QMEQ/,出版時間: 2019/04/26 11:20,,"聽到咀嚼、低語等某個特定聲音，有些人會感到放鬆，甚至渾身起雞皮疙瘩，這種現象稱作ASMR（自發性顱內高潮反應），網紅也將其視為影片題材，在吃播時收錄吞嚥或啃咬這類細密的聲音，引發觀眾生理上的愉悅感，韓國知名藝人IU、孔劉也曾拍過相關廣告，國內外興起一股ASMR熱潮。
 
本新聞文字、照片、影片專供蘋果《好蘋友》壹會員閱覽，版權所有，禁止任何媒體、社群網站、論壇，在紙本或網路部分引用、改寫、轉貼分享，違者必究。
 
「我覺得韓國人是全世界最喜歡ASMR的民族。」參考當地人在網路上的票選，YouTuber愛莉莎莎準備8種食物，分別為蜂巢、甘蔗、糖葫蘆、海葡萄、炸雞、爆爆珠、和ASMR影片中常見的琥珀糖，由於台灣買不到土耳其棉花糖，愛莉莎莎改以龍鬚糖代替。
 
上述食物的共通點，都是咬下時會發出清脆的聲音，或許部分人聽了無感，但ASMR的中毒者卻會有舒服，達到助眠的效果，網友也說「我每次睡不著的時候一定會找ASMR，不誇張，5分鐘內直接睡著﻿」、「我聽到魔鬼沾撕開的聲音會覺得心臟很癢」、「不知道為啥我看了好餓」。（影創中心／綜合報導）

※影片經「愛莉莎莎Alisasa」授權播出，非經同意請勿轉載
※好片，要讓全世界看見。
搞笑自拍、唱歌跳舞、感人故事、開箱體驗、新知分享甚至商業廣告毫不設限，只要好玩，放馬過來，全台最大流量新聞網站《蘋果》就是你的舞台。
投稿影音作品請寄《蘋果》影創中心picshow@appledaily.com.tw

※影創作品　盡在愛播網

【小編推推，你會想看】
●【扯片】李鴻章買艦不練　課金賠掉2.5萬人命
●【怒片】捷運拉環健身用　魔人逞私慾超欠揍
別把海葡萄誤認成某種葡萄～重點是咬下它會發出清脆的咀嚼聲。
一指在APP內訂閱《蘋果新聞網》按此了解更多

最熱獨家、最強內幕、最爆八卦
訂閱《蘋果》4大新聞信　完全免費

影創
愛莉莎莎
ASMR",0
78,apple_news,2019韓系穿搭8重點　關鍵二字瞬間歐逆,https://tw.appledaily.com/life/20190226/J5T3MQKBPG7THCKG5AUEB4NG3Y/,出版時間: 2019/02/26 11:18,,"台灣穿衣風格多元，除了歐美與日系等派別，韓系路線也深受不少喜愛，曾在韓國留學的YouTuber愛莉莎莎，點出2019穿搭就是「高領」，大推8款韓妞daily look的穿搭單品，激起網友一片熱議。
 
8款韓妞穿搭單品：

1．高領大學T，採用落肩款設計，營造休閒感，再加上小字樣造型，增添衣服的活潑度。

2．三角錐毛帽，相較於經典的圓弧形毛帽，上方堅挺的設計更顯個性，也因覆蓋頭髮的面積小，甚至有種瘦小臉的錯覺。

3．高領緊身的針織衫，搭配短版的西裝外套，不僅顯瘦又有氣質。

4．白色素面T，輕薄設計相較針織衫隨性，搭配較鮮艷的下身，中和搶眼度。

5．垂墜感襯衫，微啷的雪紡輕盈設計，配上春天的馬卡龍色與天藍色，浮現出OL的性感。

6．毛衣背心，可以選擇搭配襯衫，毛衣肩膀些微超出肩線，還能增添搭配變化性。

7．毛毛的高領大學T，給人種「毛茸茸的小動物」激發男性保護欲。

8．高領運動套裝，主打懶人的休閒款，不僅穿得舒適，還有種「低調的時尚感」。

只能說女人的衣櫥，永遠少了一件單品啊。（影創中心／綜合報導）

★影片經「愛莉莎莎Alisasa」授權使用，非經同意請勿轉載
※好片，要讓全世界看見。
搞笑自拍、唱歌跳舞、感人故事、開箱體驗、新知分享甚至商業廣告毫不設限，只要好玩，放馬過來，全台最大流量新聞網站《蘋果》就是你的舞台。
投稿影音作品請寄《蘋果》影創中心picshow@appledaily.com.tw

※影創作品　盡在愛播網

【小編推推，你會想看】
●【糗片】網紅給餐廳負評　當場被認出
●不能跟情人說的話！這句比「反正講了沒用」更夭壽
想走韓系路線的照過來！YouTuber愛莉莎莎推薦8款經典單品，一秒穿出韓妞風格。
相較於前幾年oversize的襯衫風格，2019流行充滿垂墜感的馬卡龍色襯衫，穿出OL的微性感。
若想在襯衫之外，加上毛衣增加造型感，可以微微超出肩線，提升整體的變化。
影創
愛莉莎莎
韓妞
穿搭
韓系單品
春秋
高領
日常打扮",0
79,apple_news,大眾運輸業罷工機制 如何修法（陳秉訓）,https://tw.appledaily.com/headline/20190216/HSMRGP47HP2B32ZEDSSFKLNZXA/,出版時間: 2019/02/16,,"勞資爭議表面上是勞工與雇主間就雇用狀態的爭執，但如果僅簡化成二者之間的關係，對受到影響的第三人是不合理的。以本次華航機師罷工為例，旅客的權益被嚴重忽視。YouTuber愛莉莎莎就在頻道上發影片抱怨，她因為罷工而無法飛往澳洲，並可能損失為期10天的旅程所預付的款項（https://youtu.be/Vb1i95JvAhk）。
相關新聞：國籍航空成保護主義樣板？（楊哲銘）
本次罷工的關鍵問題有二，一是機師工會採取突襲罷工，並特別選在大年初四開工日，其心可議；二是涉及航空業的罷工，其與大眾運輸有關，特別影響國人出入國的交通。以愛莉莎莎為例，她早在11月25日就訂好機票，但因突然的罷工而打亂行程。嚴重的是華航並沒有積極協助調整旅行的方案，而她也無法聯繫上客服。最後，她自行尋找其他的航程，發現必須多付兩倍的價錢且花兩倍的時間後才能到達原目的地，但這些都不在華航願意賠償的範圍內。
罷工是根據《勞資爭議處理法》所給予的權利，其效果是雇主不能因此解雇或懲罰參與的勞工。不過，根據該法第53條，罷工發動的前提是針對「權利事項之勞資爭議」，且該爭議必須「經調解不成立」後才得罷工。筆者認為針對航空或交通事業，該條應增加「罷工預告期」的規定，以降低罷工對旅客所帶來的旅行風險。
罷工的手段在造成雇主營業上的損失，而罷工預告期仍能達成該目的。旅客會預期罷工的發生而不訂購機票，因而造成航空公司的機票損失，但同時旅客因為避開罷工風險而不會有愛莉莎莎的困境。
事實上，《勞資爭議處理法》規定特定事業的罷工不能完全停止勞務服務。該法第54條第5項規定「提供固定通信業務或行動通信業務之第一類電信事業，於能維持基本語音通信服務不中斷之情形下，工會得宣告罷工」。另第54條第3項規定「影響大眾生命安全、國家安全或重大公共利益之事業，勞資雙方應約定必要服務條款，工會始得宣告罷工」。不過，該類事業僅限於自來水事業、電力及燃氣供應業、醫院、金融資訊服務業（其經營銀行間資金移轉帳務清算）、證券期貨交易╱結算╱保管事業、辦理支付系統業務事業等等，卻不包括大眾運輸業。
停飛有害公共利益
筆者建議航空或交通事業的罷工應有類似的服務條款。我國目前積極推動與東南亞國家的連結，如果航空業罷工影響到我國與該些國家的飛航交通，這應屬有害於國家安全之行為。除此，我國以對外貿易為主的經濟體，與外國的交通的中斷也有害於公共利益。因此，儘管航空業有權利罷工，也應針對特定的航班繼續服務。
不過，就提供服務的勞工，應該給予超過平常工資的補償。例如，在罷工期間執行服務的機師或空服員或其他協力人員，公司應給予3倍以上的薪資，如此可影響公司的獲利。此與實際罷工有同樣的效果，但又不會發生本次華航機師罷工的雙輸狀況。
罷告預告期修法是必要的，但必須考慮對勞資雙方和國家社會的利益維護。罷工只是手段，但也有替代手段，而細節的設計有賴立法院和主管機關的共同努力。
論壇",0
80,apple_news,陳秉訓：大眾運輸業罷工機制 如何修法,https://tw.appledaily.com/forum/20190216/BLC7QBD7DSPTNYKOFUDU5YEU3M/,出版時間: 2019/02/16 00:06,,"陳秉訓／政治大學科技管理與智慧財產研究所副教授

勞資爭議表面上是勞工與雇主間就雇用狀態的爭執，但如果僅簡化成二者之間的關係，對受到影響的第三人是不合理的。以本次華航機師罷工為例，旅客的權益被嚴重忽視。YouTuber愛莉莎莎就在頻道上發影片抱怨，她因為罷工而無法飛往澳洲，並可能損失為期10天的旅程所預付的款項。

本次罷工的關鍵問題有二，一是機師工會採取突襲罷工，並特別選在大年初四開工日，其心可議；二是涉及航空業的罷工，其與大眾運輸有關，特別影響國人出入國的交通。以愛莉莎莎為例，她早在11月25日就訂好機票，但因突然的罷工而打亂行程。嚴重的是華航並沒有積極協助調整旅行的方案，而她也無法聯繫上客服。最後，她自行尋找其他的航程，發現必須多付兩倍的價錢且花兩倍的時間後才能到達原目的地，但這些都不在華航願意賠償的範圍內。

罷工是根據《勞資爭議處理法》所給予的權利，其效果是雇主不能因此解雇或懲罰參與的勞工。不過，根據該法第53條，罷工發動的前提是針對「權利事項之勞資爭議」，且該爭議必須「經調解不成立」後才得罷工。筆者認為針對航空或交通事業，該條應增加「罷工預告期」的規定，以降低罷工對旅客所帶來的旅行風險。

罷工的手段在造成雇主營業上的損失，而罷工預告期仍能達成該目的。旅客會預期罷工的發生而不訂購機票，因而造成航空公司的機票損失，但同時旅客因為避開罷工風險而不會有愛莉莎莎的困境。

事實上，《勞資爭議處理法》規定特定事業的罷工不能完全停止勞務服務。該法第54條第5項規定「提供固定通信業務或行動通信業務之第一類電信事業，於能維持基本語音通信服務不中斷之情形下，工會得宣告罷工」。另第54條第3項規定「影響大眾生命安全、國家安全或重大公共利益之事業，勞資雙方應約定必要服務條款，工會始得宣告罷工」。不過，該類事業僅限於自來水事業、電力及燃氣供應業、醫院、金融資訊服務業（其經營銀行間資金移轉帳務清算）、證券期貨交易／結算／保管事業、辦理支付系統業務事業等等，卻不包括大眾運輸業。

筆者建議航空或交通事業的罷工應有類似的服務條款。我國目前積極推動與東南亞國家的連結，如果航空業罷工影響到我國與該些國家的飛航交通，這應屬有害於國家安全之行為。除此，我國以對外貿易為主的經濟體，與外國的交通的中斷也有害於公共利益。因此，儘管航空業有權利罷工，也應針對特定的航班繼續服務。

不過，就提供服務的勞工，應該給予超過平常工資的補償。例如，在罷工期間執行服務的機師或空服員或其他協力人員，公司應給予3倍以上的薪資，如此可影響公司的獲利。此與實際罷工有同樣的效果，但又不會發生本次華航機師罷工的雙輸狀況。

罷告預告期修法是必要的，但必須考慮對勞資雙方和國家社會的利益維護。罷工只是手段，但也有替代手段，而細節的設計有賴立法院和主管機關的共同努力。
一指在APP內訂閱《蘋果新聞網》按此了解更多

最熱獨家、最強內幕、最爆八卦
訂閱《蘋果》4大新聞信　完全免費",0
81,apple_news,講虧妹、乾我屁事已顯老　10大流行語中學生超愛,https://tw.appledaily.com/life/20190126/AXSOT5EXANPYKPVYPF2M5I6CWI/,出版時間: 2019/01/26 08:44,,"你有中二靈魂嗎？YouTuber愛莉莎莎繼上集介紹高中生常用語，驚翻不少老靈魂後，再邀好友阿圓解密中學生的流行語錄，噴哭不少網友「我感受到代溝了」。
 
除了基本款的穩單（穩定單身）、不U（不優質）與吉（告）之外，因應時事而起的「你丁守中喔」、「Wait wait wait不對欸」，都榮登愛用語的前10名；但最讓兩人無法理解的就是「汁妹」，延伸汁男概念，就是年輕版的「虧妹」說法，不禁讓阿圓笑稱「小姐給不給虧，已經太老氣了」；最後來到訊息用語，更讓兩人崩潰不已，直呼「完全GET不到」，如「郭」代表「乾我屁事」、「旋轉」表示不要周旋反覆，或是借故推託、「塑膠」則是指沒有價值的意思，所以「你不要塑膠我（不要不讀不回）」，根本無關整形。（影創中心／綜合報導）

★影片經「愛莉莎莎Alisasa」授權使用，非經同意請勿轉載
※好片，要讓全世界看見。
搞笑自拍、唱歌跳舞、感人故事、開箱體驗、新知分享甚至商業廣告毫不設限，只要好玩，放馬過來，全台最大流量新聞網站《蘋果》就是你的舞台。
投稿影音作品請寄《蘋果》影創中心picshow@appledaily.com.tw

※影創作品　盡在愛播網

【小編推推，你會想看】
●【開箱片】網友製核彈級屁罐　臭味嗆鼻還有餘溫
●E級棒深溝　海派甜心雪乳一半掛外面
中二魂站出來！要想裝年輕，就要先搞懂10大國中生愛用語。
經歷10個中學生的流行語錄之後，兩人才明白代溝的嚴重，崩潰直呼「完全GET不到」。
一指在APP內訂閱《蘋果新聞網》按此了解更多

最熱獨家、最強內幕、最爆八卦
訂閱《蘋果》4大新聞信　完全免費

影創
愛莉莎莎
國中生
常用語
流行
塑膠
郭
代溝",0
82,apple_news,假抱怨真炫耀愛當伸手牌　6大討厭元素網友淚推,https://tw.appledaily.com/life/20181123/FXMRXBCUQKDYO7YMK37Q3U6KD4/,出版時間: 2018/11/23 18:45,,"這年頭流行各種撩人招術，但如果本身就招人厭，無論使出任何解術，還是擺脫不了邊緣人的命運；YouTuber愛莉莎莎以自身例子，列出6大讓人討厭的元素，讓不少網友淚推太中肯。
 
要想自己為何沒朋友，首先要先審視自身行為，若老愛當「伸手牌」，總是向朋友討要東西「欸可不可以給我吃一口」、「我忘記帶錢，你可以先借我嗎」、「筆記能不能借我」，又總有理由推遲回饋，到了學期末，朋友自然如恐怖片般消失，愛莉莎莎自白曾經也愛蹭踏食物，直到發現友人眼神怪異，才開始檢討自己，是否該做些回饋，才顯得禮貌。
 
另外，還有些人只關注自己的話題，根本無法專注聆聽他人的話，或經常不使用大腦思考，馬上回覆的句點王與罐頭王，容易讓對方產生「你根本不關心我」的誤解，成為一場無意義的溝通；同樣觀感不佳的還有「黑色力量人」，總是喜歡向人抱怨，讓人備受壓力，所以愛莉莎莎建議，若真想抱怨，可以換個包裝方法，才不會散發過多的負能量，嚇跑朋友。
 
遇到好事情，當然想與別人分享，但愛莉莎莎提醒，若是過度刻意，反倒惹人厭，再加上以一種「假抱怨真炫耀」的形式，「好煩喔，剛才學長摸我的頭，把我頭髮弄亂了啦」更讓人白眼翻到外太空，還不如直接炫耀還比較直接；還有些人是「有異性沒人性」，世界中心彷彿以對方圍繞，無論何時硬要帶上另一半赴約，若對方又無法融入話題，場面反倒尷尬，讓氣氛降至零度，還有些人不准對方與姊妹聊天，或是一來就擺臭臉，讓愛莉莎莎崩潰直呼「那幹嘛帶他來，尷尬到極點，下次再也不要約這種人了」。
 
愛莉莎莎提到，沒有人天生EQ100分，只要多些正面思想，就能好好生活在地球上，精闢的分析，讓不少網友紛紛留言「講這六種，妳白眼翻了六次XD」、「討厭那種上一秒說壞話，下一秒又跑去跟那個人玩的很開心」、「欸借我吃一口，欸那個也借我吃一口，午餐錢就省下來了」、「發燒第一，可能是太多邊緣人想了解被排擠的原因」、「借錢不還真的很顧人怨」、「我都沒中槍，但就是沒朋友，金牌邊緣人﻿」。（影創中心／綜合報導）

※本片由「愛莉莎莎 Alisasa」授權播出，未經許可禁止轉載
※好片，要讓全世界看見。
搞笑自拍、唱歌跳舞、感人故事、開箱體驗、新知分享甚至商業廣告毫不設限，只要好玩，放馬過來，全台最大流量新聞網站《蘋果》就是你的舞台。
投稿影音作品請寄《蘋果》影創中心
picshow@appledaily.com.tw

※影創作品　盡在愛播網

【小編推薦，大家都在看】
●空姐飛阿拉伯險失身　當地服務生反控：是妳誘惑我
●兩男大尬超廢冷笑話　網友歪樓「嗅出滿滿腐味」
想要逃脫邊緣人的命運嗎？YouTuber愛莉莎莎以自身經驗，分析6種容易讓人討厭的元素，讓網友淚推超中肯。
不少人喜歡當伸手牌，總是向朋友討要東西，又不常反饋，經常到了學期末，朋友彷彿恐怖片般消失。
愛莉莎莎認為，每個人都喜歡分享炫耀，但若是太過刻意，或是常以抱怨的方式炫耀，反而招人豔。
影創
愛莉莎莎 Alisasa
邊緣人
特徵
伸手牌
有異性沒人性
句點王
罐頭王
假抱怨真炫耀
朋友
絕交；",0
83,apple_news,韓高校服曲線全都露　甜妹試穿網友跪著看完,https://tw.appledaily.com/skipped-tw/20181015/5H6ZAQKBFCJXWRMTOTXSEG3YZE/,2018/10/15 20:00,,"向世界徵片　你來！把我的錢拿去

台灣高校制服穿起來，往往給人水桶腰、掛窗簾的醜陋感，讓許多女孩往往只能羨慕韓劇中，各個穿著「水噹噹」制服的高校生。YouTuber愛莉莎莎趁著到韓國一遊，跑到梨大商圈興奮試穿韓國排名前3的超正制服，也順道揭露台灣制服「不能說的秘密」。

愛莉莎莎前後試了3套制服，而這些高中制服各具不同特色，除了基本款的毛織衫，襯著領口大蝴蝶結，首爾公演藝術高中的芥末黃雙排扣外套，更讓人有韓團「少女時代 （Girl's Generation）」的錯覺，Lila藝術高中的制服，盡露身材曲線倒滿足不少男性的口味，水手服搭配過略緊繃的腰身，讓愛莉莎莎一個歪樓，出現謎片情節的遐想，愛莉莎莎也穿著租來的制服，到樂天世界遊樂園（Lotte World）體驗一日韓國女高校生，直呼「彌補了我以前高中時，沒有好好穿漂亮制服的缺憾」。
 
回到台灣後，愛莉莎莎拿著韓國制服的定裝照，在路上隨意街訪高中生對台灣制服的看法，絕大多數得到答案都是「會想跟進韓國」、「很漂亮，很有氣質」，且認為「台灣的制服都很醜」，問道「會不會想要有腰身制服」，高中生更立即給予肯定的「會」，就連男高中生看到韓國制服，也傻笑坦言「應該會（希望女生穿這樣）吧」。
 
最後，愛莉莎莎總結兩國的制服差異，認為台灣制服多半忽略腰身、裙襬長短及領結搭配等設計，這些相較之下較保守的制服文化，可能是「台灣家長希望小孩去學校能認真讀書」、「不是去搞一些有的沒的」，但在日、韓高中生成績未必因亮麗服裝，導致喪失競爭力，認為「美感這種東西是要從小培養」，也坦言欣賞他國優點並非就是崇洋媚外，因為「真正的愛台灣不是一直說台灣最好，而是讓台灣不好的地方有所改進」。

網友看完影片，紛紛蓋樓留言，「感覺可以回去當戰袍」、「影片看一半......大叔我癡漢模式快上升了」、「突然有點想說…求番号」、「這集我跪著看完」、「台灣制服的特色就是白色很透的布料」。（影創中心／綜合報導）

★影片經「愛莉莎莎Alisasa」授權播出，非經同意請勿轉載
※好片，要讓全世界看見。
搞笑自拍、唱歌跳舞、感人故事、開箱體驗、新知分享甚至商業廣告毫不設限，只要好玩，放馬過來，全台最大流量新聞網站《蘋果》就是你的舞台。
投稿影音作品請寄《蘋果》影創中心picshow@appledaily.com.tw

※影創作品　盡在愛播網

【小編推推，你會想看】
●【你敢信】日本秘傳運動7天激縮7cm　實測結果真「腰瘦」
●6歲女童離家出走　「她很生氣」不讓警打給娘
 不少人對日韓制服都讚「設計超好看」，網紅愛莉莎莎親身試穿，體驗當一日的韓國女高校生。
翰林女子高中制服設計將鈕扣打至領口，搭配紅藍條紋的蝴蝶結，讓愛莉莎莎大呼「好像空姐」。
影創
愛莉莎莎
韓國
高中生
制服",0
84,apple_news,總被女孩已讀不回？甜妹教必勝話題全靠它,https://tw.appledaily.com/life/20180824/UJHKB6NXZ556HSL76DLK6MV3BM/,出版時間: 2018/08/24 19:25,,"向世界徵片　你來！把我的錢拿去

使用通訊軟體，常被對方「已讀不回」嗎？常分析男女關係的網紅「愛莉莎莎Alisasa」說，別以為是長相關係，其實是聊天方式出了錯。
 
愛莉莎莎整理三種絕對NG的聊天方式，像是「失敗的開場白」，恐怕已成為眾人直接婉拒的理由，用「Hi、哈囉」作為開頭，只會讓對方不知所云，即便對象是帥哥，也只會覺得「這人是不是下面癢了」，問「你在幹嘛」，好像比無謂的打招呼好上一些，但這種擺明把話題丟給他人開的方法，仍凶多吉少，而自以為有禮貌的「我可以問你一個問題嗎?」其實也會讓人質疑「你又不說問什麼，我怎麼知道給不給問」。
 
愛莉莎莎也提到，女生有時會選擇已讀，是因為對方「沒重點的瞎聊」，即便「旅遊、美食、電影」這三者能成為「不敗話題」，卻因為太過廣泛，而無法成為「必勝話題」，因此建議想貼近對方生活，不如就從IG裡的「限時動態」下手，除了話題能更具體，也能在對方情緒低落，適時見縫插針。
 
而「我可以跟你約會嗎」、「今晚想不想來場激烈的戰爭」這種過度露骨的字眼，只會讓女生覺得「這個人好恐怖」，即便女方不排斥炮友關係，但根據愛莉莎莎看身邊朋友的經驗，會成為砲友多半是建立在「有好感」、「有喜歡但不確定在一起」的關係上，太過直白的邀約，只會讓人反感。

最後愛莉莎莎也提醒，男女間的互動，有如「丟球」般一來一往，可以等到對方接到球後，情感上的交流再一點一滴疊加上去，兩人關係才能更加地細水長流。（影創中心／綜合報導）

★影片經「愛莉莎莎Alisasa」授權使用，非經同意請勿轉載
※好片，要讓全世界看見。
搞笑自拍、唱歌跳舞、感人故事、開箱體驗、新知分享甚至商業廣告毫不設限，只要好玩，放馬過來，全台最大流量新聞網站《蘋果》就是你的舞台。
投稿影音作品請寄《蘋果》影創中心picshow@appledaily.com.tw

※影創作品　盡在愛播網

【小編推推，你會想看】
●到男友家同居好嗎？她最怕有人「敲門」突襲
●有機不代表零農藥　想省錢就買包皮蔬果
 網紅「愛莉莎莎Alisasa」以自己及身邊朋友的觀點出發，列出3種讓人「已讀不回」的地雷聊天方式。
用「Hi、你好、Hello」等方式開頭，不僅讓人沒有想回下去的動力，更令對方覺得超級不知所云。
「沒重點的瞎聊」以及「意圖太過明顯」同樣列入地雷話題，這些只會讓女生看到訊息職翻白眼。
影創
愛莉莎莎
通訊軟體
已讀不回
地雷",0
85,apple_news,街訪點名最哈網紅　女大生看顏值擠下呱吉,https://tw.appledaily.com/life/20180822/MEKQ23NXTBBF6B6N3HUT6472JQ/,出版時間: 2018/08/22 19:04,,"（修改內文）

從前吃飯總是開著電視配八點檔大戲，不過隨著網路盛行、YouTuber群雄並起，也影響許多年輕族群轉移陣地，各自有擁護的影片創作者。粉專銘銘就MMG為了一探這個兵家必爭之地，究竟誰征服最多人心，誰又遭到唾棄，特地進到輔仁大學街訪。

大學生中意的YouTuber各異其趣，以脫序業配影片聞名的「HowHow」、吹起許多網路流行語的「反骨男孩」，以及形象清新可愛的「愛莉莎莎」，全都在名冊之中；其中一位喜愛「上班不要看」的女大生，被要求從成員「呱吉」和「廉傑克曼」擇一，毫不猶豫就照顏值挑了後者，令兩位調查員大嘆「就是看外表的時代」。
 
反觀「聖結石」、「小玉」和「放火」三位YouTuber，就因影片調性問題，不太合幾位大學生的味，多半被評以屁孩、中二等言論，但也有人表示「只看好的，不看壞的」，會依照個人喜好搜尋影片，排除美妝或遊戲等特定類型，所以沒有特別反感的YouTuber。（影創中心／綜合報導）

出版時間：１３５４
更新時間：１９０４

※本片由「銘銘就 MMG」授權播出，未經許可禁止轉載
※好片，要讓全世界看見。搞笑自拍、唱歌跳舞、感人故事、開箱體驗、新知分享甚至商業廣告毫不設限，只要好玩，放馬過來，全台最大流量新聞網站《蘋果》就是你的舞台。投稿影音作品請寄《蘋果》影創中心picshow@appledaily.com.tw
 
※影創作品　盡在愛播網
 
【小編推推】
●白目弟煎肉戰底線　背後美臀掀暴動「缺姊夫嗎」
●【新說唱】整段忘詞即興「12連押」　熱狗忍痛淘汰小老弟
 YouTuber在網路上百花齊放，到底有哪幾位深受大學生愛戴，粉專「銘銘就MMG」前往輔大一探究竟。
男同學愛看「反骨男孩」可不是假的，經典名句三連發，模仿到位又傳神。
「聖結石」、「放火」以及「小玉」等人，在受訪中頻頻被列入反感榜單。
影創
銘銘就
大學生
調查",0
86,apple_news,自嘲交往沒兩年就分手　甜妹取經戀愛延長術,https://tw.appledaily.com/life/20180809/J77RUHZ2XQCSJ4Q4YNHOMCO4Y4/,出版時間: 2018/08/09 20:09,,"（修改內文）

速食愛情崛起，某些男女一對上眼就勾動天雷地火，吵架也常把分手掛嘴邊，但如此的感情模式來匆匆、去也匆匆，想和對方共度下半輩子，多半還是得靠長時間磨合。
 
常分享戀愛聖經的YouTuber愛莉莎莎，此次不傳授吸引力法則，反倒先自嘲從沒和一任男朋友交往超過兩年，究竟該如何和另一半細水長流？她找來三對模範情侶取經。第一對交往四年半的男女，相處秘訣在於接納彼此的興趣，約定就算吵架吵得再兇，也不能輕易說分手，待情緒冷卻之後，再拉拉對方衣角，看誰願意先低頭道歉，讓愛莉莎莎大呼「你們好可愛喔」。
 
另一對交往七年的情侶，因遠距離意外延長了兩人的熱戀期，並同樣認為擁有共同興趣、共同目標，是維繫感情的好方式；而交往三年多的YouTuber Couple，男方舉出體諒、包容、關心、釋放和懂得寬恕，女方則會製造新鮮感，讓另一半每天都有交新女朋友的感覺。
 
也許每對情侶長跑的秘訣各有不同，但愛莉莎莎發現「包容」卻是他們的共同點，回想從前總因為小事和男朋友吵架，更不願拉下面子先示好，也許彼此各退一步，就能海闊天空，讓一段感情走得更加長遠。

出版時間：１３００
更新時間：２００９
 
※本片由「愛莉莎莎 Alisasa」授權播出，未經許可禁止轉載
※好片，要讓全世界看見。
搞笑自拍、唱歌跳舞、感人故事、開箱體驗、新知分享甚至商業廣告毫不設限，只要好玩，放馬過來，全台最大流量新聞網站《蘋果》就是你的舞台。
投稿影音作品請寄《蘋果》影創中心
picshow@appledaily.com.tw

※影創作品　盡在愛播網

【小編推薦，大家都在看】
●88歲網紅阿嬤端私房炒飯　吐槽金孫「你最好命」
●員林人帶路夢幻三家　「巨滷外帶」你沒聽錯

 交往後如何克服過渡期？YouTuber愛莉莎莎找來三對模範情侶，取經他們感情長跑的秘訣。
除了相互包容、擁有共同興趣，一對交往四年半的男女，分享兩人吵架時，會先冷靜一小時不說話，再賴皮的看誰先願意道歉。
在一起三年多的情侶，女方會透過製造新鮮感，讓男朋友每天都有交新女朋友的感覺。
影創
愛莉莎莎
愛情
感情長跑",0
87,apple_news,台女求診花30萬印尼盾　巫醫指揮吞精氣摸奶,https://tw.appledaily.com/life/20180619/H5UEOMEBGVL3FR6J2VRMWD7RII/,出版時間: 2018/06/19 19:14,,"人在國外，若身體不適該怎麼辦？在峇里島誤食問題酪梨汁，而肚痛不已的YouTuber愛莉莎莎，從網路上搜尋了當地巫醫，想順道體驗傳統療法。
 
起初因溝通不良，司機並不曉得愛莉莎莎需要哪類型的醫生，看了手機隨意搜尋的資料後，還真的載著他們找到了本人，且是當地最有名的巫醫，只是醫療費偏貴，看診一次支付30萬印尼盾，約650台幣。
 
進到一處民房後，巫醫先是問了愛莉莎莎從哪來，了解病情後，請她在草蓆上躺下，一邊按壓腳底板與腳趾的接縫處，邊發出「歐歐歐」的驚呼聲，見愛莉莎莎痛苦得大叫，再如畫符咒般，以中指和小木棒來回比劃，意味驅除邪氣，再次按壓腳底相同部位時，竟然就不痛了。
 
起身後，巫醫請愛莉莎莎跟著指示，做出一連串的如某種儀式的動作，不僅摸臉又摸奶，還得對著空中作勢吞下精氣，超自然巫術雖看似無厘頭，一旁側錄的友人也被逗笑，但療程確實改善了愛莉莎莎的肚痛，讓她嘖嘖稱奇。（影創中心／綜合報導）

※本片由「愛莉莎莎 Alisasa」授權播出，未經許可禁止轉載
※好片，要讓全世界看見。
搞笑自拍、唱歌跳舞、感人故事、開箱體驗、新知分享甚至商業廣告毫不設限，只要好玩，放馬過來，全台最大流量新聞網站《蘋果》就是你的舞台。
投稿影音作品請寄《蘋果》影創中心picshow@appledaily.com.tw
 
※影創作品　盡在愛播網

【小編推薦，大家都在看】
●【零香火】台北寺院成打卡聖地　建築構想僅6字
●【套路片】男被撞氣噗噗索賠　女神救援秒硬起來
 Youtuber愛莉莎莎在峇里島旅遊時，因肚痛求診當地傳統巫醫。
巫醫按壓完腳趾，拿著木棒對愛莉莎莎的身軀比劃一番，還要她依照指示做動作。
愛莉莎莎依照巫醫指示吞下精氣。
影創
愛莉莎莎
峇里島
巫醫",0
88,apple_news,【求低調】士林人大推5家隱藏版　內行的才沒在排隊,https://tw.appledaily.com/supplement/20180423/J55JYXXEHXFHA5JNMKPXC7W4YA/,出版時間: 2018/04/23 16:37,,"向世界徵片　你來！把我的錢拿去

士林夜市不只台灣人愛逛，更是外國人必去的景點，但琳瑯滿目的美食，哪道才是正港的台灣味？Youtuber「愛莉莎莎｣分享在地人推薦，不用排隊的5樣必吃美食。
 
●正宗嘉義火雞肉飯
這家位在大南路上的火雞肉飯，來吃的大多是本土台灣人，道地的南部口味，淋上香氣十足的雞油和油蔥，粒粒分明的白飯顯得油亮亮，雞絲更有別於一般，店家採用有厚度，且口感紮實的火雞肉片，另外軟嫩的豬皮，也是愛莉莎莎大推的小吃之一。
 
●家湘涼麵
除了涼麵，表皮炸得金黃的臭豆腐，也是必點的人氣菜單，外酥內軟的口感，搭配清爽解膩的台式泡菜，才是內行人吃法，而且美味關鍵還有一點，就是臭豆腐一定得「夠臭」。
 
●忠誠號蚵仔煎
忠誠號是士林著名的老字號，菜單多元到從湯品、炸物到小炒都一應具全，貼心的菜單還附有日文、英文翻譯，方便各國遊客點餐，其中招牌的蚵仔煎口感焦脆，甜稠適中的醬汁，替餐點加分許多。愛莉莎莎也小聲推薦，店內的燙青菜滋味更勝蚵仔煎，清脆爽口又不油膩。
 
●阿亮麵線
在地人必推的士林廟口美食，已有42年歷史，麵線口感十足不軟爛，大腸也十分有嚼勁，愛莎莉莉表示，這家與阿宗麵線的口味相似，而其最特別的是點完餐後，大家會端著麵線至後方廟口享用，是種特別的景象。
 
●墾丁牧場炸鮮奶
嗑完正餐，怎能不來份飯後甜點？將鮮奶和玉米粉拌勻後切成塊狀，再裹上蛋液與麵粉下鍋油炸，是夜市人氣小吃「炸鮮奶」的製作方法，燒呼呼的鮮奶在嘴裡爆開，口感與卡士達有些雷同。

（影創中心／綜合報導）

※本片由「愛莉莎莎 Alisasa」授權播出，未經許可禁止轉載
※好片，要讓全世界看見。
搞笑自拍、唱歌跳舞、感人故事、開箱體驗、新知分享甚至商業廣告毫不設限，只要好玩，放馬過來，全台最大流量新聞網站《蘋果》就是你的舞台。
投稿影音作品請寄《蘋果》影創中心picshow@appledaily.com.tw

※影創作品　盡在愛播網
 
5/2起，下載《台灣蘋果日報》APP成為好蘋友
再推薦分享5位親朋好友、知己閨蜜
立即享有7-11百元電子商品卡
還有機會抽中10萬元現金大獎以及世足決賽門票
 
【小編推薦，大家都在看】
●唱K最恨朋友跟麥克風喇舌　這6訣竅送他們
●【旁白哥抓漏】小布星爵脫衣舞換現金　恁姊仔P圖賽貂蟬
Youtuber「愛莉莎莎｣避開士林夜市的排隊人潮，分享在地人推薦的美味小吃。
擁有42年歷史的阿亮麵線，因為店家沒有提供座位，大家通常會端至後方的廟口享用，景象有趣。
外皮酥脆的炸鮮奶，大口咬下後溫熱的內餡在嘴裡爆開，有如卡士達般滑順濃郁。
影創
愛莉莎莎
士林夜市",0
89,apple_news,宅男就愛荷葉領+系服？台灣男5造型解個性,https://tw.appledaily.com/supplement/20180411/YFG6BNKIBMQN2N5F3TTICLSI4A/,出版時間: 2018/04/11 19:19,," 向世界徵片　你來！把我的錢拿去
 
韓國歐巴善於打扮，各種穿搭術都讓女孩們賞心悅目，不過在韓國留學半年的Youtuber愛莉莎莎，認為台灣男生的穿搭，也有自己的風格魅力，這次要來對外大聲放送，5種台灣獨有的男孩穿搭Style。

●8+9台客風：北部多出現在新北市的三重、新莊與土城地帶，通常不戴眼鏡，身上有大面積的龍鳳等刺青，標準的鐵漢柔情個性，而且或多或少受到陣頭文化影響，對朋友比較有義氣。

●清交我最型：穿衣多選擇有荷葉般領口的系服，這類男孩頭髮造型略短，避免阻礙視線，且必備粗框眼鏡，可能是專注於讀書，不追求外表的穿著，但女生們別太快放棄，因為他們可能是潛在的績優股。

●文青型男：對於穿搭有強烈堅持，衣服需樸素簡單，顏色一定非黑即白，不過別看他們一張厭世臉，愛莉莎莎分析，這類男孩通常都很有才，會以音樂與藝術等創作，來表達對庸俗世界的不滿。

●陽光ABC：這類男孩很好辨別，就是穿著有國際品牌的素T-shirt，再搭個牛仔褲，搭配有型的運動鞋，即便穿著簡單，但這類男孩通常有著健美身材，掛上陽光般笑容，也能讓眾多女性為之瘋狂。

●潮到出水型：身為潮男，穿搭絕對是非名牌不穿，鞋子雖是簡單造型，但卻是打著燈籠也找不到的特殊款，通常這類男孩，不是玩滑板就是喜歡玩嘻哈，魅力值滿點。

（影創中心／綜合報導）
 
★影片經愛莉莎莎授權使用，非經同意請勿轉載
※好片，要讓全世界看見。
搞笑自拍、唱歌跳舞、感人故事、開箱體驗、新知分享甚至商業廣告毫不設限，只要好玩，放馬過來，全台最大流量新聞網站《蘋果》就是你的舞台。
投稿影音作品請寄《蘋果》影創中心picshow@appledaily.com.tw

※影創作品　盡在愛播網

【小編推薦，大家都在看】
●【人醜性騷擾】帥哥饒舌連撩3妹　他照學慘收白眼
●【愛の障礙賽】女上男下衝刺　吞水又吃土
 不用遠赴韓國找歐巴，台灣男人也有自己的穿搭風格。
龍鳳刺青是必備標記，但別看一臉兇狠樣，其實他們很重朋友講義氣。
因為專注於課業或事業，所以造型不修邊幅，但他們可能是潛在的績優股。
影創
愛莉莎莎
男人穿搭
台灣風格
多元",0
90,apple_news,吃出70萬訂閱 YouTuber 躍升達人,https://tw.appledaily.com/lifestyle/20180208/2Y5V6E2S7VQBECBA2BWRTM2EDU/,出版時間: 2018/02/08,,"社群媒體影響力爆發，「當YouTuber」已成為一種志向，YouTube官方表示，對特定領域專業性很強的創作者，開始躍升為「專業達人」的角色。像是主攻美食的「古娃娃WawaKu」，頻道常分享便利商店美食開箱等貼近生活主題，引發觀眾共鳴，活躍時間僅短短1年，訂閱頻道人數已破70萬；而分享檔車相關資訊的「十三恩13N」，訂閱人數雖然不到8.5萬、偏小眾，但觀看次數卻破1036萬，粉絲留言詢問度相當高。而影音串流平台上的原創節目，也吸引不少精準的特定族群觀看，像是愛奇藝的《中國有嘻哈》，觀眾多為19~24歲的男性。
報導╱唐子晴 圖片╱取自YouTube、業者提供
美國藝術家安迪沃荷在1968年的預言「在未來，每個人都能成名15分鐘」成真，現在全球步入社群媒體影響力爆發的時代，再普通的人都有躍升成名人的機會，在YouTube上一夕竄紅的YouTuber們便是最好的例子。專攻遊戲實況的英國YouTuber Daniel Middleton，旗下頻道「DanTDM」訂閱人數已破1700萬、影片總觀看次數已破120億，年僅26歲在去年靠著YouTube，賺進美金1650萬元，約5億台幣，成為去年最富有的YouTube創作者。
聚焦台灣，在2017年YouTuber百家爭鳴，超過10萬訂閱的台灣YouTube頻道已破200個，遊戲類佔30%為最多、生活雜記類則是20%位居第二，而音樂類佔13%排名第三，其他近4成的內容包羅萬象，例如美妝穿搭、美食、車子等。YouTube官方表示，正因平台內容相當多元，有越來越多人遇到問題時不只Google網頁資訊，會進一步透過YouTube尋求答案，獲得更直接具體，甚至更詳細的影音說明和示範，而這些專攻特定領域的創作者便成了名符其實的「專業達人」。
特定領域專業性強的YouTuber躍升達人角色，其中以「麥當勞的9種隱藏吃法」破170萬次瀏覽的美食類古娃娃WawaKu(左下)，以吃竄紅，訂閱頻道人數破70萬、觀看總次數達9215萬。 合成圖片
專業領域 粉絲黏著度提升
【達人YouTuber】
穿搭類╱Meg Lu
生活類 ╱Alan Channel/阿倫頻道
美妝類╱Celeste Wu大沛
社交類╱愛莉莎莎Alisasa
檔車類╱十三恩13N
《偶像練習生》女性觀眾佔6成9
拉攏愛打遊戲者 推「天堂」自製劇
【主題性原創作品】
愛奇藝《中國有嘻哈》
酷瞧《啾秘》
Netflix《主廚的餐桌》
【相關資訊】
頭條新聞",0
91,apple_news,【晉升片】YouTuber不泡沫　吃貨變達人1年集滿70萬訂閱,https://tw.appledaily.com/gadget/20180208/YOYSUDQ22P2Y7US5FA65E3RQRM/,出版時間: 2018/02/08 00:21,,"誰說YouTuber會泡沫化？美國藝術家安迪沃荷在1968年的預言「在未來，每個人都能成名15分鐘」成真，現在全球步入社群媒體影響力爆發的時代，再普通的人都有躍升成名人的機會，在YouTube上一夕竄紅的YouTuber們便是最好的例子。專攻遊戲實況的英國YouTuber Daniel Middleton，旗下頻道「DanTDM」訂閱人數已破1700萬、影片總觀看次數已破120億，年僅26歲在去年靠著YouTube，賺進1650萬元美金，約5億台幣，成為去年最富有的YouTube創作者。
 
聚焦台灣，在2017年YouTuber百家爭鳴，超過10萬訂閱的台灣YouTube頻道已破200個，遊戲類佔30%為最多、生活雜記類則是20%位居第二，而音樂類佔13%排名第三，其他近4成的內容包羅萬象，例如美妝穿搭、美食、車子等。YouTube官方表示，正因平台內容相當多元，有越來越多人遇到問題時不只Google網頁資訊，會進一步透過YouTube尋求答案，獲得更直接具體，甚至更詳細的影音說明和示範，而這些專攻特定領域的創作者便成了名符其實的「專業達人」。
 
官方進一步解釋，特定人群對專有議題關注度很高，例如年輕女生喜好美妝及穿搭、哈日族喜歡日本文化，這些人在主動搜尋瀏覽YouTube創作者的影片後，參考其分享的經驗、觀點與評論，過程中找到喜愛的創作者，黏著度隨之不斷提高後成為粉絲，這就是專攻特定領域的YouTuber，躍升成「達人」的過程。而這些YouTuber因為本身兼具「專家」的角色，對於特定領域甚至小眾族群，都具有專業性和說服力，因此製作的內容，更能影響觀眾的想法或偏好，形成「達人影響力」。
 
像是1年前開始活躍的YouTuber頻道「古娃娃WawaKu」，古娃娃現在就已成為「吃貨達人」，訂閱頻道人數破70萬、觀看總次數達9215萬，影片內容有各種美食評比、試吃和分享，還有每月固定主題便利商店美食開箱，以「貼近生活」取勝，成功引起觀眾共鳴和討論，每支影片下方的留言數幾乎都有500則以上，粉絲除了愛分享自己喜歡的美食外，也有人會建議古娃娃下次可以吃什麼，或製作哪個類型的美食。像是「麥當勞的9種隱藏吃法」，將再普通不過的食物創意吃出來，成為旗下美食類觀看次數最高的影片，已破170萬次瀏覽。而分享檔車相關資訊的「十三恩13N」，訂閱人數雖然不到8.5萬、偏小眾，但觀看次數卻破1003萬，粉絲留言詢問度相當高。（唐子晴／台北報導）
 古娃娃WawaKu，美食類YouTube頻道，近1年開始活躍，影片內容多為貼近生活的美食試吃分享，訂閱頻道人數破70萬、觀看總次數達9215萬，已躍升成「吃貨達人」；其中「麥當勞的9種隱藏吃法」，已破170萬次瀏覽。取自YouTube
十三恩13N，檔車知識YouTube頻道，於2015年1月成立，訂閱人數近8.5萬、觀看次數破1003萬 ，屬於小眾類型，分享「檔車」的知識及教學，包含週邊配備開箱、實際試車、騎乘技術以及保養技巧等，如「[檔車教學] 五分鐘學會騎車 - 基礎操作」。粉絲互動性高，新手紛紛留言詢問相關專業知識。取自YouTube
愛莉莎莎Alisasa，社交類YouTube頻道，於2017年9月成立，訂閱人數近13萬、觀看次數破342萬。以直接誠實的方式，分享如何與歐巴攀談搭訕和吸引注意的社交術，像是「感情#1」欲擒故縱原來要這樣玩???一招讓「難追的女生」愛上你」等片，吸引不少年輕觀眾愛看。取自YouTube
YouTube
YouTuber
古娃娃
Meg
愛莉莎莎",0
92,apple_news,搭訕百名世大運選手　台女：我們靠自己做外交,https://tw.appledaily.com/life/20170903/PD4RT4YX3AQGCO5AJUCYJGOYDA/,出版時間: 2017/09/03 16:05,,"世大運於日前落幕，兩名台灣女生日前曾到選手村附近搭訕百名選手，其中一名女生愛莉莎莎（Alisasa）今天下午在《臉書》發文，表示「政府外交做得不好沒關係，我們靠自己來做國民外交！」

愛莉莎莎和另一名女生呸呸（Peipei）拍攝的影片中，有遇上醉翁之意不在酒的墨西哥籃球隊選手，也看到熱情的台灣人，還有台灣的足球隊、男籃隊等。「愛台灣不是閉門造車」，愛莉莎莎表示，對她們來說，愛台灣就是去跟外國人互動，「在他們面前展現台灣人的魅力，讓他們喜歡台灣人。」（即時新聞中心／綜合報導）



想知道更多，一定要看……
【世大運】2台女搭訕百名選手　CCR？影片曝光

翻攝自Alisasa的《臉書》",0
