Source,Title,Link,Date,Summary,Text,Like,id
Dcard,å¤§ç¾©ä¸€æ¨“é—œé–€å¥³ç”Ÿ,https://www.dcard.tw/service/api/v2/posts/237714628,2021-12-20T11:43:53.343Z,,,10,237714628
Dcard,è·ŸToyzæ‰“LOL,https://www.dcard.tw/service/api/v2/posts/237663829,2021-12-13T15:48:51.641Z,,,391,237663829
Dcard,æƒ³å¿µçˆºçˆºçš„é˜¿æŸ´ğŸ¥²,https://www.dcard.tw/service/api/v2/posts/237592806,2021-12-03T15:47:42.12Z,,,3462,237592806
Dcard,çµ±ç¥åˆç¥é è¨€toyzäº†= =,https://www.dcard.tw/service/api/v2/posts/237572044,2021-11-30T20:12:56.539Z,,,367,237572044
Dcard,Toyz å‡ºä¾†å•¦ğŸ˜,https://www.dcard.tw/service/api/v2/posts/237568781,2021-11-30T11:55:43.324Z,,,3,237568781
Dcard,ç›£ç„å…¬é“ä¼¯Toyzäº¤ä¿å‡ºä¾†å•¦ï¼,https://www.dcard.tw/service/api/v2/posts/237568354,2021-11-30T10:53:23.212Z,,,3,237568354
Dcard,è«‹å•é€™æ˜¯é›·å®¤å‹å—ï¼Ÿä»¥åŠå¦‚ä½•è§£æ±º,https://www.dcard.tw/service/api/v2/posts/237549786,2021-11-27T18:14:54.177Z,,,13,237549786
Dcard,å–œæ­¡/ä¸å–œæ­¡çš„Youtuber(æ–‡é•·),https://www.dcard.tw/service/api/v2/posts/237534761,2021-11-25T15:42:37.709Z,,,54,237534761
Dcard,å…¬é“ä¼¯TOYZæ˜å¤©å‡ºç›£æœƒèªªä»€éº¼å‘¢ï¼Ÿ,https://www.dcard.tw/service/api/v2/posts/237517073,2021-11-23T11:02:01.008Z,,,24,237517073
Dcard,è«‹å„ä½ä¸è¦æ¯é€±éƒ½Banä¸€æ¨£çš„å¥½å—,https://www.dcard.tw/service/api/v2/posts/237497686,2021-11-20T17:27:38.854Z,,,52,237497686
Dcard,2021æµè¡Œéä»€éº¼äº‹æƒ…,https://www.dcard.tw/service/api/v2/posts/237486927,2021-11-19T07:25:47.278Z,,,8672,237486927
Dcard,èµ°é˜ç toyzå—é‚€ä¸€ç´šç©å®¶ç,https://www.dcard.tw/service/api/v2/posts/237462576,2021-11-16T05:52:38.192Z,,,3,237462576
Dcard,è¸¢æ­æ­ªåŠ›,https://www.dcard.tw/service/api/v2/posts/237453648,2021-11-15T03:14:34.772Z,,,121,237453648
Dcard,å€’è®šå¹«è¢«è¿«è§£æ•£ çµ±ç¥åˆè´äº†ï¼,https://www.dcard.tw/service/api/v2/posts/237427486,2021-11-11T08:51:37.753Z,,,398,237427486
Dcard,çµ±ç¥ä¸æ•—çš„åŸå› ,https://www.dcard.tw/service/api/v2/posts/237402970,2021-11-08T06:01:29.737Z,,,181,237402970
Dcard,çµ±å€‘,https://www.dcard.tw/service/api/v2/posts/237382471,2021-11-05T07:25:16.245Z,,,0,237382471
Dcard,çµ±ç¥æœ€è¿‘å¾ˆæ´»èºæ¬¸,https://www.dcard.tw/service/api/v2/posts/237381255,2021-11-05T04:20:25.204Z,,,269,237381255
Dcard,ã€å•†æ¥­ç†è²¡æ›¸åˆ†äº«ã€‘ã€Šè®Šå¯Œï¼šå‰µé€ è²¡å¯Œçš„100ç¨®é—œéµçªç ´æ³•ã€‹,https://www.dcard.tw/service/api/v2/posts/237377051,2021-11-04T12:54:38.043Z,,,8,237377051
Dcard,#é–’èŠ è‡ªä¿¡æ˜¯å¥½äº‹å—ï¼Ÿï¼ˆè•­ç²‰æ–‡é•·æ…å…¥ï¼‰,https://www.dcard.tw/service/api/v2/posts/237353783,2021-11-01T10:38:32.859Z,,,54,237353783
Dcard,å°ç£æ²’ä»€éº¼ç¾é£Ÿå¯è¨€,https://www.dcard.tw/service/api/v2/posts/237333337,2021-10-29T10:09:30.844Z,,,3,237333337
Dcard,Cosplay å¤§ä½œæˆ°æ‰å‰›é–‹æ‰“ï¼Œæˆ‘å°±å¿«ç¬‘åˆ°ä¸è¡Œæƒ¹,https://www.dcard.tw/service/api/v2/posts/237325263,2021-10-28T08:12:39.094Z,,,259,237325263
Dcard,#è½‰ åˆ©ç”¨ç³»çµ±æ¼æ´ç›œåˆ·ã€Šå¤©å ‚Mã€‹3000è¬......,https://www.dcard.tw/service/api/v2/posts/237316593,2021-10-27T06:09:16.538Z,,,16,237316593
Dcard,ä½œå¼ŠæŠ“ä¸å‹æŠ“çš„åŸå› ,https://www.dcard.tw/service/api/v2/posts/237313825,2021-10-26T17:10:58.168Z,,,44,237313825
Dcard,ä¹…é•çš„ç”·è§’ï¼æ±å,https://www.dcard.tw/service/api/v2/posts/237310760,2021-10-26T10:35:26.838Z,,,11,237310760
Dcard,æ¼”è—åœˆç¬æ¯è¬è®Š,https://www.dcard.tw/service/api/v2/posts/237306503,2021-10-25T17:44:55.147Z,,,0,237306503
Dcard,#é–’èŠ #ç”·äººå‹æƒ…çš„éŠæˆ² #ä¸‰åœ‹å¿—æˆ°ç•¥ç‰ˆ,https://www.dcard.tw/service/api/v2/posts/237306109,2021-10-25T16:41:21.082Z,,,1,237306109
Dcard,è€è•­èˆ‡çµ±ç¥å°éŒ¯åˆ†æ,https://www.dcard.tw/service/api/v2/posts/237305794,2021-10-25T16:03:26.907Z,,,2,237305794
Dcard,è »æœ‰è¶£çš„,https://www.dcard.tw/service/api/v2/posts/237302537,2021-10-25T08:39:59.092Z,,,1,237302537
Dcard,#è¨è«– è½èªªè·Ÿçµ±ç¥æ­£é¢å°æ§“çš„äººéƒ½ä¸‹å»äº†,https://www.dcard.tw/service/api/v2/posts/237301860,2021-10-25T06:50:08.062Z,,,39,237301860
Dcard,#è¨è«– è€è•­ä»Šå¤©å¾ˆå—†å–”,https://www.dcard.tw/service/api/v2/posts/237287866,2021-10-23T06:48:58.373Z,,,134,237287866
Dcard,å…¶å¯¦å°ç‰æ˜¯æ”¿åºœçš„äººï¼ï¼Ÿ,https://www.dcard.tw/service/api/v2/posts/237272306,2021-10-21T04:20:55.131Z,,,2,237272306
Dcard,å°ç‰èˆ‡TOYZç©é­·é­šéŠæˆ²æœƒæ€æ¨£ï¼Ÿ,https://www.dcard.tw/service/api/v2/posts/237270877,2021-10-20T22:34:31.568Z,,,3,237270877
Dcard,Youtubeç•Œçš„çµ•å‘½çµ‚çµç«™,https://www.dcard.tw/service/api/v2/posts/237269926,2021-10-20T16:38:12.619Z,,,12,237269926
Dcard,é€™ä¸‰å€‹Youtuberç¾åœ¨æ˜¯ä¸æ˜¯å¯ä»¥çµ„åœ˜åƒåŠ ä¸‹ä¸€å­£å¤§å˜»å“ˆé˜¿ï¼Ÿ,https://www.dcard.tw/service/api/v2/posts/237269912,2021-10-20T16:36:33.026Z,,,3,237269912
Dcard,TOYZè·Ÿå°ç‰ç©é­·é­šéŠæˆ²,https://www.dcard.tw/service/api/v2/posts/237268183,2021-10-20T12:38:14.681Z,,,2,237268183
Dcard,å°ç‰äº‹ä»¶å€‹äººçœ‹æ³•,https://www.dcard.tw/service/api/v2/posts/237253962,2021-10-18T14:26:26.271Z,,,48,237253962
Dcard,ä»Šå¹´å¿«è®Šæˆç¶²ç´…å‡ºå¾å¹´äº†å§,https://www.dcard.tw/service/api/v2/posts/237252481,2021-10-18T11:06:30.667Z,,,28,237252481
Dcard,#æ›´äº†å¾ˆå¤š æœ€è¿‘å¾ˆå¸¸å‡ºäº‹çš„æ˜Ÿåº§ğŸ¥²ğŸ¤£,https://www.dcard.tw/service/api/v2/posts/237252399,2021-10-18T10:51:38.367Z,,,74,237252399
Dcard,Toyzè¹² Toyzè¹² Toyzè¹²å®Œ å°ç‰è¹²,https://www.dcard.tw/service/api/v2/posts/237252220,2021-10-18T10:28:14.288Z,,,37,237252220
Dcard,TOYZæ–°å®¶é–‹ç®±ã€è€ç‘œã€‘,https://www.dcard.tw/service/api/v2/posts/237252143,2021-10-18T10:17:32.488Z,,,3,237252143
Dcard,è¤‡ç¿’ä¸€ä¸‹2021äº‹ä»¶,https://www.dcard.tw/service/api/v2/posts/237251281,2021-10-18T07:54:49.266Z,,,464,237251281
Dcard,TOYZé€ƒç„äº† ç›®å‰äººåœ¨åœ‹å¤–æ¥å—è¨ªå•,https://www.dcard.tw/service/api/v2/posts/237250684,2021-10-18T06:22:26.627Z,,,72,237250684
Dcard,YTç•Œå°ˆå‡ºäººæ‰æ¬¸,https://www.dcard.tw/service/api/v2/posts/237249903,2021-10-18T04:28:26.023Z,,,26,237249903
Dcard,æ„å¤–ç™¼ç¾è‡‰æ›¸çµ•å°æœä¸å‡ºä¾†çš„é—œéµå­—ğŸš«,https://www.dcard.tw/service/api/v2/posts/237244532,2021-10-17T10:16:37.241Z,,,4,237244532
Dcard,akerä¸€æ—çš„æ¦®è€€,https://www.dcard.tw/service/api/v2/posts/237235426,2021-10-16T03:33:03.21Z,,,180,237235426
Dcard,#å¾µéšŠå‹ [å…¬æœƒ]ToyzåŠ«ç„ç‡Ÿæ•‘åŒç›Ÿ æ‹›äººä¸­,https://www.dcard.tw/service/api/v2/posts/237228679,2021-10-15T04:53:14.55Z,,,1,237228679
Dcard,ç¾ç§€é›†åœ˜,https://www.dcard.tw/service/api/v2/posts/237222515,2021-10-14T08:46:56.403Z,,,0,237222515
Dcard,ç¶²è·¯è²·è³£é›»å­è¸æœƒé•æ³•å—ï¼Ÿæ½›è—çš„æ¯’å“å¤§éº»è§¸æ³•å±æ©Ÿ,https://www.dcard.tw/service/api/v2/posts/237219857,2021-10-14T01:39:55.091Z,,,4,237219857
Dcard,TOYZäº‹ä»¶ åæ¯’å½±ç‰‡å¾µåœ˜éšŠ,https://www.dcard.tw/service/api/v2/posts/237211486,2021-10-12T18:44:32.827Z,,,0,237211486
Dcard,toyzæ¥ç­äºº,https://www.dcard.tw/service/api/v2/posts/237209276,2021-10-12T13:35:09.047Z,,,6,237209276
Dcard,ğŸ¤¤,https://www.dcard.tw/service/api/v2/posts/237206677,2021-10-12T07:22:41.809Z,,,7,237206677
Dcard,Xèª¿æŸ¥è¬›è¿°TOYZçš„è¶Šç„æ•…äº‹,https://www.dcard.tw/service/api/v2/posts/237199983,2021-10-11T09:40:10.723Z,,,1,237199983
Dcard,ç•¶ Toyz æƒ¹ä¸Šå¤§éº»ç…©,https://www.dcard.tw/service/api/v2/posts/237198773,2021-10-11T06:18:25.697Z,,,5,237198773
Dcard,Toyzå‰ªå…‰é ­é‚„ç”¨æ´—é«®ç²¾,https://www.dcard.tw/service/api/v2/posts/237194047,2021-10-10T12:23:45.138Z,,,370,237194047
Dcard,ç‚ä¸Šçš„ç‚ä¸Š(æ›´),https://www.dcard.tw/service/api/v2/posts/237193670,2021-10-10T11:22:34.154Z,,,786,237193670
Dcard,Toyzé »é“,https://www.dcard.tw/service/api/v2/posts/237193175,2021-10-10T09:54:36.295Z,,,201,237193175
Dcard,ï¼ƒåˆ†äº« ç«å½±å¿è€…èˆ‡éŠæˆ²ç‹ çµ±ç¥åœ‹å‹•å¤§æˆ°Toyz,https://www.dcard.tw/service/api/v2/posts/237192821,2021-10-10T08:51:28.183Z,,,3,237192821
Dcard,#æ–°è ç°¡èŒ‚å®‰ä½ é‚„æ˜¯è³ å„ŸBYGå§ï¼,https://www.dcard.tw/service/api/v2/posts/237189079,2021-10-09T16:10:09.71Z,,,26,237189079
Dcard,æˆ‘ç¾åœ¨æ¯”è¼ƒæœŸå¾…é¦¬è¬–æ€éº¼å›å®¶,https://www.dcard.tw/service/api/v2/posts/237173791,2021-10-07T14:52:21.917Z,,,31,237173791
Dcard,æˆ‘åªèƒ½èªªé¾é¾é€™æ³¢æ“ä½œæ•‘äº†å¾ˆå¤šäºº,https://www.dcard.tw/service/api/v2/posts/237173029,2021-10-07T13:35:42.075Z,,,54,237173029
Dcard,æ¸…å¤§å­¸ç”Ÿæœƒæœƒé•·è«‹è¾­?,https://www.dcard.tw/service/api/v2/posts/237171295,2021-10-07T09:49:57.041Z,,,1,237171295
Dcard,åšæ©é©å¯è€Œæ­¢ï¼Œå–„è‰¯æ˜¯ä¸€ç¨®é¸æ“‡,https://www.dcard.tw/service/api/v2/posts/237169051,2021-10-07T04:41:03.064Z,,,358,237169051
Dcard,è€å¯¦èªªçœ‹toyzé€™æ¨£æœ‰é»é›£é,https://www.dcard.tw/service/api/v2/posts/237165738,2021-10-06T15:41:01.858Z,,,164,237165738
Dcard,è¦ºå¾—å‹¾æƒ¡å¾ˆä¸å°Šé‡çµ±ç¥,https://www.dcard.tw/service/api/v2/posts/237162717,2021-10-06T09:10:41.382Z,,,16,237162717
Dcard,å†å®¿èˆæŠ½è¸å•Šï¼,https://www.dcard.tw/service/api/v2/posts/237159590,2021-10-06T01:19:04.57Z,,,5,237159590
Dcard,å‹¾èµ·ä½ å¿ƒä¸­çš„æƒ¡è«‡toyzå¤§éº»äº‹ä»¶,https://www.dcard.tw/service/api/v2/posts/237157982,2021-10-05T16:10:52.109Z,,,183,237157982
Dcard,è‡‰æ›¸å¤§ç•¶æ©Ÿæ˜¯å› ç‚ºã€å—œè¡€ç¾ä¸–å ±ï¼Ÿã€,https://www.dcard.tw/service/api/v2/posts/237157122,2021-10-05T14:34:21.897Z,,,5,237157122
Dcard,è«‹å•æˆ‘å¯ä»¥é ˜1450å—ï¼Ÿ,https://www.dcard.tw/service/api/v2/posts/237151359,2021-10-05T02:29:40.772Z,,,1,237151359
Dcard,Toyzèˆ‡è—¥è…³å°è©±æ›å…‰ï¼ã€€é©šçˆ†ã€Œé»‘åƒé»‘ã€å§‹æœ«,https://www.dcard.tw/service/api/v2/posts/237150753,2021-10-05T00:33:38.463Z,,,1055,237150753
Dcard,å¸Œæœ›å¤§å®¶èƒ½å¹«TOYZåŠ æ²¹ã€‚,https://www.dcard.tw/service/api/v2/posts/237148225,2021-10-04T15:08:21.058Z,,,53,237148225
Dcard,æ¬¸å¹¹ï¼toyzæ¬¸ï¼,https://www.dcard.tw/service/api/v2/posts/237145334,2021-10-04T09:04:28.039Z,,,2412,237145334
Dcard,å¾ˆé›£æ‡‚è€kè·Ÿé¾é¾çš„é¢¨å‘å—,https://www.dcard.tw/service/api/v2/posts/237144578,2021-10-04T07:24:48.4Z,,,24,237144578
Dcard,ç¾åœ¨å¯ä»¥è²·è³£èª²å›‰ï¼,https://www.dcard.tw/service/api/v2/posts/237142725,2021-10-04T03:09:53.853Z,,,34,237142725
Dcard,è³´é´»éºŸèµ·çš„é ­ï¼èª°ä¾†æ”¶å°¾å‘¢ï¼Ÿ,https://www.dcard.tw/service/api/v2/posts/237140503,2021-10-03T16:09:02.709Z,,,31,237140503
Dcard,è³€ç“æ‰æ˜¯å­”æ˜,https://www.dcard.tw/service/api/v2/posts/237139588,2021-10-03T14:26:23.036Z,,,21,237139588
Dcard,å¤§éº»æ´—ç™½çš„é¢¨æ°£çœŸçš„å¥½ææ€–ğŸ˜¨ğŸ˜¨,https://www.dcard.tw/service/api/v2/posts/237138127,2021-10-03T11:10:41.432Z,,,24,237138127
Dcard,è€Kè©²é“æ­‰äº†å§,https://www.dcard.tw/service/api/v2/posts/237136903,2021-10-03T08:00:02.778Z,,,4,237136903
Dcard,YT å¤§äº‚é¬¥,https://www.dcard.tw/service/api/v2/posts/237136310,2021-10-03T06:27:43.854Z,,,4,237136310
Dcard,ç‚ä¸Š,https://www.dcard.tw/service/api/v2/posts/237135686,2021-10-03T04:57:12.861Z,,,7,237135686
Dcard,TOYZï¼šä¸è¦æ€¥è‘—ä¸‹è©•è«–,https://www.dcard.tw/service/api/v2/posts/237135320,2021-10-03T03:53:18.04Z,,,6,237135320
Dcard,Toyzçš„MVçœ‹äº†çœ¼æ·šä¸è‡ªè¦ºç•™ä¸‹,https://www.dcard.tw/service/api/v2/posts/237134553,2021-10-03T00:31:23.654Z,,,5,237134553
Dcard,Toyz æ¢—å½±withé–€å¾’,https://www.dcard.tw/service/api/v2/posts/237134152,2021-10-02T19:34:32.012Z,,,1,237134152
Dcard,å°ä¸‘å»å“ªäº†,https://www.dcard.tw/service/api/v2/posts/237133369,2021-10-02T17:03:57.932Z,,,18,237133369
Dcard,TOYZæ•´å€‹è¢«æ•‘åˆ°,https://www.dcard.tw/service/api/v2/posts/237131524,2021-10-02T13:07:24.222Z,,,1026,237131524
Dcard,toyzæ‰“è‡‰è‡ªå·± é–‹ç‰ˆæ¬Šç ²æª¢èˆ‰å…¶ä»–äºº,https://www.dcard.tw/service/api/v2/posts/237131294,2021-10-02T12:32:14.594Z,,,108,237131294
Dcard,Toyzè²©æ¯’,https://www.dcard.tw/service/api/v2/posts/237129622,2021-10-02T08:17:04.343Z,,,29,237129622
Dcard,åéª¨åœ¨Toyzé“æ­‰å½±ç‰‡ä¸‹çš„ç•™è¨€,https://www.dcard.tw/service/api/v2/posts/237128844,2021-10-02T06:16:35.609Z,,,762,237128844
Dcard,Toyzä¸€å¹´å‰çš„å€‹äººæœé£¾å“ç‰Œæš—è—ç„æ©Ÿ å…§æ–‡ä¸€å­—æ’é–‹å…¨æ˜¯å¤§éº»å“ç¨®,https://www.dcard.tw/service/api/v2/posts/237128501,2021-10-02T05:25:23.255Z,,,41,237128501
Dcard,å¤§å®¶èª¤æœƒToyzäº†= =,https://www.dcard.tw/service/api/v2/posts/237128251,2021-10-02T04:41:19.232Z,,,195,237128251
Dcard,Toyzè¢«å°è—¥é ­æŠ–å‡ºï¼ã€€å¹«å¿™è²©æ¯’è€…èº«åˆ†æ›å…‰æ˜¯ã€Œç¾å½¹è»äººã€,https://www.dcard.tw/service/api/v2/posts/237127238,2021-10-02T00:52:27.838Z,,,6,237127238
Dcard,YTç‰ˆæ˜¯ä¸æ˜¯ä¸€å †æ¤…ç²‰,https://www.dcard.tw/service/api/v2/posts/237127040,2021-10-01T22:20:50.729Z,,,6,237127040
Dcard,Toyz çœŸçš„å¾ˆæœ‰éŒ¢å—ï¼Ÿ,https://www.dcard.tw/service/api/v2/posts/237126841,2021-10-01T19:28:33.619Z,,,480,237126841
Dcard,å¦‚ä½•è¿½ä¸åŒåœˆå­çš„å¥³ç”Ÿï¼Ÿ,https://www.dcard.tw/service/api/v2/posts/237126462,2021-10-01T17:46:34.776Z,,,3,237126462
Dcard,æœ€è¿‘YTç•Œæ€éº¼äº†,https://www.dcard.tw/service/api/v2/posts/237126338,2021-10-01T17:25:23.782Z,,,140,237126338
Dcard,Toyzäº‹ä»¶é‡è¦è²æ˜çœŸå½ï¼Ÿ,https://www.dcard.tw/service/api/v2/posts/237125767,2021-10-01T16:07:44.06Z,,,14,237125767
Dcard,#æ¨è–¦ å¶ç„¶æ‰¾åˆ°çš„èª²ç¨‹,https://www.dcard.tw/service/api/v2/posts/237125505,2021-10-01T15:35:34.898Z,,,3,237125505
Dcard,Toyzè¦åˆ°ç›£ç„å»åšå…¬é“ä¼¯äº†å—,https://www.dcard.tw/service/api/v2/posts/237124942,2021-10-01T14:23:56.44Z,,,7,237124942
Dcard,æœ‰äººè¦è·ŸToyzä¸€èµ·æ‰“lolå—,https://www.dcard.tw/service/api/v2/posts/237124910,2021-10-01T14:20:12.394Z,,,1,237124910
Dcard,æ¤…å­toyz æœ€æ–°è²æ˜,https://www.dcard.tw/service/api/v2/posts/237123994,2021-10-01T12:25:55.296Z,,,60,237123994
Dcard,Toyzæ¯’å“æ¡ˆçš„è²æ˜,https://www.dcard.tw/service/api/v2/posts/237123892,2021-10-01T12:11:46.164Z,,,2,237123892
Dcard,TOYZé »é“ç™¼è¡¨è²æ˜,https://www.dcard.tw/service/api/v2/posts/237123527,2021-10-01T11:17:08.045Z,,,12,237123527
Dcard,Toyz é »é“ç™¼è²æ˜äº†ï¼ï¼ï¼æœ‰å½±ç‰‡ï¼,https://www.dcard.tw/service/api/v2/posts/237123526,2021-10-01T11:17:07.636Z,,,480,237123526
Dcard,ç¬¬äºŒå±†å“ˆå•¾æ¢—åœ–å¤§è³½ã€Šä¸åˆæ™‚å®œçš„æœ‰ç—…èˆ‰å‹•ã€‹è³½è©•ç›´æ’­,https://www.dcard.tw/service/api/v2/posts/237123423,2021-10-01T11:01:58.958Z,,,71,237123423
Dcard,Toyz è¿‘ä¸‰å¹´çš„ç¶²è·¯è²é‡,https://www.dcard.tw/service/api/v2/posts/237122252,2021-10-01T08:11:34.362Z,,,117,237122252
Dcard,å¤§éº»çš„åˆæ³•åŒ–åˆç†æ€§?,https://www.dcard.tw/service/api/v2/posts/237120055,2021-10-01T03:25:36.071Z,,,4,237120055
Dcard,åˆ¥çœ‹toyzäº†ï¼Œä¾†çœ‹çœ‹æ°¸é çš„ç¥ğŸ™ğŸ’•,https://www.dcard.tw/service/api/v2/posts/237119435,2021-10-01T01:40:44.394Z,,,184,237119435
Dcard,Toyz å¯èƒ½æœ‰é—œçš„äººå£«ï¼Ÿ,https://www.dcard.tw/service/api/v2/posts/237118974,2021-09-30T23:03:21.293Z,,,218,237118974
Dcard,æ‰€ä»¥è·Ÿå‰lolå† è»toyzä¸€èµ·è²©æ¯’çš„æ¥Šå§“å…±çŠ¯æ˜¯,https://www.dcard.tw/service/api/v2/posts/237118937,2021-09-30T22:18:04.614Z,,,82,237118937
Dcard,ToyzçœŸçš„ç¦å¤§å‘½å¤§,https://www.dcard.tw/service/api/v2/posts/237118651,2021-09-30T19:04:06.343Z,,,61,237118651
Dcard,TOYZäº‹ä»¶ï¼Œæœ‰é—œçƒé´‰çš„å›æ‡‰,https://www.dcard.tw/service/api/v2/posts/237118588,2021-09-30T18:42:10.039Z,,,106,237118588
Dcard,Toyzè·Ÿé´»éºŸæ•™æœƒæˆ‘å€‘ä»€éº¼,https://www.dcard.tw/service/api/v2/posts/237117559,2021-09-30T15:58:39.281Z,,,53,237117559
Dcard,è«‹ç›Š ï¼šå¦‚æœtoyzä¸Šæ³•é™¢,https://www.dcard.tw/service/api/v2/posts/237117464,2021-09-30T15:48:37.701Z,,,6,237117464
Dcard,é¡å€¼å¤šé‡è¦? çœ‹çœ‹TOYZå°±çŸ¥é“,https://www.dcard.tw/service/api/v2/posts/237116875,2021-09-30T14:39:02.549Z,,,0,237116875
Dcard,Toyzæ¶‰è³£äºŒç´šæ¯’å“ã€€é™¢æª¢èªçŸ¥ä¸åŒï¼ç„¡æœŸå¾’åˆ‘æè®Šåªé—œ2å¹´,https://www.dcard.tw/service/api/v2/posts/237116639,2021-09-30T14:11:23.606Z,,,29,237116639
Dcard,ç¨å®¶ï½œLOLå‰ä¸–ç•Œå† è»Toyzé©šå‚³è²©æ¯’é­è²æŠ¼ã€€ç§å®…å›¤å¤§éº»ç…™å½ˆï¼è¦æ¨¡æœ‰å¦‚ä¸­ç›¤å•†,https://www.dcard.tw/service/api/v2/posts/237116476,2021-09-30T13:51:58.993Z,,,3,237116476
Dcard,#ç™¼å• toyzçš„è²“,https://www.dcard.tw/service/api/v2/posts/237116135,2021-09-30T13:11:23.93Z,,,6,237116135
Dcard,å…„å¼Ÿä»¥å¾Œå°±æ˜¯è‡ªå·±äººäº†,https://www.dcard.tw/service/api/v2/posts/237114164,2021-09-30T09:00:49.774Z,,,90,237114164
Dcard,Toyzå¥³å‹éƒ½ä¸å¯«å…¨å,https://www.dcard.tw/service/api/v2/posts/237113133,2021-09-30T07:02:07.126Z,,,217,237113133
Dcard,Toyzäº‹ä»¶æˆ‘çœ‹æœ€å¾Œæ˜¯é€™æ¨£,https://www.dcard.tw/service/api/v2/posts/237112916,2021-09-30T06:36:04.722Z,,,274,237112916
Dcard,LOLä¸ƒå®—ç½ª,https://www.dcard.tw/service/api/v2/posts/237112562,2021-09-30T05:55:40.51Z,,,273,237112562
Dcard,ç¾åœ¨å¸æ¯’ä»”å¯ä»¥é€™éº¼å›‚å¼µå°±æ˜¯äº†ï¼Ÿ,https://www.dcard.tw/service/api/v2/posts/237111986,2021-09-30T04:43:45.559Z,,,88,237111986
Dcard,TOYZã€ç–‘ä¼¼ã€è²©æ¯’,https://www.dcard.tw/service/api/v2/posts/237111715,2021-09-30T04:04:45.661Z,,,3,237111715
Dcard,ä»€éº¼ï¼ŸToyzè²©æ¯’ï¼Ÿ,https://www.dcard.tw/service/api/v2/posts/237111432,2021-09-30T03:24:57.77Z,,,74,237111432
Dcard,èˆ‡toyzå‹å¥½åå–®æ•´ç†,https://www.dcard.tw/service/api/v2/posts/237111177,2021-09-30T02:52:12.433Z,,,1350,237111177
Dcard,ã€ŠToyzè²©æ¯’äº‹ä»¶ã€‹ç¶²å‹æå‘Š,https://www.dcard.tw/service/api/v2/posts/237111119,2021-09-30T02:41:29.03Z,,,32,237111119
Dcard,é‡æ–°æ¢è¨toyzæ”¹åäº‹ä»¶,https://www.dcard.tw/service/api/v2/posts/237110975,2021-09-30T02:21:44.552Z,,,12,237110975
Dcard,#è¨è«– å¤–åœ‹äººè¢«é©…é€å‡ºå¢ƒå¯èƒ½æ€§,https://www.dcard.tw/service/api/v2/posts/237110851,2021-09-30T02:02:50.347Z,,,3,237110851
Dcard,TOYZè²©æ¯’è¢«æŠ“äº†!!!,https://www.dcard.tw/service/api/v2/posts/237110679,2021-09-30T01:27:00.314Z,,,4,237110679
Dcard,"toyz,æœƒåœ¨å°ç£é—œé‚„æ˜¯å¼•æ¸¡å»é¦™æ¸¯é˜¿",https://www.dcard.tw/service/api/v2/posts/237110586,2021-09-30T01:08:13.039Z,,,2,237110586
Dcard,toyzçš„ç‹—ç©¶æ¥µé€²åŒ–ç·æ¯’çŠ¬,https://www.dcard.tw/service/api/v2/posts/237110450,2021-09-30T00:28:19.353Z,,,58,237110450
Dcard,Toyzè·Ÿçµ±ç¥çš„å½¢è±¡,https://www.dcard.tw/service/api/v2/posts/237110325,2021-09-29T23:42:08.63Z,,,19,237110325
Dcard,TOYZé‡å¤§æ–°è!,https://www.dcard.tw/service/api/v2/posts/237109916,2021-09-29T18:45:17.481Z,,,52,237109916
Dcard,toyzå–Šåœ¨,https://www.dcard.tw/service/api/v2/posts/237109897,2021-09-29T18:39:31.468Z,,,3,237109897
Dcard,Toyzè²©æ¯’äº‹ä»¶ç¶­åŸºç™¾ç§‘ä¹Ÿå¤ªå¿«äº†å§ï¼,https://www.dcard.tw/service/api/v2/posts/237109723,2021-09-29T17:57:59.57Z,,,17,237109723
Dcard,toyzé€™äººå“â€¦,https://www.dcard.tw/service/api/v2/posts/237109671,2021-09-29T17:48:40.762Z,,,251,237109671
Dcard,Toyzå“ç‰Œè¡£æœå…¶å¯¦æ—©å°±é€éœ²ä¸€åˆ‡äº†å§,https://www.dcard.tw/service/api/v2/posts/237109563,2021-09-29T17:31:24.767Z,,,18,237109563
Dcard,ä½è™•æŸ¥å‡º200é¡†å¤§éº»ç…™å½ˆã€€Toyzæ¶‰æ¯’ã€Œå¦‚ä¸­ç›¤å•†ã€è£å®šç¾ˆæŠ¼,https://www.dcard.tw/service/api/v2/posts/237109497,2021-09-29T17:22:01.719Z,,,13,237109497
Dcard,Toyz åƒé£¯,https://www.dcard.tw/service/api/v2/posts/237108996,2021-09-29T16:15:01.56Z,,,12,237108996
Dcard,é åŒ—Toyzé€ƒç„äº†,https://www.dcard.tw/service/api/v2/posts/237108840,2021-09-29T16:00:21.673Z,,,90,237108840
Dcard,å”¯XéŸ³æ¨‚è€é—† é»ƒå…ˆç”Ÿ å…«å¦ï¼Ÿ,https://www.dcard.tw/service/api/v2/posts/237108777,2021-09-29T15:53:19.923Z,,,4,237108777
Dcard,toyzäººå“æœ‰å¤ å·® ä¸‹å»çœŸçˆ½,https://www.dcard.tw/service/api/v2/posts/237108750,2021-09-29T15:51:03.971Z,,,60,237108750
Dcard,toyzæ€éº¼äº†,https://www.dcard.tw/service/api/v2/posts/237108702,2021-09-29T15:46:57.486Z,,,221,237108702
Dcard,#æ–°è TOYZè²©æ¯’..,https://www.dcard.tw/service/api/v2/posts/237108190,2021-09-29T15:03:59.247Z,,,3,237108190
Dcard,ä¸­è·¯å¤§éº»é‡ç¸ï¼ŸçœŸå‡ï¼Ÿ,https://www.dcard.tw/service/api/v2/posts/237107842,2021-09-29T14:38:54.128Z,,,4,237107842
Dcard,Toyzæ½›é€ƒå˜,https://www.dcard.tw/service/api/v2/posts/237107785,2021-09-29T14:35:24.614Z,,,117,237107785
Dcard,Toyz è²©æ¯’ï¼ï¼Ÿä¸æ˜¯çœŸçš„å§ï¼Ÿ,https://www.dcard.tw/service/api/v2/posts/237107576,2021-09-29T14:16:36.04Z,,,43,237107576
Dcard,Toyzç›´æ’­å·å¸â€¦,https://www.dcard.tw/service/api/v2/posts/237107554,2021-09-29T14:14:12.875Z,,,855,237107554
Dcard,#è¨è«–  Toyzæ¶‰å«Œè²©æ¯’é‡ç½ªé­è²æŠ¼,https://www.dcard.tw/service/api/v2/posts/237107539,2021-09-29T14:13:16.102Z,,,11,237107539
Dcard,"toyzé©šå‚³è²©è³£æ¯’å“
åŸä¾†çµ±ç¥æ˜¯å…¨å ´çœŸé è¨€å®¶ï¼Ÿ",https://www.dcard.tw/service/api/v2/posts/237107473,2021-09-29T14:07:11.897Z,,,44,237107473
Dcard,Toyzè²©æ¯’  é­è²æŠ¼,https://www.dcard.tw/service/api/v2/posts/237107247,2021-09-29T13:43:49.338Z,,,9,237107247
Dcard,Toyzæƒ¹ä¸Šéº»ç…© å°ä¸­åœ°æª¢ç½²è²æŠ¼,https://www.dcard.tw/service/api/v2/posts/237107104,2021-09-29T13:29:38.731Z,,,8,237107104
Dcard,å†è¦‹äº†å¤§éº»å…¬é“ä¼¯ğŸ˜¢,https://www.dcard.tw/service/api/v2/posts/237107022,2021-09-29T13:20:00.878Z,,,2305,237107022
Dcard,å˜–å˜–,https://www.dcard.tw/service/api/v2/posts/237107021,2021-09-29T13:19:47.257Z,,,14,237107021
Dcard,Toyzé©šå‚³è²©è³£å¤§éº»,https://www.dcard.tw/service/api/v2/posts/237106780,2021-09-29T12:54:10.723Z,,,5,237106780
Dcard,é›£é“æ˜¯å‚³èªªä¸­çš„é¢¨æ°´è¼ªæµè½‰å—,https://www.dcard.tw/service/api/v2/posts/237106645,2021-09-29T12:37:32.354Z,,,26,237106645
Dcard,LOLå‰ä¸–ç•Œå† è»Toyzé©šå‚³è²©æ¯’ã€€é­è²æŠ¼,https://www.dcard.tw/service/api/v2/posts/237106541,2021-09-29T12:25:59.251Z,,,233,237106541
Dcard,LOLå‰ä¸–ç•Œå† è»Toyzé©šå‚³è²©æ¯’ï¼ã€€é­ä¸­æª¢è²æŠ¼,https://www.dcard.tw/service/api/v2/posts/237106471,2021-09-29T12:18:37.624Z,,,23,237106471
Dcard,çµ±ç¥ç¿»ç›¤å•¦å„ä½,https://www.dcard.tw/service/api/v2/posts/237106462,2021-09-29T12:17:13.269Z,,,55,237106462
Dcard,Toyzè²©æ¯’,https://www.dcard.tw/service/api/v2/posts/237106393,2021-09-29T12:08:23.922Z,,,223,237106393
Dcard,å¿«è¨Šï¼LOLå‰ä¸–ç•Œå† è»Toyzé©šå‚³è²©æ¯’ã€€é­å°ä¸­åœ°æª¢ç½²è²æŠ¼,https://www.dcard.tw/service/api/v2/posts/237106392,2021-09-29T12:08:11.082Z,,,29,237106392
Dcard,Toyz å–Šåœ¨ï¼,https://www.dcard.tw/service/api/v2/posts/237106368,2021-09-29T12:05:20.404Z,,,6,237106368
Dcard,Toyz,https://www.dcard.tw/service/api/v2/posts/237106295,2021-09-29T11:57:27.035Z,,,17,237106295
Dcard,toyzè²©æ¯’,https://www.dcard.tw/service/api/v2/posts/237106285,2021-09-29T11:56:25.896Z,,,16,237106285
Dcard,LOLå‰ä¸–ç•Œå† è»Toyzé©šå‚³è²©æ¯’,https://www.dcard.tw/service/api/v2/posts/237106161,2021-09-29T11:43:41.272Z,,,214,237106161
Dcard,æœ‰å“ªäº›å¯¦æ³ä¸»ç©ä»»ä½•éŠæˆ²éƒ½å¥½çœ‹?,https://www.dcard.tw/service/api/v2/posts/237092127,2021-09-28T03:26:11.665Z,,,6,237092127
Dcard,#åˆ†äº« å¥½æ„Ÿåº¦upupğŸ’•æŒ‘æˆ°æ—¥é›œé€æ˜æ„Ÿå¦å®¹,https://www.dcard.tw/service/api/v2/posts/237066384,2021-09-25T02:01:58.65Z,,,154,237066384
Dcard,#åˆ†äº« åƒè²¨æé¾å†’éšªæ—…ç¨‹ å¤§éš±è—é¾é¾æ­¦å£«ğŸ˜é’ä¹‹é¬¼é›·é¾ğŸ¦•,https://www.dcard.tw/service/api/v2/posts/236991721,2021-09-16T11:14:19.926Z,,,28,236991721
Dcard,TOYZ : å­¸ç¿’èƒ½åŠ›ä¸‹é™æ˜¯é¸æ‰‹è·æ¶¯çŸ­çš„ä¸»å› ,https://www.dcard.tw/service/api/v2/posts/236960578,2021-09-13T09:10:26.819Z,,,163,236960578
Dcard,3Dè¦–è¦ºå‹æ”¾ç½®RPGã€Šæ”¾ç½®è‹±é›„Eurekaã€‹ä»£è¨€äººç‚ºä»€éº¼æ˜¯å¥¹ï¼,https://www.dcard.tw/service/api/v2/posts/236897038,2021-09-06T05:12:31.977Z,,,31,236897038
Dcard,ç¬¬äºŒå€‹ç¾Šæ¯›æ°ˆä½œå“ æ¤æ¯›å“ˆå£«å¥‡,https://www.dcard.tw/service/api/v2/posts/236875888,2021-09-03T10:21:06.882Z,,,184,236875888
Dcard,æ‹émen's health koreaï¼†Pilates S é›œèªŒå°é¢çš„å¶åƒå€‘,https://www.dcard.tw/service/api/v2/posts/236870555,2021-09-02T16:09:52.533Z,,,224,236870555
Dcard,é­”å¹»RPGæ‰‹éŠã€Šæˆ°ç¥é¢¨æš´ã€‹9æœˆ2æ—¥ç‚«æˆ°ä¸Šå¸‚ æ‰“é€ æ–°ä¸–ä»£æˆ°é­‚ç²¾ç¥ï¼é¼“é¼“å‘‚æ€ç·¯ã€è•­ç§‰æ²»ã€Juliaå³å“æºè¯æ‰‹æ‰“é€ éŠæˆ²åŒåä¸»é¡Œæ›² ã€Šæˆ°ç¥é¢¨æš´ã€‹å®Œæ•´MVå…¨çƒé¦–æ’­ ï¼å …æŒï¼Œæ‰æœ‰éˆé­‚ï¼æ˜Ÿæˆ°çŸ¥åé‘„åŠå¸«é¦¬å¯å¤šç‚ºã€Šæˆ°ç¥é¢¨æš´ã€‹æ‰“é€ å°ˆå±¬æ­¦å™¨,https://www.dcard.tw/service/api/v2/posts/236865757,2021-09-02T06:19:46.697Z,,,15,236865757
Dcard,è¸¢ç ´çƒè·Ÿè¸¢ç ´ç‰†å£  å“ªå€‹æ¯”è¼ƒæ‰¯?,https://www.dcard.tw/service/api/v2/posts/236835977,2021-08-29T12:06:14.627Z,,,4,236835977
Dcard,Toyzé–‹å°è¿‘äºŒåå°æ™‚,https://www.dcard.tw/service/api/v2/posts/236820541,2021-08-27T09:37:12.397Z,,,22,236820541
Dcard,ğŸ˜¡åˆèˆ”â€¦ğŸ˜¡åˆèˆ”â€¦.åˆâ€¦ åˆèˆ”å˜´å”‡!!! ğŸ˜¡,https://www.dcard.tw/service/api/v2/posts/236759526,2021-08-19T09:49:15.767Z,,,27,236759526
Dcard,å°ç£ä¸€å †æ·˜å¯¶è²¼ç‰Œè²¨æ˜¯ä¸æ˜¯,https://www.dcard.tw/service/api/v2/posts/236734696,2021-08-16T08:41:40.955Z,,,7,236734696
Dcard,è£½ä½œçš„Lineæ™‚äº‹æ¢—è²¼åœ–è¢«é€€å›,https://www.dcard.tw/service/api/v2/posts/236714242,2021-08-13T13:58:29.291Z,,,4,236714242
Dcard,å“ªå€‹å¯¦æ³ä¸»çš„å¥³å‹æœ€æ­£?,https://www.dcard.tw/service/api/v2/posts/236703305,2021-08-12T07:06:58.539Z,,,796,236703305
Dcard,å¯¦æ³ä¸»ç›ƒè®“çµ±ç¥ä¸‹é™å››å€‹äººæ°£æ•¸,https://www.dcard.tw/service/api/v2/posts/236676652,2021-08-08T15:29:56.972Z,,,100,236676652
Dcard,Toyzè¦ªå¼Ÿï¼Ÿ å¯ä»¥æ•™ä»–ç©ä¸€ä¸‹å‚³èªªå—,https://www.dcard.tw/service/api/v2/posts/236665792,2021-08-07T06:56:15.455Z,,,75,236665792
Dcard,å¤§å®¶å–œæ­¡Toyzçš„å¯¦æ³é¢¨æ ¼å—?,https://www.dcard.tw/service/api/v2/posts/236659522,2021-08-06T09:56:07.692Z,,,202,236659522
Dcard,Toyzeroplus ç©å…·è™•ç†æ…‹åº¦æ¶ˆæ¥µ è«‹å¤§å®¶æ³¨æ„,https://www.dcard.tw/service/api/v2/posts/236601433,2021-07-29T12:36:43.799Z,,,18,236601433
Dcard,çµ±ç²‰é›†çµï¼,https://www.dcard.tw/service/api/v2/posts/236599641,2021-07-29T08:15:35.642Z,,,24,236599641
Dcard,ä¸ç‰¹å…¬é“çš„æ’ç¨‹å•é¡Œï¼ˆé›™æ¨™ï¼‰,https://www.dcard.tw/service/api/v2/posts/236593342,2021-07-28T10:51:29.09Z,,,38,236593342
Dcard,Toyzä¸Ÿç«æŸ´,https://www.dcard.tw/service/api/v2/posts/236592060,2021-07-28T07:44:27.087Z,,,382,236592060
Dcard,çµ±äº®å¤§æˆ°å¾ŒçºŒï¼Œä¸æ¤…æˆ°å ´é–‹å•Ÿï¼Ÿ,https://www.dcard.tw/service/api/v2/posts/236589503,2021-07-27T21:07:20.767Z,,,196,236589503
Dcard,æƒ³çŸ¥é“çµ±ç¥é€™æ¨£ç®—ä¸ç®—è¢«ç¶²è·¯éœ¸å‡Œï¼Ÿ,https://www.dcard.tw/service/api/v2/posts/236589406,2021-07-27T20:15:00.457Z,,,16,236589406
Dcard,è«‹å•æœé™½é•·å“¥æ˜¯å“ªç³»çš„çŒ´å­,https://www.dcard.tw/service/api/v2/posts/236588009,2021-07-27T15:40:34.045Z,,,21,236588009
Dcard,ä¸€å¼µåœ–å®Œç¾åˆ†æï½œçµ±ç¥&é¤¨é•·ç›´æ’­ TOYZäº‹ä»¶,https://www.dcard.tw/service/api/v2/posts/236583386,2021-07-27T04:59:31.649Z,,,30,236583386
Dcard,éƒ½åšåšæ•ˆæœå•¦ä¹‹äº”è¬äº‹ä»¶,https://www.dcard.tw/service/api/v2/posts/236583348,2021-07-27T04:53:58.601Z,,,71,236583348
Dcard,è«‡è«‡çµ±ç¥é¢¨æ³¢,https://www.dcard.tw/service/api/v2/posts/236582110,2021-07-26T23:48:07.651Z,,,7,236582110
Dcard,çµ±ç¥èˆ‡003,https://www.dcard.tw/service/api/v2/posts/236581942,2021-07-26T21:37:55.559Z,,,196,236581942
Dcard,ã„§æ›´-åå¤©ç°¡æ˜“ç‰ˆ-çµ±æ¤…ä¹‹çˆ­ç¸½æ•´ç†,https://www.dcard.tw/service/api/v2/posts/236577425,2021-07-26T09:22:00.623Z,,,40,236577425
Dcard,Toyzä¸Šé¤¨é•·ç›´æ’­å—†çµ±ç¥æ¬ éŒ¢ä¸é‚„,https://www.dcard.tw/service/api/v2/posts/236577067,2021-07-26T08:32:14.601Z,,,2,236577067
Dcard,#è¨è«– çµ±ç¥é€™æ³¢çˆ­è­°ç®—æ¥­åŠ›å¼•çˆ†å—?,https://www.dcard.tw/service/api/v2/posts/236575998,2021-07-26T06:03:44.726Z,,,12,236575998
Dcard,æŠµåˆ¶çµ±ç¥,https://www.dcard.tw/service/api/v2/posts/236575430,2021-07-26T04:39:19.723Z,,,46,236575430
Dcard,#è¨è«– Toyzï¼†çµ±ç¥å·¥å•†åŠå¾ŒçºŒ,https://www.dcard.tw/service/api/v2/posts/236575058,2021-07-26T03:30:56.758Z,,,7,236575058
Dcard,çµ±ç¥å·¥å•†äº‹ä»¶,https://www.dcard.tw/service/api/v2/posts/236574269,2021-07-25T23:04:38.477Z,,,0,236574269
Dcard,çµ±ç¥æ˜¯ä¸æ˜¯æœ€å¤§è´å®¶,https://www.dcard.tw/service/api/v2/posts/236574081,2021-07-25T20:32:21.724Z,,,3,236574081
Dcard,è‘£ç¥æ˜¯ä¸æ˜¯çœŸçš„ç—…äº†,https://www.dcard.tw/service/api/v2/posts/236573656,2021-07-25T18:12:46.9Z,,,132,236573656
Dcard,çµ±æ¤…äº‹ä»¶ å¤§å®¶éƒ½æœ‰çœ‹ç¬¬äºŒå ´å·¥å•†å—?,https://www.dcard.tw/service/api/v2/posts/236573078,2021-07-25T16:41:17.108Z,,,46,236573078
Dcard,çµ±ç¥å«è€å©†ä¸‹è·ªçµ¦Toyz é“æ­‰â€¦,https://www.dcard.tw/service/api/v2/posts/236571088,2021-07-25T12:19:02.668Z,,,534,236571088
Dcard,çµ±æ¤…æˆ°çˆ­çµè«–â€¦EQæ˜¯å€‹ç¡¬å‚·å•Š,https://www.dcard.tw/service/api/v2/posts/236567319,2021-07-25T01:19:01.148Z,,,12,236567319
Dcard,çœŸçš„æ²’äººè¦ºå¾—é€™æ¬¡æ˜¯Toyzçš„éŒ¯å—ï¼Ÿ,https://www.dcard.tw/service/api/v2/posts/236565534,2021-07-24T16:14:18.352Z,,,873,236565534
Dcard,é¤¨é•·ç›´æ’­,https://www.dcard.tw/service/api/v2/posts/236563942,2021-07-24T12:43:19.595Z,,,477,236563942
Dcard,ä½ å€‘ç®—ä»€éº¼çµ±ç²‰æ¤…ç²‰ï¼Ÿ,https://www.dcard.tw/service/api/v2/posts/236561754,2021-07-24T07:04:26.271Z,,,7,236561754
Dcard,Joemanæ€éº¼äº†,https://www.dcard.tw/service/api/v2/posts/236555985,2021-07-23T10:30:57.034Z,,,1638,236555985
Dcard,çµ±ç¥è¬›å–®æŒ‘å½±ç‰‡è§€å¾Œæ„Ÿ,https://www.dcard.tw/service/api/v2/posts/236555913,2021-07-23T10:22:23.155Z,,,42,236555913
Dcard,çµ±ç¥å’ŒToyzäº‹ä»¶ç‚ºä»€éº¼æœƒåµå¾—å¦‚æ­¤ä¸‹å ´?,https://www.dcard.tw/service/api/v2/posts/236555830,2021-07-23T10:10:38.909Z,,,37,236555830
Dcard,TOYZå˜²è«·æ–¹å¼ç®—å¸¸è¦‹è·Ÿæ­£å¸¸å—ï¼Ÿ,https://www.dcard.tw/service/api/v2/posts/236552704,2021-07-23T02:21:40.286Z,,,80,236552704
Dcard,Toyz vs çµ±ç¥  çµ±ç¥çœŸæ­£çŠ¯ä¸‹çš„å¤§éŒ¯,https://www.dcard.tw/service/api/v2/posts/236552213,2021-07-22T23:18:00.619Z,,,179,236552213
Dcard,æœ‰äººæœ‰çµ±ç¥ toyz çš„æ‡¶äººåŒ…å—,https://www.dcard.tw/service/api/v2/posts/236551663,2021-07-22T18:44:19.879Z,,,13,236551663
Dcard,å¥³å‹è®Šæˆçµ±ç²‰,https://www.dcard.tw/service/api/v2/posts/236549088,2021-07-22T13:19:55.039Z,,,9,236549088
Dcard,Toyzè¢«çµ±ç¥è€å©†003ç§è¨Šé«’è©±å¹¹è­™ï¼ï¼ï¼ï¼,https://www.dcard.tw/service/api/v2/posts/236547546,2021-07-22T10:08:35.258Z,,,14,236547546
Dcard,çµ±ç¥toyzäº‹ä»¶ ï¼ˆå¹«çµ±ç¥è¬›å¹¾å¥è©±å¥½äº†,https://www.dcard.tw/service/api/v2/posts/236545825,2021-07-22T06:19:03.503Z,,,177,236545825
Dcard,çµ±ç¥æ¤…å­å¤©æ¶¯äº‹ä»¶èª°ç«™å¾—ä½è…³?,https://www.dcard.tw/service/api/v2/posts/236544918,2021-07-22T03:57:02.782Z,,,52,236544918
Dcard,Toyz çµ±ç¥ ä¸€å ´å¤§æˆ²,https://www.dcard.tw/service/api/v2/posts/236544569,2021-07-22T02:59:02.731Z,,,259,236544569
Dcard,æˆ‘è¦çœ‹åˆ°è¡€æµæˆæ²³,https://www.dcard.tw/service/api/v2/posts/236543768,2021-07-21T21:27:45.413Z,,,5,236543768
Dcard,TOYZæ˜¯ä¸æ˜¯åµæ¶ç‹,https://www.dcard.tw/service/api/v2/posts/236542278,2021-07-21T16:03:34.676Z,,,18,236542278
Dcard,å–œæ­¡çµ±ç¥çš„åŸå› æ˜¯å•¥ï¼Ÿ,https://www.dcard.tw/service/api/v2/posts/236541504,2021-07-21T14:36:37.049Z,,,10,236541504
Dcard,å¤§æ’è‡‰æ™‚ä»£,https://www.dcard.tw/service/api/v2/posts/236541243,2021-07-21T14:09:13.642Z,,,201,236541243
Dcard,Toyz&çµ±ç¥ ç©¶ç«Ÿèª°å°èª°éŒ¯(å¤©æ¶¯mäº‹ä»¶),https://www.dcard.tw/service/api/v2/posts/236539972,2021-07-21T11:28:22.31Z,,,161,236539972
Dcard,äºæ´²çµ±ç¥ä»¥åŠToyzäº‹ä»¶çš„å•é¡Œç™¥çµé»,https://www.dcard.tw/service/api/v2/posts/236538788,2021-07-21T09:05:08.89Z,,,39,236538788
Dcard,çµ±ç¥é»ƒæ˜?,https://www.dcard.tw/service/api/v2/posts/236536747,2021-07-21T04:24:03.046Z,,,147,236536747
Dcard,çµ±æ¤…ç›¸çˆ­ å» å•†å¾—åˆ©,https://www.dcard.tw/service/api/v2/posts/236534952,2021-07-20T18:21:04.634Z,,,76,236534952
Dcard,#å·,https://www.dcard.tw/service/api/v2/posts/236531633,2021-07-20T11:05:25.352Z,,,6,236531633
Dcard,TOYZçµ±ç¥å½±ç‰‡è¢«æª¢èˆ‰ä¸‹æ¶,https://www.dcard.tw/service/api/v2/posts/236527382,2021-07-19T22:19:34.427Z,,,212,236527382
Dcard,çµ±ç¥æ˜¯TOYZçš„ç‹—å—?,https://www.dcard.tw/service/api/v2/posts/236517502,2021-07-18T15:38:10.873Z,,,81,236517502
Dcard,çµ±ç¥è¢«å…’å­æ™¨æ™¨ç½µ7414 å¾Œé¢çˆ†æ°£,https://www.dcard.tw/service/api/v2/posts/236501172,2021-07-16T11:51:29.768Z,,,35,236501172
Dcard,ç¿Ÿæœ¬å–¬æ˜¯ä¸æ˜¯è´äº†,https://www.dcard.tw/service/api/v2/posts/236497876,2021-07-16T03:49:14.441Z,,,2,236497876
Dcard,è£¡é¢æœ‰å‰ç‡’å•Š å„ä½,https://www.dcard.tw/service/api/v2/posts/236451565,2021-07-10T02:20:40.368Z,,,20,236451565
Dcard,å¥ä¸&å‹¾æƒ¡,https://www.dcard.tw/service/api/v2/posts/236447568,2021-07-09T12:01:55.922Z,,,693,236447568
Dcard,æœ€è¿‘YTå¥½åƒç‡’å¾ˆå…‡,https://www.dcard.tw/service/api/v2/posts/236429006,2021-07-07T06:15:40.32Z,,,3,236429006
Dcard,ä»–æ˜¯æ•…æ„çš„æˆ‘é‚„çœŸçš„ä¸ä¿¡ä½†çœ‹äº†å‚·å®³å¾Œâ€¦.,https://www.dcard.tw/service/api/v2/posts/236383656,2021-07-01T07:48:49.385Z,,,133,236383656
Dcard,Orchid Restaurant è˜­é¤å»³ ç”¨é¤å¿ƒå¾—,https://www.dcard.tw/service/api/v2/posts/236301585,2021-06-20T15:16:48.333Z,,,14,236301585
Dcard,æœ‰å°å¤§ç”ŸçŸ¥é“å°å¤§IUæ˜¯èª°ã„‡,https://www.dcard.tw/service/api/v2/posts/236282598,2021-06-18T05:30:21.649Z,,,16,236282598
Dcard,çƒZè¬›å¤æ™‚é–“ä»¥åŠè©•åƒ¹æ¯å€‹TPAéšŠå‹,https://www.dcard.tw/service/api/v2/posts/236193178,2021-06-07T05:40:01.441Z,,,50,236193178
Dcard,#æƒ…å ± 6/7å¯Œå£«å±±é›·é¾-é­”å¹»æ™‚åˆ» é™æ™‚ä¸é™é‡è²©å”®,https://www.dcard.tw/service/api/v2/posts/236192079,2021-06-07T03:01:03.08Z,,,4,236192079
Dcard,æ›´æ–°ï¼‰æ–°åŒ—æ€¥è¨ºå®¤ç¾æ³ï¼Œé†«ç™‚é‡èƒ½å……è¶³ï¼Ÿï¼ä¸åŠ é–‹ç—…æˆ¿å°±æ’¤éŠ·é†«ä¸­åŸ·ç…§ã€ä¸çµ¦ä»˜å¥ä¿å“¦,https://www.dcard.tw/service/api/v2/posts/236133157,2021-05-30T18:06:18.368Z,,,86,236133157
Dcard,æ¨è–¦çš„YTR,https://www.dcard.tw/service/api/v2/posts/236127049,2021-05-30T03:56:10.976Z,,,5,236127049
Dcard,æ°‘é€²é»¨ç¶²è·¯ä¸­å¿ƒä¸»ä»»å…¬ç„¶å°ç–«è‹—é€ è¬ (300è¬å›‰,https://www.dcard.tw/service/api/v2/posts/236123685,2021-05-29T14:42:21.635Z,,,33,236123685
Dcard,Teamfight Managerâ¤Banè§’éšæ®µå°±æ±ºå®šäº†å‹è² 50%â—†é›»ç«¶æ•™ç·´æ¨¡æ“¬å™¨ä»‹ç´¹,https://www.dcard.tw/service/api/v2/posts/236122766,2021-05-29T12:41:45.039Z,,,15,236122766
Dcard,æ™‚äº‹å…¬é“ä¼¯_ç‰¹å“¥ï¼Ÿ,https://www.dcard.tw/service/api/v2/posts/236063804,2021-05-22T14:32:39.909Z,,,12,236063804
Dcard,å°‹å­¸ç”Ÿè­‰,https://www.dcard.tw/service/api/v2/posts/235858146,2021-04-27T07:11:31.33Z,,,7,235858146
Dcard,ï¼»æ‰‹ç¹ªï¼½è–å•Ÿç¹”å¶ é—œâœ¨,https://www.dcard.tw/service/api/v2/posts/235821949,2021-04-22T05:27:32.682Z,,,19,235821949
Dcard,æ‰“é›»å‹•çš„66666æˆ–777777ä¾†è‡ªå“ªè£¡,https://www.dcard.tw/service/api/v2/posts/235805290,2021-04-19T19:37:42.838Z,,,2,235805290
Dcard,#è«‹ç›Š å±æ±å¢¾ä¸æ—…éŠå»ºè­°,https://www.dcard.tw/service/api/v2/posts/235673158,2021-04-01T05:15:13.232Z,,,14,235673158
Dcard,Fakeræ˜¯æœ€å¼·çš„ï¼Ÿ,https://www.dcard.tw/service/api/v2/posts/235586524,2021-03-19T21:09:36.223Z,,,165,235586524
Dcard,æœ‰äººèªè­˜Toyzé€™å€‹youtuberå—,https://www.dcard.tw/service/api/v2/posts/235498339,2021-03-07T11:08:12.154Z,,,8,235498339
Dcard,æ³±æ³±æœ‰ç”·å‹ï¼Ÿ,https://www.dcard.tw/service/api/v2/posts/235339969,2021-02-12T16:13:51.658Z,,,3391,235339969
Dcard,#åˆ†äº« Rèªè¨€-è‚¡ç¥¨å¥—ä»¶quantmod & tidyquantåŸºæœ¬ä»‹ç´¹,https://www.dcard.tw/service/api/v2/posts/235339467,2021-02-12T15:09:22.659Z,,,58,235339467
Dcard,å–œæ­¡çœ‹å“ªäº›youtuberåƒåƒå–å–?,https://www.dcard.tw/service/api/v2/posts/235319283,2021-02-09T03:30:21.555Z,,,16,235319283
Dcard,ç‚ºä»€éº¼ Youtuber éƒ½ä¸æˆ´å£ç½©,https://www.dcard.tw/service/api/v2/posts/235224224,2021-01-23T17:25:54.425Z,,,1085,235224224
Dcard,èŠå¤©å®¤æ»‘èµ·ä¾†ï¼ç‚ºä»€éº¼å¯¦æ³é€™éº¼å¥½çœ‹æ(ï½¥Ï‰Â´ï½¥ )ï¼Ÿ,https://www.dcard.tw/service/api/v2/posts/235177008,2021-01-15T11:41:09.139Z,,,114,235177008
Dcard,2:45ç¾é£Ÿè¡—å³å°‡å‡ºæ²’ä¹³ç‰›,https://www.dcard.tw/service/api/v2/posts/235115549,2021-01-05T06:43:08.427Z,,,60,235115549
Dcard,è°·é˜¿è« V.S Toyzï¼šã€Šä¸‰åœ‹å¿—æˆ°ç•¥ç‰ˆã€‹çµ„ç¹”èˆ‡æ­¦å‹‡çš„é ‚å°–å°æ±º,https://www.dcard.tw/service/api/v2/posts/235042061,2020-12-24T07:43:07.929Z,,,11,235042061
Dcard,è°·é˜¿è«ç¾åœ¨åˆ°åº•æ˜¯é»‘æ˜¯ç™½(ï¾Ÿâˆ€ï¾Ÿ),https://www.dcard.tw/service/api/v2/posts/235015253,2020-12-20T03:15:48.415Z,,,1617,235015253
Dcard,æ–°æ‰‹å¢è‚Œæ¸›è„‚è©¢å•,https://www.dcard.tw/service/api/v2/posts/234988161,2020-12-15T14:34:54.585Z,,,9,234988161
Dcard,ç¶ é¬£èœ¥æ–™ç†,https://www.dcard.tw/service/api/v2/posts/234988039,2020-12-15T14:18:39.666Z,,,4,234988039
Dcard,Toyzæ–°å¥³å‹,https://www.dcard.tw/service/api/v2/posts/234821109,2020-11-18T07:05:22.704Z,,,2302,234821109
Dcard,æ•´ç¦½æ–¬ä»¶æ“ºç›¤æŠ€å·§èˆ‡çƒ¤é´¨å°ç± åŒ…,https://www.dcard.tw/service/api/v2/posts/234707007,2020-10-30T07:58:01.812Z,,,45,234707007
Dcard,ç•¶é¸æ‰‹ä¸€å€‹ä¸€å€‹é€€å½¹  ä¹Ÿè¦ºå¾—éŠæˆ²é›¢æˆ‘è¶Šä¾†è¶Šé ,https://www.dcard.tw/service/api/v2/posts/234696152,2020-10-28T13:11:09.466Z,,,127,234696152
Dcard,å¤–åœ‹äººæœƒçœ‹å°ç£çš„å¯¦æ³ä¸»å—,https://www.dcard.tw/service/api/v2/posts/234609076,2020-10-14T08:19:07.544Z,,,6,234609076
Dcard,å¡æ¨‚èŠ™ è–„æš®éœ§èŒ¶æ£•,https://www.dcard.tw/service/api/v2/posts/234499763,2020-09-25T11:39:49.524Z,,,47,234499763
Dcard,#æ–°è è¥¿é–€å¤œèªªã€Toyzã€3Zå…¥é¸ä¸–ç•Œè³½ç¶“å…¸Play,https://www.dcard.tw/service/api/v2/posts/234470745,2020-09-21T09:49:07.181Z,,,77,234470745
Dcard,200910 æœ´çæ¦®é¦–çˆ¾åœ‹éš›é›»å½±ç¯€MC,https://www.dcard.tw/service/api/v2/posts/234402366,2020-09-12T04:53:33.141Z,,,460,234402366
Dcard,#åˆ†äº« iOS LINEä¸€éµåˆªé™¤å¥½å‹,https://www.dcard.tw/service/api/v2/posts/234307197,2020-08-27T18:20:57.518Z,,,17,234307197
Dcard,çŸ¥åå¯¦æ³ä¸» Shroud å›æ­¸ Twitch å¾Œ å‰µä¸‹è¶…é 51 è¬äººåŒæ™‚åœ¨ç·šè§€çœ‹ç´€éŒ„,https://www.dcard.tw/service/api/v2/posts/234224638,2020-08-14T04:47:53.398Z,,,12,234224638
Dcard,é‚£äº›è¢«é„°å±…è¨å­çš„å¯¦æ³ä¸»å€‘,https://www.dcard.tw/service/api/v2/posts/234209260,2020-08-11T14:03:10.894Z,,,162,234209260
Dcard,#æ›´æ–° #æ–‡é•· é€™æ˜¯å‡ºè»Œçš„å‰å…†å—,https://www.dcard.tw/service/api/v2/posts/234110175,2020-07-24T15:44:07.667Z,,,5072,234110175
Dcard,Toyzæ¥­é…å½±ç‰‡ åœ¨é¤å»³æŠ½é›»å­è¸ï¼,https://www.dcard.tw/service/api/v2/posts/234090220,2020-07-21T10:30:46.598Z,,,21,234090220
Dcard,è«‹å•æˆ‘æœ‹å‹é€™æ¨£æœ‰å¸‚å ´å—,https://www.dcard.tw/service/api/v2/posts/234090155,2020-07-21T10:20:55.247Z,,,1,234090155
Dcard,å˜‰ç¾©äºŒæ—¥ä¸å°ˆæ¥­åƒè²¨part1ğŸ¥°,https://www.dcard.tw/service/api/v2/posts/234070794,2020-07-18T01:46:09.004Z,,,386,234070794
Dcard,[è©¢å•]YouTubeä¸Šå¯¦æ³ç²¾è¯æ˜¯é–‹ç›´æ’­æ™‚é‚ŠéŒ„å½±å—ï¼Ÿ,https://www.dcard.tw/service/api/v2/posts/234016959,2020-07-08T10:55:18.966Z,,,4,234016959
Dcard,BMWã€Œi8ã€Ultimate Sophisto Editioné›»èƒ½å·¡è¿´å±•ï¼Œå…¨çƒé™é‡ç‰¹ä»•ç‰ˆ,https://www.dcard.tw/service/api/v2/posts/233992039,2020-07-04T01:29:02.297Z,,,19,233992039
Dcard,Toyz è€ƒé§•ç…§,https://www.dcard.tw/service/api/v2/posts/233890935,2020-06-17T05:27:44.877Z,,,718,233890935
Dcard,å„ªç§€çš„ä½ èƒ½é€²ä¾†å¹«æˆ‘ã„§å€‹å¿™å—,https://www.dcard.tw/service/api/v2/posts/233860100,2020-06-12T07:24:29.361Z,,,47,233860100
Dcard,#åˆ†äº«#æ’’å¬Œå°ˆç”¨è¡¨æƒ…åŒ…,https://www.dcard.tw/service/api/v2/posts/233794760,2020-06-02T08:26:54.896Z,,,166,233794760
Dcard,æ˜¯æˆ‘å¤ªç¬¨ è®“å¦³åœ¨æƒ…äººç¯€è·Ÿæˆ‘åˆ†æ‰‹,https://www.dcard.tw/service/api/v2/posts/233404656,2020-04-04T05:48:36.153Z,,,3,233404656
Dcard,Toyzå¥³è£,https://www.dcard.tw/service/api/v2/posts/232992612,2020-01-31T17:02:10.805Z,,,62,232992612
Dcard,è«‹å•æœ‰äººèªè­˜é€™å€‹å¦¹å­å—,https://www.dcard.tw/service/api/v2/posts/232853955,2020-01-08T18:37:31.347Z,,,9,232853955
Dcard,ç”¨72çµ„Year Mix è·¨å¹´ Bye Bye 2019 Welcome 2020!!!,https://www.dcard.tw/service/api/v2/posts/232797019,2019-12-31T08:04:32.978Z,,,12,232797019
Dcard,Toyzå½±ç‰‡çš„é…æ¨‚,https://www.dcard.tw/service/api/v2/posts/232773516,2019-12-27T16:45:49.842Z,,,2,232773516
Dcard,é¤é…’é¤¨è£¡çš„æˆ°æ–§ç‰›æ’ğŸ‘Œ,https://www.dcard.tw/service/api/v2/posts/232751178,2019-12-24T09:38:43.317Z,,,143,232751178
Dcard,Youtube Toyz å¼•ç™¼çš„äº‚è±¡,https://www.dcard.tw/service/api/v2/posts/232695302,2019-12-16T05:33:09.686Z,,,26,232695302
Dcard,æ˜¯æˆ‘çš„ç„¡èƒ½ç‚ºåŠ› è®“å¦³è¢«å…¶ä»–ç”·äººç·æ±¡äº†â‹¯,https://www.dcard.tw/service/api/v2/posts/232623975,2019-12-04T09:04:42.923Z,,,1,232623975
Dcard,TOYZè¦è·³æ¨“äº†,https://www.dcard.tw/service/api/v2/posts/232476165,2019-11-10T14:39:49.773Z,,,29,232476165
Dcard,å¤±æœ›åˆé›£éçš„ç™½ç™½ç²‰ #å°åŒ—ç©å…·å±• #Toyzeroplus,https://www.dcard.tw/service/api/v2/posts/232284132,2019-10-12T14:53:55.033Z,,,4,232284132
Dcard,toyzåœ¨å¯¦æ³åœˆæ©Ÿxç¨‹åº¦å‰ä¸‰ï¼Ÿ,https://www.dcard.tw/service/api/v2/posts/232270625,2019-10-10T11:55:31.469Z,,,30,232270625
Dcard,é›»ç«¶ç¤¾â€”æœŸåˆç¤¾å¤§å°±åœ¨æ˜å¤©ï¼,https://www.dcard.tw/service/api/v2/posts/232107489,2019-09-17T09:56:31.055Z,,,7,232107489
Dcard,æˆ‘çµ‚æ–¼ä¹Ÿæœ‰æ©Ÿæœƒè·Ÿå¯æ„›å¦¹ç´™æ‰“PUBGäº†XD,https://www.dcard.tw/service/api/v2/posts/232107174,2019-09-17T09:11:11.839Z,,,1,232107174
Dcard,å¸Œæœ›é€™å€‹ä¸–ç•Œçš„äººå¯ä»¥å¤šä¸€é»å–„è‰¯è·ŸåŒ…å®¹,https://www.dcard.tw/service/api/v2/posts/231854007,2019-08-13T16:11:23.853Z,,,25,231854007
Dcard,LOL,https://www.dcard.tw/service/api/v2/posts/231816762,2019-08-08T04:50:18.214Z,,,4,231816762
Dcard,æˆ‘å€‘åªæƒ³å®‰ç©©åœ°éæ—¥å­,https://www.dcard.tw/service/api/v2/posts/231491589,2019-06-13T18:43:29.322Z,,,6,231491589
Dcard,toyz:ä¸æ‡‚100è¬äººç‚ºä»€éº¼è¦éŠè¡Œï¼Ÿå°æˆ‘ç”Ÿæ´»æ²’å½±éŸ¿é˜¿ï¼,https://www.dcard.tw/service/api/v2/posts/231491377,2019-06-13T17:59:38.274Z,,,11,231491377
Dcard,Toyzé–‹å°äº†ï¼Œé¦™æ¸¯ä¸æ˜¯åªæœ‰ä¸€ç¨®è²éŸ³,https://www.dcard.tw/service/api/v2/posts/231488949,2019-06-13T12:38:01.28Z,,,10,231488949
Dcard,ç¬‘è©±,https://www.dcard.tw/service/api/v2/posts/231479925,2019-06-12T08:38:56.125Z,,,2,231479925
Dcard,5/6~5/12  é›»éŸ³æ–°æ­Œæ¨è–¦  å¥½å¿«ä¸€å€‹ç¦®æ‹œå°±éå»äº†!,https://www.dcard.tw/service/api/v2/posts/231272543,2019-05-12T11:55:57.156Z,,,39,231272543
Dcard,Toyzè¦è¢«è«‹å»åƒæ¼¢å ¡äº†ï¼ï¼Ÿ,https://www.dcard.tw/service/api/v2/posts/231203930,2019-05-01T14:38:24.186Z,,,50,231203930
Dcard,å°ç£ç¤¾æœƒåˆ°åº•æ€éº¼äº†ï¼Ÿï¼,https://www.dcard.tw/service/api/v2/posts/230899291,2019-03-17T02:09:24.954Z,,,5,230899291
Dcard,è€³ç’°éºå¤±,https://www.dcard.tw/service/api/v2/posts/230686166,2019-02-14T08:14:04.494Z,,,4,230686166
Dcard,Youtube ç³»,https://www.dcard.tw/service/api/v2/posts/230548865,2019-01-21T16:45:13.788Z,,,61,230548865
Dcard,é—œæ–¼ å‹æƒ…çš„çµ‚é»(æ–‡è¶…é•·),https://www.dcard.tw/service/api/v2/posts/230350690,2018-12-25T19:34:16.29Z,,,51,230350690
Dcard,#åœ– lilybyredæŸ¿å­è‰²å”‡é‡‰/è…®ç´…åˆ†äº«,https://www.dcard.tw/service/api/v2/posts/230253382,2018-12-11T13:02:26.022Z,,,123,230253382
Dcard,å­¸æ ¡ç«Ÿç„¶æœ‰toyz è·Ÿä¸ç‰¹,https://www.dcard.tw/service/api/v2/posts/230252617,2018-12-11T11:07:51.239Z,,,4,230252617
Dcard,é€™éº¼å–œæ­¡æ€éº¼è¾¦ DAY6ğŸ’• ì¢‹ì€ê±¸ ë­ ì–´ë–¡í•´ ë°ì´ì‹ìŠ¤ğŸ’•,https://www.dcard.tw/service/api/v2/posts/229711365,2018-09-23T11:22:30.118Z,,,286,229711365
Dcard,"#WJSN #å®‡å®™å°‘å¥³ å›æ­¸ Save Me,Save You",https://www.dcard.tw/service/api/v2/posts/229682570,2018-09-19T09:22:13.513Z,,,226,229682570
Dcard,#LOL å…­éƒ½TPA&TFA,https://www.dcard.tw/service/api/v2/posts/229530534,2018-08-29T09:24:40.805Z,,,101,229530534
Dcard,S2 æ™‚ä»£çš„çœ¼æ·š TPAæš—æ®ºæ˜Ÿ,https://www.dcard.tw/service/api/v2/posts/229512421,2018-08-26T15:02:24.229Z,,,91,229512421
Dcard,#è‹±é›„è¯ç›Ÿ BOBOäº‹ä»¶èˆ‡çµ±ç¥äº‹ä»¶,https://www.dcard.tw/service/api/v2/posts/229357778,2018-08-01T19:11:55.181Z,,,22,229357778
Dcard,ä½ å°±é»é€²ä¾†å›æ†¶ä¸€ä¸‹,https://www.dcard.tw/service/api/v2/posts/228669783,2018-04-12T01:04:16.314Z,,,2407,228669783
Dcard,è‹±é›„è¯ç›Ÿé‚„èƒ½ç´…å¹¾å¹´?,https://www.dcard.tw/service/api/v2/posts/228629730,2018-04-05T09:20:53.711Z,,,29,228629730
Dcard,ğŸ¤©æ¨è–¦å¾ˆæ­£èƒ½é‡çš„åœ¨æ—¥å°ç£äººYoutuber,https://www.dcard.tw/service/api/v2/posts/228592745,2018-03-30T10:58:16.079Z,,,289,228592745
Dcard,#LOL æ·ºæ·¡éƒ¨åˆ†å¥³ç”Ÿè¢«çœ‹ä¸èµ·çš„åŸå› ,https://www.dcard.tw/service/api/v2/posts/228325601,2018-02-19T00:35:34.907Z,,,71,228325601
Dcard,#æ‰‹ä½œå¡ç‰‡#æƒ…äººç¯€ç«‹é«”æ›¸(å¯å±•ç¤º),https://www.dcard.tw/service/api/v2/posts/228298362,2018-02-14T03:17:19.199Z,,,296,228298362
Dcard,hkaäº‚é–‹é™¤äºº? ä¸æ„å¤–,https://www.dcard.tw/service/api/v2/posts/228263631,2018-02-07T14:53:00.239Z,,,0,228263631
Dcard,#æ‰‹å¸³å°é¢æ‹¼è²¼åˆ†äº«,https://www.dcard.tw/service/api/v2/posts/227885142,2017-12-11T06:21:21.291Z,,,139,227885142
Dcard,è©²æ€éº¼å°ä»˜å¤–å¯¢é›£æ°‘,https://www.dcard.tw/service/api/v2/posts/227555038,2017-10-26T00:53:29.834Z,,,17,227555038
Dcard,èª°å«ä½ ä¸é¸å€‹å­—ğŸ˜,https://www.dcard.tw/service/api/v2/posts/227025352,2017-08-18T04:31:35.216Z,,,2267,227025352
Dcard,ğŸ½æ–‡è—»æˆˆç™»æ•™ä½ åšğŸ³ çƒ˜ç„™å»šæˆ¿ç³»åˆ— - æ—¥å¼è€çˆºçˆºè›‹ç³•(ä»¿),https://www.dcard.tw/service/api/v2/posts/226959451,2017-08-08T06:24:12.842Z,,,1728,226959451
Dcard,#LOL è«‹å•Toyzæ˜¯é›»ç«¶ç¸ä¹‹å·¨äººå—ï¼Ÿ,https://www.dcard.tw/service/api/v2/posts/226807487,2017-07-15T07:30:58.388Z,,,7,226807487
Dcard,#LOL Dinterå³å°‡é€€å½¹,https://www.dcard.tw/service/api/v2/posts/226701561,2017-06-28T03:35:50.714Z,,,122,226701561
Dcard,æ±‚èƒŒæ™¯éŸ³æ¨‚,https://www.dcard.tw/service/api/v2/posts/226678647,2017-06-24T11:34:05.46Z,,,2,226678647
Dcard,#ç™½ç™½æ—¥è¨˜ #å…¬ä»” æˆ‘é ˜é¤Šäº†ä¸€éš»ç™½ç™½ï¼( â€¢ Ì€Ï‰â€¢Ì )âœ§å†æœƒäº†ï¼è¿½2å¹´çš„å¦³(Â â€¢Ì¥ÌÂ ËÂ â€¢Ì€à¥‚Â ),https://www.dcard.tw/service/api/v2/posts/226634042,2017-06-17T18:27:24.826Z,,,288,226634042
Dcard,éŸ“åœ‹å¥³åœ˜çš„å°ˆè¼¯ä¸»æ‰“æ›²(äºŒ),https://www.dcard.tw/service/api/v2/posts/226539920,2017-06-04T15:48:47.06Z,,,34,226539920
Dcard,Twitchå¯¦æ³ä¸»,https://www.dcard.tw/service/api/v2/posts/226298670,2017-05-01T07:08:49.644Z,,,5,226298670
Dcard,æ¼¢å­å®¤å‹çš„å«åºŠè²,https://www.dcard.tw/service/api/v2/posts/226186890,2017-04-14T15:42:02.939Z,,,895,226186890
Dcard,#åœ– é‚£å¹´æˆ‘æ„›ä¸Šçš„Toyz,https://www.dcard.tw/service/api/v2/posts/226170330,2017-04-12T10:01:36.809Z,,,113,226170330
Dcard,#æ›´#é™°é™½å¸« å¦–åˆ€å§¬ç¥é¾•æŠ‰æ“‡,https://www.dcard.tw/service/api/v2/posts/226029415,2017-03-22T04:57:05.025Z,,,12,226029415
Dcard,åœ¨å­¸æ ¡é™„è¿‘çœ‹è¦‹TOYz !!,https://www.dcard.tw/service/api/v2/posts/225928983,2017-03-06T05:54:04.028Z,,,4,225928983
Dcard,#åœ–#12éš»å”‡è†è©¦è‰²ä¸å°ˆæ¥­åˆ†æ,https://www.dcard.tw/service/api/v2/posts/225755030,2017-02-06T16:56:51.306Z,,,51,225755030
Dcard,å†æ¬¡æ›´æ–°é«®è‰²â£ï¸#åœ– æŸ“é«®! å¡æ¨‚èŠ™æ–°è‰² éœ§æ„Ÿç°ç¶ ğŸ”¥,https://www.dcard.tw/service/api/v2/posts/225643979,2017-01-19T17:31:30.604Z,,,593,225643979
Dcard,#å• é»‘è£™ç©¿æ­,https://www.dcard.tw/service/api/v2/posts/225625210,2017-01-17T16:28:56.137Z,,,26,225625210
Dcard,#lol   å•Toyzçš„æˆ°éšŠ,https://www.dcard.tw/service/api/v2/posts/225488990,2016-12-30T05:58:45.47Z,,,4,225488990
Dcard,#åœ–å¤š æ–‡é•· å°ä¸­ç¾é£Ÿä¹‹æ—…,https://www.dcard.tw/service/api/v2/posts/225041752,2016-10-23T10:50:16.777Z,,,2108,225041752
Dcard,#åœ– è€è…¦æ˜¯æœƒéºå‚³çš„,https://www.dcard.tw/service/api/v2/posts/225024201,2016-10-20T19:39:40.31Z,,,18,225024201
Dcard,å·´åŸºè§£å‡=toyzè§£å‡,https://www.dcard.tw/service/api/v2/posts/224768378,2016-09-15T18:17:05.21Z,,,4,224768378
Dcard,#LOL æˆ‘å€‘çš„Toyzå›ä¾†å•¦,https://www.dcard.tw/service/api/v2/posts/224766642,2016-09-15T14:39:01.61Z,,,309,224766642
Dcard,#LOL èˆ‡ HKES é—œä¿‚å®Œå…¨æ±ºè£‚ï¼Toyz æ‰¾åˆ°æ–°æ±å®¶å¾Œæ­£å¼å›æ­¸,https://www.dcard.tw/service/api/v2/posts/224745337,2016-09-12T11:50:31.394Z,,,96,224745337
Dcard,#LOL é˜åŸ¹ç”Ÿè«‡è«–Toyz è§€å¾Œå°å°çœ‹æ³•,https://www.dcard.tw/service/api/v2/posts/224723259,2016-09-09T02:39:07.884Z,,,89,224723259
Dcard,ä¸­åŸç‹‚ä¾¿ç•¶ï¼ï¼ï¼,https://www.dcard.tw/service/api/v2/posts/224225413,2016-06-19T11:36:19.043Z,,,244,224225413
Dcard,#LOLåˆå­¸è€…åœ˜,https://www.dcard.tw/service/api/v2/posts/224210050,2016-06-16T16:28:54.96Z,,,35,224210050
Dcard,å”å°‹æ·é‹è›‹é»ƒå“¥,https://www.dcard.tw/service/api/v2/posts/224089693,2016-05-26T11:30:02.614Z,,,15,224089693
Dcard,#LOL. æœ€åˆçš„æ„Ÿå‹•.æœ€å¾Œçš„æ„Ÿæ…¨,https://www.dcard.tw/service/api/v2/posts/157726966,2016-04-25T20:31:55.672Z,,,217,157726966
Dcard,ã€Œç¾é£Ÿã€è¸Â·ä¸¼é£¯ é‹ç‰©,https://www.dcard.tw/service/api/v2/posts/146292937,2016-04-22T11:52:01.587Z,,,78,146292937
Dcard,ä¸–ç•Œä¸Šç¸½æœ‰äºŒå€‹äººä¸æœƒæ¸¸æ³³,https://www.dcard.tw/service/api/v2/posts/88689638,2016-04-06T03:44:33.265Z,,,21,88689638
Dcard,#åˆ†äº« è‡ªåŠ©é€™æ¨£ç©---éŸ“åœ‹é‡œå±±6å¤©5å¤œè¡Œè»å…¨ç´€éŒ„+å››å­£ç©¿è‘—(æ–‡é•·),https://www.dcard.tw/service/api/v2/posts/76493255,2016-04-02T06:38:22.797Z,,,169,76493255
Dcard,#LOL LMS S6å„éšŠå‡ºè³½é¸æ‰‹,https://www.dcard.tw/service/api/v2/posts/959614,2016-01-06T14:57:50.477Z,,,17,959614
Dcard,è·Ÿå¡å‹OOXX!!!!,https://www.dcard.tw/service/api/v2/posts/948713,2016-01-04T02:42:47.446Z,,,43,948713
Dcard,è‹±é›„è¯ç›ŸALL STARæ˜æ˜Ÿè³½,https://www.dcard.tw/service/api/v2/posts/865398,2015-12-11T09:56:36.16Z,,,3,865398
Dcard,#LOL è³½å­£å‘Šä¸€æ®µè½LMSçš„æ¶ˆæ¯ Part2,https://www.dcard.tw/service/api/v2/posts/792317,2015-11-20T08:02:49.677Z,,,19,792317
Dcard,#LOL è³½å­£å‘Šä¸€æ®µè½LMSçš„æ¶ˆæ¯,https://www.dcard.tw/service/api/v2/posts/734699,2015-11-07T07:25:57.31Z,,,19,734699
Dcard,#LOL,https://www.dcard.tw/service/api/v2/posts/734284,2015-11-07T04:08:10.199Z,,,2,734284
Dcard,ç‰ å€‘è®“ä½ æƒ³åˆ°èª°?,https://www.dcard.tw/service/api/v2/posts/682593,2015-10-22T11:33:00.195Z,,,22,682593
Dcard,è¬è¬200%çš„ä½ å€‘ï¼Œç”¨è‡ªèº«çš„åŠªåŠ›è®“ä¸–ç•Œçœ‹åˆ°(æ–‡é•·),https://www.dcard.tw/service/api/v2/posts/662242,2015-10-16T21:02:20.114Z,,,12,662242
Dcard,æ˜ŸæœŸä¸€d3d4çš„æ¥Šå¿—ç”°é›»è…¦æ‡‰ç”¨,https://www.dcard.tw/service/api/v2/posts/623261,2015-10-05T04:30:19.791Z,,,7,623261
Dcard,10/10ä¹‹å‰çš„å¥½æ¶ˆæ¯  æ­å–œé–ƒé›»ç‹¼åœ¨åœ‹æ…¶ä¹‹å‰æ‰“çˆ†KT å’Œ CLG,https://www.dcard.tw/service/api/v2/posts/622732,2015-10-04T19:14:25.057Z,,,40,622732
Dcard,TPAæ‹¿ä¸‹S2å† è»,https://www.dcard.tw/service/api/v2/posts/531496,2015-09-06T02:53:00.067Z,,,12,531496
Dcard,åƒè…³é­š,https://www.dcard.tw/service/api/v2/posts/486262,2015-08-24T05:33:47.857Z,,,13,486262
Dcard,TOYZ(é›»ç«¶é¸æ‰‹),https://www.dcard.tw/service/api/v2/posts/468923,2015-08-18T15:00:58.261Z,,,20,468923
Dcard,# é›»ç«¶ toyzé€€ä¼‘,https://www.dcard.tw/service/api/v2/posts/468705,2015-08-18T13:45:15.057Z,,,11,468705
Dcard,å·æ¤…å­toy zæ„Ÿæ€§ç›´æ’­è§€çœ¾ç ´å››è¬äº†~æˆ‘å€‘éƒ½æ˜¯çœ‹TPAæ‰æ‰“LOLçš„~~å¤§å®¶å¿«å»å¡çˆ†QAQ,https://www.dcard.tw/service/api/v2/posts/468548,2015-08-18T12:45:05.465Z,,,6,468548
Dcard,å¤§å­¸ äººç”Ÿå‹åˆ©çµ„,https://www.dcard.tw/service/api/v2/posts/468399,2015-08-18T11:46:04.147Z,,,39,468399
Dcard,<Toyå»šæˆ¿>è±†å¥¶ç™½é†¬ç‰›æ’è”¬èœç‡‰é£¯ï¼ˆä½å¡çº–ç¶­ç´ ç‰ˆ>,https://www.dcard.tw/service/api/v2/posts/463563,2015-08-16T16:53:33.184Z,,,31,463563
Dcard,æˆ‘çœ‹äº†å¾ˆå¿ƒç—›...å¾ˆæ„›åˆå¾ˆç„¡å¥ˆçš„å°ç£é›»ç«¶,https://www.dcard.tw/service/api/v2/posts/463366,2015-08-16T16:03:48.699Z,,,17,463366
Dcard,<Toyå»šæˆ¿>çƒ¤é›èƒ¸è‚‰æ´‹è”¥è›‹ (ä½å¡è›‹ç™½è³ªå°è³‡ç‰ˆ),https://www.dcard.tw/service/api/v2/posts/460045,2015-08-15T11:53:20.341Z,,,40,460045
Dcard,<Toyå»šæˆ¿>ç•ªèŒ„é›èƒ¸ç¾©å¤§åˆ©éºµï¼ˆä½ç†±é‡å¥åº·ç‰ˆï¼‰,https://www.dcard.tw/service/api/v2/posts/454097,2015-08-13T07:09:39.8Z,,,52,454097
Dcard,å‘Šç™½å¤±æ•—å¾Œï¼Œæˆ‘å€‘é—œä¿‚æ›´å¥½äº†,https://www.dcard.tw/service/api/v2/posts/434924,2015-08-06T03:50:25.636Z,,,28,434924
Dcard,å¸¶ä¸Šä¿éšªå¥—å°±åˆ¥è‡ªä»¥ç‚ºæ˜¯è¬èƒ½é‘°åŒ™,https://www.dcard.tw/service/api/v2/posts/425889,2015-08-02T16:48:43.841Z,,,22,425889
Dcard,AHQä¸–ç•Œå† è»ç¥¨GET (é›»ç«¶),https://www.dcard.tw/service/api/v2/posts/407933,2015-07-26T12:51:45.273Z,,,19,407933
Dcard,æœ‰æ‰“lolçš„æ‡‰è©²å°ä»–å€‘ä¸é™Œç”Ÿ,https://www.dcard.tw/service/api/v2/posts/383989,2015-07-17T01:28:22.893Z,,,9,383989
Dcard,HKEå…«å¦,https://www.dcard.tw/service/api/v2/posts/375185,2015-07-13T13:51:55.533Z,,,2,375185
Dcard,é–ƒå…‰èªªæˆ‘å£äº†ï¼ˆå¾®å¾®è¥¿æ–¯ï¼‰,https://www.dcard.tw/service/api/v2/posts/374863,2015-07-13T11:06:18.818Z,,,65,374863
Dcard,æˆ‘çš„èŠ±æ¤°èœå‘¢?,https://www.dcard.tw/service/api/v2/posts/97334,2015-03-06T18:39:22.295Z,,,23,97334
Dcard,ã€éš¨ç­†ã€‘å’’,https://www.dcard.tw/service/api/v2/posts/95188,2015-03-04T06:48:33.617Z,,,15,95188
Dcard,æ”¾ä¸‹ï¼Œæ—…è¡Œ,https://www.dcard.tw/service/api/v2/posts/68838,2015-01-21T05:35:02.292Z,,,8,68838
Dcard,é—œæ–¼dcard ç•™è¨€çš„äººå?!,https://www.dcard.tw/service/api/v2/posts/32041,2014-09-07T15:23:00.667Z,,,12,32041
Dcard,Re:ä¸€è·¯ä»¥ä¾†åœ¨Dcardçš„å¿ƒè·¯æ­·ç¨‹,https://www.dcard.tw/service/api/v2/posts/29917,2014-08-22T10:36:07.403Z,,,20,29917
Dcard,[RIP] ä¾†ç‚ºTPAé»˜å“€å§...,https://www.dcard.tw/service/api/v2/posts/11869,2013-06-30T18:04:14Z,,,0,11869
Dcard,Toyz å‡ºä¾†å•¦ğŸ˜,https://www.dcard.tw/service/api/v2/posts/237568781,2021-11-30T11:55:43.324Z,,,3,237568781
Dcard,é æ¸¬ä»Šå¹´äº”éšŠæœƒè¢«é‡‹å‡ºçš„çƒå“¡,https://www.dcard.tw/service/api/v2/posts/237499324,2021-11-21T03:38:50.557Z,,,20,237499324
Dcard,12èˆç¾¤çµ„æ ¹æœ¬å°±æ˜¯å‹•ç‰©åœ’,https://www.dcard.tw/service/api/v2/posts/237313531,2021-10-26T16:23:13.34Z,,,5,237313531
Dcard,Toyzèˆ‡è—¥è…³å°è©±æ›å…‰ï¼ã€€é©šçˆ†ã€Œé»‘åƒé»‘ã€å§‹æœ«,https://www.dcard.tw/service/api/v2/posts/237150753,2021-10-05T00:33:38.463Z,,,1055,237150753
Dcard,Toyzæ¶‰è³£äºŒç´šæ¯’å“ã€€é™¢æª¢èªçŸ¥ä¸åŒï¼ç„¡æœŸå¾’åˆ‘æè®Šåªé—œ2å¹´,https://www.dcard.tw/service/api/v2/posts/237116639,2021-09-30T14:11:23.606Z,,,29,237116639
Dcard,ä¸­è·¯å¤§éº»é‡ç¸ï¼ŸçœŸå‡ï¼Ÿ,https://www.dcard.tw/service/api/v2/posts/237107842,2021-09-29T14:38:54.128Z,,,4,237107842
Dcard,#è¨è«–  Toyzæ¶‰å«Œè²©æ¯’é‡ç½ªé­è²æŠ¼,https://www.dcard.tw/service/api/v2/posts/237107539,2021-09-29T14:13:16.102Z,,,11,237107539
Dcard,å†è¦‹äº†å¤§éº»å…¬é“ä¼¯ğŸ˜¢,https://www.dcard.tw/service/api/v2/posts/237107022,2021-09-29T13:20:00.878Z,,,2305,237107022
Dcard,LOLå‰ä¸–ç•Œå† è»Toyzé©šå‚³è²©æ¯’ã€€é­è²æŠ¼,https://www.dcard.tw/service/api/v2/posts/237106541,2021-09-29T12:25:59.251Z,,,233,237106541
Dcard,LOLå‰ä¸–ç•Œå† è»Toyzé©šå‚³è²©æ¯’ï¼ã€€é­ä¸­æª¢è²æŠ¼,https://www.dcard.tw/service/api/v2/posts/237106471,2021-09-29T12:18:37.624Z,,,23,237106471
Dcard,å¿«è¨Šï¼LOLå‰ä¸–ç•Œå† è»Toyzé©šå‚³è²©æ¯’ã€€é­å°ä¸­åœ°æª¢ç½²è²æŠ¼,https://www.dcard.tw/service/api/v2/posts/237106392,2021-09-29T12:08:11.082Z,,,29,237106392
Dcard,LOLå‰ä¸–ç•Œå† è»Toyzé©šå‚³è²©æ¯’,https://www.dcard.tw/service/api/v2/posts/237106161,2021-09-29T11:43:41.272Z,,,214,237106161
Dcard,2021 ä¸­è¯è·æ£’ æ‰“æ“Š WAA æ’å,https://www.dcard.tw/service/api/v2/posts/237047638,2021-09-23T03:03:36.181Z,,,28,237047638
Dcard,1990-2020 å…„å¼Ÿè±¡/ä¸­ä¿¡å…„å¼Ÿ ä¸»åŠ›å®ˆå‚™ä½ç½®,https://www.dcard.tw/service/api/v2/posts/237020787,2021-09-20T00:27:32.146Z,,,15,237020787
Dcard,2003-2020 ç¬¬ä¸€/La New / Lamigo / æ¨‚å¤© ä¸»åŠ›é‡æ‰‹é™£å®¹,https://www.dcard.tw/service/api/v2/posts/237006687,2021-09-18T04:31:38.572Z,,,15,237006687
Dcard,#å…¬å‘Š 9æœˆæé†’&æ‡¶äººåŒ…,https://www.dcard.tw/service/api/v2/posts/236982519,2021-09-15T12:48:58.569Z,,,57,236982519
Dcard,2021 ä¸­è¯è·æ£’ä¸‹åŠå­£é€²éšæ•¸æ“šæ’åï¼ˆæ‰“ï¼‰,https://www.dcard.tw/service/api/v2/posts/236969196,2021-09-14T06:38:43.287Z,,,8,236969196
Dcard,2021 ç¬‘ä¸€ç¬‘çš„æ£’çƒè¯ç›Ÿ,https://www.dcard.tw/service/api/v2/posts/236921609,2021-09-09T02:08:16.233Z,,,101,236921609
Dcard,2011-2020 CPBL æ­·å¹´å­£å¾Œè³½ çƒå“¡æ‰“é»å…¨ç´€éŒ„,https://www.dcard.tw/service/api/v2/posts/236896750,2021-09-06T04:30:31.472Z,,,4,236896750
Dcard,2021.8.31 çµ±ä¸€ç…éšŠï¼ˆæ±Ÿè¾°æ™ï¼‰vs. æ¨‚å¤©æ¡ƒçŒ¿ï¼ˆç‹‚å¨ï¼‰æ–‡å­—ç›´æ’­ è¨è«–å€,https://www.dcard.tw/service/api/v2/posts/236850628,2021-08-31T09:09:36.5Z,,,8,236850628
Dcard,#é™¸åŠ‡æ•´ç† 2021å¹´ä¸ŠåŠå¹´è±†ç“£è©•åˆ†Top10,https://www.dcard.tw/service/api/v2/posts/236594104,2021-07-28T12:39:29.241Z,,,106,236594104
Dcard,"å°ˆå®¶å¤§è§£æ
é¦–æ”¯å–å¾—EUAçš„åœ‹ç”¢é«˜ç«¯ç–«è‹—ï¼Œé˜²ç–«è§’è‰²å¦‚ä½•å®šä½ï¼Ÿä¿è­·åŠ›ç›£æ¸¬èˆ‡åœ‹éš›æ¥è»Œè€ƒé©—åœ¨å“ªï¼Ÿ",https://www.dcard.tw/service/api/v2/posts/236526164,2021-07-19T16:36:22.415Z,,,13,236526164
Dcard,é¾ç¸ä¸Šæ‰‹å¿ƒå¾—,https://www.dcard.tw/service/api/v2/posts/236488844,2021-07-14T19:23:49.178Z,,,7,236488844
Dcard,ä¸­è·å®˜ç¶²äº”éšŠç›®å‰ä¸€è»åå–®,https://www.dcard.tw/service/api/v2/posts/236479227,2021-07-13T14:27:16.497Z,,,10,236479227
Dcard,ã€ç™¾å¹´é€è¦–ã€‘æ•™ç§‘æ›¸è£¡çš„ã€Œè‹±é›„äº‹è¹Ÿã€èˆ‡ã€Œåœ°ä¸»æƒ¡éœ¸ã€,https://www.dcard.tw/service/api/v2/posts/236404577,2021-07-04T00:10:10.147Z,,,8,236404577
Dcard,è‡ºç£ç±ƒå£‡ä»Šå¤è‡ªç”±çƒå“¡å‹•å‘ğŸ‘€ï¼ˆé™¸çºŒæ›´æ–°ï¼‰,https://www.dcard.tw/service/api/v2/posts/236385559,2021-07-01T12:15:57.64Z,,,128,236385559
Dcard,(é™„ä¸Šè½‰æ’­å¹³å°ï¼Œä»Šå¤©æ²’æ–‡å­—ç›´æ’­ï¼‰20210511 å‘³å…¨é¾ vs. æ¨‚å¤©æ¡ƒçŒ¿ ï¼ˆå¾è‹¥ç†™ @ ç¿ç‘‹å‡ï¼‰,https://www.dcard.tw/service/api/v2/posts/235960225,2021-05-11T05:28:18.501Z,,,0,235960225
Dcard,ä¸­è¯è·æ£’æ•æ‰‹é˜²ç¦¦ç‡è¡¨ç¾ (CERA),https://www.dcard.tw/service/api/v2/posts/235764553,2021-04-14T03:03:57.781Z,,,13,235764553
Dcard,2021 ä¸­è¯è·æ£’å„éšŠæ‰“è€…å…¨å£˜æ‰“æ•¸é ä¼°ï¼ˆç´”å¥½ç©ï¼‰,https://www.dcard.tw/service/api/v2/posts/235466276,2021-03-03T01:38:20.837Z,,,15,235466276
Dcard,ä¸­è¯è·æ£’2020å››éšŠå…ˆç™¼ç¬¬ä¹æ£’åˆ†æ,https://www.dcard.tw/service/api/v2/posts/235210401,2021-01-21T08:51:49.06Z,,,12,235210401
Dcard,NCCæ‡‰è©²è¦æ€éº¼åš?ä¸­å¤©ä½•å»ä½•å¾?,https://www.dcard.tw/service/api/v2/posts/234832885,2020-11-20T03:53:19.077Z,,,11,234832885
Dcard,2020 11æœˆä¸Šæª”é™¸åŠ‡&éŸ“åŠ‡,https://www.dcard.tw/service/api/v2/posts/234720171,2020-11-01T14:54:53.314Z,,,201,234720171
Dcard,2020 10æœˆä¸Šæª”é™¸åŠ‡&éŸ“åŠ‡,https://www.dcard.tw/service/api/v2/posts/234532227,2020-10-01T02:13:14.501Z,,,554,234532227
Dcard,ç¬¬57å±†é‡‘é¦¬çå…¥åœåå–®,https://www.dcard.tw/service/api/v2/posts/234528900,2020-09-30T10:19:37.293Z,,,31,234528900
Dcard,#å¿ƒå¾— #é›· #å•Šï¼Œè’é‡,https://www.dcard.tw/service/api/v2/posts/234510037,2020-09-27T08:15:11.736Z,,,17,234510037
Dcard,è·Ÿé»ƒé´»å‡å‹å¥½å»æœªç™¼æ–‡æ‚¼å¿µçš„è—äººåå–®,https://www.dcard.tw/service/api/v2/posts/234439593,2020-09-17T04:06:34.659Z,,,51,234439593
Dcard,åœ‹å®¶æ²»ç†å¥½æ–‡å…±äº« æ€æ¨£çš„åŸ·æ”¿èƒ½åŠ›èƒ½å¤ å¸¶é ˜åœ‹å®¶èµ°å‘å¼·å¤§,https://www.dcard.tw/service/api/v2/posts/234115238,2020-07-25T15:35:19.21Z,,,8,234115238
Dcard,å…±ç”¢ä¸»ç¾©çš„çµ‚æ¥µç›®çš„ (9),https://www.dcard.tw/service/api/v2/posts/234111333,2020-07-24T22:13:23.001Z,,,4,234111333
Dcard,ä¸­è¯è·æ£’æ¨¡æ“¬éŠæˆ²-çµ±ä¸€ï¼ˆ0-3ï¼‰ 0:2 æ¨‚å¤© ï¼ˆ2-0ï¼‰,https://www.dcard.tw/service/api/v2/posts/233979884,2020-07-02T00:43:37.545Z,,,2,233979884
Dcard,2020 7æœˆä¸Šæª”é™¸åŠ‡&éŸ“åŠ‡,https://www.dcard.tw/service/api/v2/posts/233977571,2020-07-01T13:22:05.321Z,,,249,233977571
Dcard,ä¸­è¯è·æ£’æ¨¡æ“¬éŠæˆ²- çµ±ä¸€ ï¼ˆ0-2ï¼‰5:8 æ¨‚å¤© ï¼ˆ1-0ï¼‰,https://www.dcard.tw/service/api/v2/posts/233968290,2020-06-30T02:59:14.239Z,,,1,233968290
Dcard,â–å››ä½å°ˆå®¶ã€å››ç¨®æ–¹å¼ã€ä¸–ä»£åˆ†æ 2020å¹´-ä¸‹åŠå¹´æŠ•è³‡è¶¨å‹¢,https://www.dcard.tw/service/api/v2/posts/233739364,2020-05-24T14:12:56.647Z,,,2,233739364
Dcard,#æƒ…å ± #å¶åƒåŠ‡ ã€Šæµªæ¼«è¼¸çµ¦ä½ ã€‹è§’è‰²æ›å…‰ä¼åŠƒ,https://www.dcard.tw/service/api/v2/posts/233711737,2020-05-20T06:41:51.812Z,,,187,233711737
Dcard,è½‰ æ ¡é•·çµ¦åŒå­¸çš„ä¸€å°ä¿¡,https://www.dcard.tw/service/api/v2/posts/233480073,2020-04-15T08:08:57.269Z,,,7,233480073
Dcard,#æƒ…å ± ä¸­è·å››éšŠé–‹å­£26äººåå–®,https://www.dcard.tw/service/api/v2/posts/233447763,2020-04-10T09:31:00.973Z,,,4,233447763
Dcard,#æƒ…å ± ä¸­è·å››éšŠé–‹å­£26äººåå–®,https://www.dcard.tw/service/api/v2/posts/233447758,2020-04-10T09:29:22.846Z,,,8,233447758
Dcard,å…ˆç¸½çµ± è”£å…¬é€ä¸–è‚†æ‹¾ä¼å‘¨å¹´ç´€å¿µç‰¹è¼¯,https://www.dcard.tw/service/api/v2/posts/233412425,2020-04-05T10:55:43.019Z,,,11,233412425
Dcard,20200309-20200310 ä¸­è¯è·æ£’è³½æ³,https://www.dcard.tw/service/api/v2/posts/233238916,2020-03-11T04:43:06.674Z,,,0,233238916
Dcard,20200308 ä¸­è¯è·æ£’è³½æ³,https://www.dcard.tw/service/api/v2/posts/233225943,2020-03-09T09:08:40.943Z,,,1,233225943
Dcard,åœŸæŠ•çš„çƒé€Ÿï¼ˆå£“åˆ¶åŠ›ï¼‰ç™¼ç”Ÿäº†ä»€éº¼äº‹ï¼Ÿ,https://www.dcard.tw/service/api/v2/posts/233200303,2020-03-05T15:31:38.554Z,,,5,233200303
Dcard,20200304 ä¸­è¯è·æ£’è³½æ³,https://www.dcard.tw/service/api/v2/posts/233194156,2020-03-05T00:28:26.278Z,,,1,233194156
Dcard,20200304 å¯Œé‚¦ vs. æ¨‚å¤© è¨è«–å€,https://www.dcard.tw/service/api/v2/posts/233190050,2020-03-04T10:33:41.731Z,,,1,233190050
Dcard,20200304 ä¸­è·æˆ°æ³,https://www.dcard.tw/service/api/v2/posts/233187622,2020-03-04T04:55:47.355Z,,,3,233187622
Dcard,20200215 è‡ªè¾¦ç†±èº«è³½ ï¼ˆç‡•å·¢ï¼‰æ¨‚å¤©æ¡ƒçŒ¿ vs. å¯Œé‚¦æ‚å°‡ æ–‡å­—ç›´æ’­,https://www.dcard.tw/service/api/v2/posts/233079688,2020-02-15T04:39:32.448Z,,,3,233079688
Dcard,é–ƒé›»åä¸€äººGOâš¡å•å·çµæœï¼ï¼ˆä¸­ç¯‡ï¼‰,https://www.dcard.tw/service/api/v2/posts/232686089,2019-12-14T13:57:01.814Z,,,34,232686089
Dcard,å°ç£åŸºç£æ•™è¯ç›Ÿå°2020å¤§é¸è²æ˜,https://www.dcard.tw/service/api/v2/posts/232570570,2019-11-25T15:17:54.997Z,,,6,232570570
Dcard,é‚£äº›å¹´æˆ‘å€‘è½çš„ç‰ˆæ­Œ (å…§æ–‡æ‡·èˆŠæ­Œæ›²å¤š!),https://www.dcard.tw/service/api/v2/posts/232547730,2019-11-21T19:15:12.176Z,,,8,232547730
Dcard,è‡­ç”·ç”Ÿç·¬æ‡·çš„é’æ˜¥â€”ã€Šå¤æƒ‘ä»”ã€‹ç³»åˆ—,https://www.dcard.tw/service/api/v2/posts/232411492,2019-10-31T12:52:07.653Z,,,24,232411492
Dcard,å¿«è¨Š ä¸­è¯éšŠæ£’çƒäºéŒ¦è³½å† è»,https://www.dcard.tw/service/api/v2/posts/232338207,2019-10-20T14:06:27.638Z,,,879,232338207
Dcard,è·æ£’30å¹´ç•«ä¸‹å¥é»äº†ï¼Œè¬è¬ä½ ï¼Œå…„å¼Ÿï¼Œæœ‰éºæ†¾æ‰æ˜¯æœ€ç¾,https://www.dcard.tw/service/api/v2/posts/232325895,2019-10-18T14:23:32.447Z,,,125,232325895
Dcard,ä¸å°ˆæ¥­ç°¡è©•å–µå–µ2019é¸ç§€,https://www.dcard.tw/service/api/v2/posts/231604955,2019-07-01T14:11:12.999Z,,,15,231604955
Dcard,é™¸ç¶œæ¨è–¦&æ±‚æ¨ï½(æ–‡é•·),https://www.dcard.tw/service/api/v2/posts/230946893,2019-03-23T19:20:04.482Z,,,131,230946893
Dcard,è§£é«”é»¨æ–‡åŒ–ã€‘ä¹‹ä¸€ï¼šç³»çµ±çš„æ›¿ä»£å‚³çµ±æ–‡åŒ–,https://www.dcard.tw/service/api/v2/posts/230937857,2019-03-22T11:52:26.214Z,,,3,230937857
Dcard,ä»¥å·èˆªçœŸå¯¦äº‹ä»¶æ”¹ç·¨çš„é›»å½±ã€Šä¸­åœ‹æ©Ÿé•·ã€‹æ®ºé’ï¼Œç¾å ´é™£å®¹å¼·å¤§,https://www.dcard.tw/service/api/v2/posts/230819477,2019-03-05T08:39:21.366Z,,,8,230819477
Dcard,ä»¥â€œå·èˆªå‚™é™â€ç‚ºåŸå‹ ã€Šä¸­åœ‹æ©Ÿé•·ã€‹é™£å®¹æ›å…‰ï¼šå¼µæ¶µäºˆè¢æ³‰ä¸»æ¼”,https://www.dcard.tw/service/api/v2/posts/230092426,2018-11-19T05:22:06.026Z,,,2,230092426
Dcard,é¦™æ¸¯æ„›æƒ…é›»å½±æ¨è–¦æ¸…å–®ã€‚,https://www.dcard.tw/service/api/v2/posts/230000969,2018-11-05T16:29:56.531Z,,,192,230000969
Dcard,é»‘ç±ƒä¸­ è¢«éºå¿˜çš„å¸¥å“¥è§’è‰²â‘¡,https://www.dcard.tw/service/api/v2/posts/229956240,2018-10-30T10:16:36.633Z,,,47,229956240
Dcard,#åœ–å¤š ç›¤é»æˆ‘èŒçš„é‚£äº›æ¸¯åœˆ90å¹´ä»£CPã€‚,https://www.dcard.tw/service/api/v2/posts/229918177,2018-10-24T19:58:15.316Z,,,90,229918177
Dcard,#æ›´ #ç¬¬54å±†é‡‘é¦¬çå¾—çåå–®,https://www.dcard.tw/service/api/v2/posts/227778669,2017-11-25T11:46:37.771Z,,,732,227778669
Dcard,#æƒ…å ± é‡‘é¦¬çç¬¬ 54 å±† é ’çå…¸ç¦®åå¤§äº®é»æ¶å…ˆçœ‹,https://www.dcard.tw/service/api/v2/posts/227777557,2017-11-25T08:27:20.494Z,,,42,227777557
Dcard,#ç¤¾è«– ç¿’è¿‘å¹³ï¼šæ–°æ™‚ä»£çš„é ˜è·¯äºº,https://www.dcard.tw/service/api/v2/posts/227730358,2017-11-18T10:00:50.558Z,,,5,227730358
Dcard,#ç¤¾è«– ç¿’è¿‘å¹³æ˜¯å¦‚ä½•æˆç‚ºä¸­åœ‹å…±ç”¢é»¨é ˜è¢–çš„,https://www.dcard.tw/service/api/v2/posts/227438112,2017-10-09T17:34:19.277Z,,,8,227438112
Dcard,#ç¤¾è«– å¼•é ˜è¤‡èˆˆçš„å‹åˆ©ä¹‹å…‰â€”â€”å¯«åœ¨ä¸­åœ‹äººæ°‘è§£æ”¾è»å»ºè»90å‘¨å¹´ä¹‹éš›,https://www.dcard.tw/service/api/v2/posts/226882952,2017-07-27T11:23:55.405Z,,,4,226882952
Dcard,ã€é©šæã€‘è­¦å¤§ç´šåˆ†é©Ÿé™ ç‰¹è€ƒå‘Šæ€¥,https://www.dcard.tw/service/api/v2/posts/226492992,2017-05-28T20:33:56.624Z,,,20,226492992
Dcard,#åœ–  å¥èº«V.Sä¸å¥èº« å®Œå…¨æ˜¯å…©ç¨®ä¸åŒäººç”Ÿï¼,https://www.dcard.tw/service/api/v2/posts/224778145,2016-09-17T08:16:57.915Z,,,14017,224778145
Dcard,#LOL èˆ‡ HKES é—œä¿‚å®Œå…¨æ±ºè£‚ï¼Toyz æ‰¾åˆ°æ–°æ±å®¶å¾Œæ­£å¼å›æ­¸,https://www.dcard.tw/service/api/v2/posts/224745337,2016-09-12T11:50:31.394Z,,,96,224745337
Dcard,å°æ±ºï¼ˆå¼•é€€ï¼‰,https://www.dcard.tw/service/api/v2/posts/224696617,2016-09-05T07:02:27.41Z,,,7,224696617
Dcard,#è½‰éŒ„ åœ‹æ°‘é»¨åœ¨èŠ±è“®çš„æ”¿ç¸¾,https://www.dcard.tw/service/api/v2/posts/224657814,2016-08-30T13:19:07.209Z,,,18,224657814
Dcard,é‚£äº›å¹´çš„ç¶“å…¸æ¸¯æ˜Ÿâ€¦â€¦,https://www.dcard.tw/service/api/v2/posts/224583447,2016-08-20T15:56:49.373Z,,,11,224583447
Dcard,æ–°å‰µç‚ºä½•éœ€è¦å¤–åœ‹äººæ‰ï¼Œè€Œæ”¿åºœç‚ºä½•ä¸è®“ä»–å€‘ä¾†ï¼Ÿ,https://www.dcard.tw/service/api/v2/posts/1206913,2016-03-04T11:20:31.4Z,,,22,1206913
Dcard,å…©é»¨ä¸€æ¨£çˆ› ç¥¨æŠ•______ (è²ªæ±™ä¸€è¦½è¡¨),https://www.dcard.tw/service/api/v2/posts/1049717,2016-01-29T18:48:10.909Z,,,41,1049717
Dcard,ã€FBã€‘éå»æˆ‘çš„é„‰æ„åœ¨ä¸­åœ‹ï¼›è€Œä»Šæˆ‘å·²ä¸å†æœ‰é„‰æ„ã€‚ å› ç‚ºæˆ‘ä½åœ¨æˆ‘çš„å®¶é„‰ï¼Œä¸å†æ†‚æ„ã€‚,https://www.dcard.tw/service/api/v2/posts/445537,2015-08-09T18:37:18.685Z,,,30,445537
Dcard,ã€é‡‘é¦¬ã€‘ç¬¬äº”åå±†é‡‘é¦¬çè¯èªå½±ç‰‡å¾—çåå–®,https://www.dcard.tw/service/api/v2/posts/13334,2013-11-23T16:13:18Z,,,0,13334
