ettoday,彩虹光雕秀今晚登場！還有市集「塔羅占卜」、五星住宿券抽獎,https://www.ettoday.net/news/20211028/2110723.htm,2021-10-28 09:50,台北市府彩虹光雕秀今（28日）晚6點開跑！北市府觀傳局規劃一連10天的「以愛為名 由愛成家」彩虹光雕秀，5分鐘的光雕主秀分為5大章節，現場更有逾10攤彩虹市集及五星飯店住宿券抽獎。(旅遊 / 2021-10-28 09:50),,0
ettoday,來臺北彩虹觀光！與變裝皇后搭觀巴、賞光雕抽好禮 6大特色3大亮點一次看,https://www.ettoday.net/news/20211021/2102176.htm,2021-10-21 10:00,臺灣於2019年成為亞洲第一個同婚合法化的國家後，臺北作為性別友善之都，也於多處展現城市的友善平權，除了有最盛大的同志遊行，去年開始推出一系列Color Taipei活動，深受民眾好評，今年將延續並擴大辦理，共有6大特色、3大亮點，邀請大家10、11月來臺北體驗一場最Color的彩虹觀光！(生活 / 2021-10-21 10:00),,0
ettoday,呼叫貓奴！木槿花x黃阿瑪聯名系列暖宮貼、暖腳套登場啦！舒緩你的經期、手腳冰冷不適,https://www.ettoday.net/news/20211001/2080961.htm,2021-10-01 11:00,相信有經痛的女孩一定對木槿花這個品牌並不陌生，每當生理期來痛到打滾時，很需要他們家的暖宮系列商品平時在寶雅門市、大樹藥局、MOMO網路商城等也都能看到木槿花商品的蹤跡，這回20周年慶與國民貓咪「黃阿瑪的後宮生活」跨界合作推出聯名暖宮貼及暖腳套造成貓奴轟動。(消費 / 2021-10-01 11:00),,0
ettoday,LINE「上班族小劇場」貼圖限時3折！ 12組貼圖18元帶回家,https://www.ettoday.net/news/20210820/2060742.htm,2021-08-20 17:44,LINE推出「上班族小劇場」貼圖限時3折活動，自8月20日起至8月23日止為期三天，包含貓奴們最愛的「 黃阿瑪的後宮生活-不想上班篇」、還有人氣超高的「 微笑的羊駝-微型」、「Aida&Kiki-敷衍系列」等12組超人氣貼圖。(財經 / 2021-08-20 17:44),,0
ettoday,三腳化身「自動產毛器」 奴才梳1hrs驚見巨大毛球：平時都躲哪？,https://www.ettoday.net/news/20210625/2015664.htm,2021-06-25 17:39,為什麼貓咪都喜歡藏在紙箱裡呢？看到貓咪腳掌上的肉球，是不是也忍不住想按下去；以及每到換季，怎樣也揮之不去的貓毛…。(寵物動物 / 2021-06-25 17:39),,0
ettoday,手搖飲品牌瘋聯名 話題製造機獎落誰家？,https://www.ettoday.net/news/20210518/1984512.htm,2021-05-18 09:00,"根據財政部統計資料庫顯示，台灣飲料店家數在2020年底達20,821家，年成長率達16%，顯示台灣飲料市場仍有相當大的成長空間。接下來就將探討這些人氣飲料店的行銷秘訣，他們究竟推出什麼樣類型的活動成為大眾焦點？(行銷雲 / 2021-05-18 09:00)",,0
ettoday,再這樣愛亂跑出門就毀這個家！ 阿瑪奴才3招守護後宮和平,https://www.ettoday.net/news/20210416/1961693.htm,2021-04-16 15:30,相較於後宮的其他貓咪，阿瑪算是比較獨立的，雖然偶爾也會有些調皮任性需要人陪，但對他來說，「奴才不在家」這件事應該不至於到「使他產生焦慮」的地步，通常這時候，我們會比較擔心的是：「他是不是有吃飽了？」(寵物動物 / 2021-04-16 15:30),,0
ettoday,餓了容易脾氣暴躁！ 貓奴知識：貓咪減肥要注意的3件事,https://www.ettoday.net/news/20210403/1763209.htm,2021-04-03 07:57,關於貓咪減肥，大致上的方法就是少吃多運動，這應該是大家都知道的概念，因為後宮貓咪們的減肥成效，實在是不怎麼好，我們就不一一詳述減肥方法了（實在丟人現眼），相關資訊應該網路上都查得到，或是找獸醫師詢問應該也都會有很好的建議，希望大家的毛小孩都能有勻稱健康的體態，千萬別跟阿瑪看齊啊！(寵物動物 / 2021-04-03 07:57),,0
ettoday,「黃阿瑪的後宮生活」首次路跑！3公尺大型氣偶 紀念物資超萌,https://www.ettoday.net/news/20210319/1942012.htm,2021-03-19 17:21,超過600萬粉絲追蹤的人氣貓咪「黃阿瑪的後宮生活」首次舉行大型路跑活動，號召百萬「瑪民」參與，現場除了有近3公尺大型氣偶、5公里的Fun Run趣味路跑、舞台活動，還有遊戲關卡、市集吃喝攤位，更套別設計15款物資和加購單品，不過主辦也強調「真貓不會出席喔！」(生活 / 2021-03-19 17:21),,0
ettoday,橘貓躲「保護色窗簾」隱形失敗 網笑翻：手手出賣你,https://www.ettoday.net/news/20210122/1904723.htm,2021-01-22 16:41,「你看不見我...你看不見我...。」高雄有隻橘貓「奶茶」平時超愛纏著虎斑貓哥哥「阿肥」，這天牠為了吸引哥哥玩鬧，躲在窗簾後面靜靜凝視對方。照片中奶茶利用保護色躲在白橘相間的窗簾後，2隻手手卻從底下露出來，讓網友笑翻表示，「你的手手出賣你了啦！」(寵物動物 / 2021-01-22 16:41),,0
ettoday,阿寶、老皮杯套必收！「清心福全X探險活寶」聯名了 還有療癒吊飾,https://www.ettoday.net/news/20210115/1899302.htm,2021-01-15 11:45,阿寶、老皮粉快看過來！繼去年找來國民貓咪「黃阿瑪的後宮生活」合作後，人氣手搖杯「清心福全」今年搶先攜手超無厘頭卡通「探險活寶」推出全新聯名活動，不僅打造27款故事圖樣紙杯，還有多種周邊小物，必收的絕對非老皮、阿寶、嗶莫造型飲料提袋，可愛到不行，另外也有公仔吊飾、貼紙等，通通超欠收。(旅遊 / 2021-01-15 11:45),,0
ettoday,寶可夢迷必收！小7集點送11/4開跑 同步推黃阿碼、KITTY療癒周邊,https://www.ettoday.net/news/20201030/1843027.htm,2020-10-30 12:22,寶可夢粉絲必收！看準寶可夢（POKEMON）深受男女老少的喜愛，7-ELEVEN全店將於11月4日下午15點起推出「寶可夢限量週邊精品集點送」，包括實用的滑鼠墊、居家療癒系抱枕、皮卡丘小椅凳，只要6點加199元至300元起即可換購，同步也開賣「黃阿瑪的後宮生活」、「迪士尼轉轉花生」、「Hello Kitty生活周邊用品預購」等全新生活小物。(消費 / 2020-10-30 12:22),,0
ettoday,貓奴們尖叫！「清心福全X黃阿瑪」超療癒聯名來了 超萌貓咪大頭杯套必收,https://www.ettoday.net/news/20200930/1821416.htm,2020-09-30 11:46,手搖飲聯名再一發！繼可不可熟成紅茶找來超人氣寶可夢合作後，清心福全也宣布和國民貓咪「黃阿瑪的後宮生活」聯名了，全台門市不僅可以看到可愛的黃阿瑪出沒，首波更祭出9款聯名杯，還有必收的療癒阿瑪與後宮們的大頭造型提袋，10月1日起陸續登場。(旅遊 / 2020-09-30 11:46),,0
ettoday,台北市100歲了！與「黃阿瑪」推復古禮盒 打卡送每日限量悠遊卡貼,https://www.ettoday.net/news/20200921/1813839.htm,2020-09-21 11:13,台北市100歲生日快樂！台北自1920年實施市制，至今已邁入第100年，台北市政府觀光傳播局特別與台灣原創知名圖像品牌「黃阿瑪的後宮生活」攜手策劃「黃阿瑪相遇1920臺北市」特展，於台北探索館爆萌展出至2020年底，並且加碼推出超可愛「復古禮盒」，以及拍照打卡送悠遊卡貼等活動，讓民眾感受1920年代台北市的建築風貌與市民生活日常。(政治 / 2020-09-21 11:13),,0
ettoday,免費吹冷氣逛展！「熊讚辦公室、黃阿瑪1920特展」都在這,https://www.ettoday.net/news/20200823/1791394.htm,2020-08-23 14:21,圓滾滾的身軀、逗趣的動作，北市府吉祥物「熊讚」終於有自己的辦公室了！除了讓民眾窺探熊讚辦公空間，更有獨家的幾何版熊讚圖素設計，打造熊讚紀念品旗艦店，讓熊粉們逛飽買滿。而台北探索館正展出「黃阿瑪相遇1920臺北市特展」，也能免費入場參觀。(旅遊 / 2020-08-23 14:21),,0
ettoday,相遇1920台北市 台北探索館小志工研習營20日開放報名,https://www.ettoday.net/news/20200719/1764133.htm,2020-07-19 10:11,一年一度的台北探索館「小志工研習營」來了！今年適逢台北設市一百週年，台北探索館針對喜歡文化歷史、對導覽有興趣的小朋友，舉辦《相遇1920台北市－台北城市古今巡禮》小志工研習營，20日起開放國小四至六年級學童網路報名，正取60名，通過研習後，將有機會擔任探索館正式小志工。(生活 / 2020-07-19 10:11),,0
ettoday,X光也照不出！貓咪異食癖「線」最危險 隨腸道蠕動恐釀穿孔,https://www.ettoday.net/news/20200424/1699492.htm,2020-04-24 17:35,所謂「貓咪異食癖」，就是指有些貓喜歡吃他們不能吃的物品，最常見的就是塑膠、布類、泡綿、或是線類，但是我們不太可能24 小時每個片刻都盯著他們，如果是親眼見到貓咪吃下，或是像我們看到耳塞這類的殘骸，甚至是伴隨著排泄物排出，那就是可以確定貓咪吃下異物的徵兆，必須緊急送醫，或是仔細觀察有無異狀表現；除此之外，貓誤食異物還有很多可能發生的病徵，像是出現試圖把異物吐出的動作、嘔吐、拉肚子，或是食欲不振等等，都有可能是因為誤食異物所導致。(寵物動物 / 2020-04-24 17:35),,0
ettoday,居家防疫多讀書！蔡英文點名3人接力分享書單 19本選書曝光,https://www.ettoday.net/news/20200226/1654606.htm,2020-02-26 15:35,台北國際書展因新冠肺炎疫情影響而延期，但文化部力倡「書展延期閱讀不停息」，總統蔡英文24日在臉書po文分享近期正在讀的書單，並呼籲「居家多讀書，防疫一起來」，同時點名前立委洪慈庸、Youtuber阿滴、資深媒體人范琪斐接力響應，3人收到邀請後陸續把書單開出來，加起來共19本書，可作為選書參考。(消費 / 2020-02-26 15:35),,0
ettoday,養螞蟻也能當網紅！ 盤點「4個非人類Youtuber」…百萬奴才全瘋狂,https://www.ettoday.net/news/20200124/1608731.htm,2020-01-24 04:00,你是狗派？還是貓派？近年來各類型Youtuber竄起，為人們帶來新的觀看體驗，而紀錄寵物成長過程的頻道，如《黃阿瑪的後宮生活》、《連環泡有芒果》等的訂閱人數也是居高不下，透過鏡頭代替滿足無法親自飼養寵物的缺憾，而影片中動物們的蠢萌樣也撫慰了繁忙都市人的心，得以在這競爭的網紅世界殺出一條血路。(影劇 / 2020-01-24 04:00),,0
ettoday,住土角厝相依為命！61歲兒養99歲母「老老照顧」超心酸...女神親送暖,https://www.ettoday.net/news/20200115/1626052.htm,2020-01-15 15:40,走進窄小巷子裡，61歲羅大哥與99歲黃阿嬤，住在四方老舊平房相依為命，黃阿嬤有數名子女，大多都居住在外縣市，無法常回家陪伴，隨著阿嬤體力、腿腳開始退化，走路需要柺杖輔助和攙扶，大多時間都能坐在輪椅上，羅大哥辭掉工作一肩扛起照顧媽媽的日常起居。(健康 / 2020-01-15 15:40),,0
ettoday,相遇十週年！黃阿瑪後宮生活超胖LINE貼圖登場 邊用絕對邊喊「好想捏」,https://www.ettoday.net/news/20191212/1598819.htm,2019-12-12 15:05,為了慶祝「遇見十週年」，黃阿瑪跟後宮要攜手推出「超胖版LINE貼圖」，除了有滿滿的胖貓霸佔你的LINE對話外，還有首次以「插畫X真貓」呈現的貼圖，各位奴才們，還不手刀下載一起隔著螢幕吸貓囉。(寵物動物 / 2019-12-12 15:05),,0
ettoday,商業周刊／台灣貓型人社會來臨 反映人們「宅懶獨」特質？,https://www.ettoday.net/news/20191204/1594408.htm,2019-12-04 17:14,貓咪帶頭衝，台灣「毛小孩」比「真小孩」多的時代即將來臨。 根據內政部與農委會數據推估，全台家貓與家犬總數，最快在2020年下半年，將首度超過15歲以下孩童數；2021年的台灣毛小孩總數將達近300萬隻的史上新高，比同期的孩童數多出12萬以上。(生活 / 2019-12-04 17:14),,0
ettoday,打趴蔡阿嘎、阿滴！台灣最夯YouTuber頻道排名曝 第一名驚呆網：他誰？,https://www.ettoday.net/news/20191202/1592421.htm,2019-12-02 16:00,近年來各類YouTuber紛紛崛起，從遊戲類、知識型、美妝到親子等通通有，近日就有網友整理出這些創作者近30日的影片觀看量，排名結果卻出乎觀眾意料。(生活 / 2019-12-02 16:00),,0
ettoday,歡慶國際黑貓日！愛撒嬌領養率卻極低 其實牠們是消災守護神,https://www.ettoday.net/news/20191027/1566208.htm,2019-10-27 12:58,每年10月27日被訂為國際黑貓日，這群毛茸茸的黑貓有著炯炯有神的雙眼，搭配深色皮毛和愛撒嬌的特質受到貓奴喜愛，但也因為花色緣故，被冠上莫須有的迷思，往往在收容所中領養率最低。其實牠們在許多國家被視為幸運的象徵，甚至還成為消災避邪的守護神。 (寵物動物 / 2019-10-27 12:58),,0
ettoday,台灣百大影響力網紅「1歲蔡桃貴穩坐冠軍」！海放老爸和一票哥姐,https://www.ettoday.net/news/20191003/1548452.htm,2019-10-03 08:57,《數位時代》網站2日晚間8點開始舉辦「2019台灣100大網紅人氣票選」，短短半天之內就有一人直接「海放」所有參賽者，票數超高，甚至打敗「網紅鼻祖」蔡阿嘎！原來目前的冠軍就是蔡阿嘎的高人氣兒子蔡桃貴，才1歲2個月的他就吸引眾多粉絲，難怪直接超越一票叔叔阿姨。(生活 / 2019-10-03 08:57),,0
ettoday,黃阿瑪親征高雄 孫推80歲輪椅阿嬤等4小時面聖「我場場到」,https://www.ettoday.net/news/20190426/1431439.htm,2019-04-26 18:19,網紅《黃阿瑪》被稱為貓咪界的皇上，這一次配合限量扭蛋公仔的活動南下高雄，自稱貓奴的志銘與狸貓也來舉辦簽名見面會，就連80歲的老阿嬤也相當瘋狂，請孫女推著輪椅來到現場，就算等了4個小時也不喊苦，阿嬤說只要能看到《黃阿瑪》就很開心了。(生活 / 2019-04-26 18:19),,0
ettoday,一次攻下熱銷書榜5席次 百萬網紅黃阿瑪根本是喵界霸主,https://www.ettoday.net/news/20190403/1414391.htm,2019-04-03 11:15,4月4日除了是兒童節，也是台灣「貓節」。網路書店首度公開「喵星人」熱銷排行TOP10，黃阿瑪不愧是百萬網紅，新舊作品一口氣攻佔書榜上5席次，系列作品合計總銷量超過3萬冊，反應出牠在貓界的領導力。(消費 / 2019-04-03 11:15),,0
ettoday,狸貓爆「阿瑪不是橘貓！」多年修片技巧曝光 網驚：是哆啦A夢,https://www.ettoday.net/news/20190330/1411458.htm,2019-03-30 14:37,知名Youtube頻道「黃阿瑪的後宮生活」是由橘白貓黃阿瑪為首，經常分享7位主子的日常生活。2位奴才志銘與狸貓日前突然公布「多年秘密」，直指阿瑪其實不是橘貓，而是藍色的，同時曝光一直以來的修片技巧，還邀請到許多曾到後宮拍攝的嘉賓出面說明。 (寵物動物 / 2019-03-30 14:37),,0
ettoday,主人收到榴槤怕死 貓皇舔一口「好吃❤️」整碗端走,https://www.ettoday.net/news/20181126/1316091.htm,2018-11-26 13:32,榴槤對於喜歡的人來說是聖品，害怕的人則是避之唯恐不及，那寵物會不會喜歡吃榴槤呢？「黃阿瑪的後宮生活」日前就對家裡的7隻貓進行測試，有趣的是主人志銘和狸貓都超怕，把手中榴槤拿得遠遠地直說「臭」，反倒是柚子跟三腳聞到榴槤味就靠近，招弟甚至喜歡到猛吃。(影劇 / 2018-11-26 13:32),,0
ettoday,可愛炸！春風揪黃阿瑪輕鬆量身高、如廁遮羞羞 創意設計狂撩貓奴心,https://www.ettoday.net/news/20181112/1298339.htm,2018-11-12 10:30,運動、時尚品牌的聯名風潮，近年也延燒到生活用品，聯名對象不乏現在正夯的圖文創作，商品一推出，就讓粉絲大喊「卡哇伊」，乖乖掏錢買單！其中，又以「動物界網紅」的聯名商品最受大家歡迎，不管這些動物們表情可愛、白爛還厭世，可能都比「心靈雞湯」、「勵志小語」還能療癒忙碌現代人的心！(消費 / 2018-11-12 10:30),,0
ettoday,喵皇阿瑪擦屁股「胡言亂語」生氣大吼 網笑：以為在虐貓！,https://www.ettoday.net/news/20181111/1302049.htm,2018-11-11 09:13,朕的屁屁不是誰都能碰的！人氣粉專「黃阿瑪的後宮生活」貼出一則影片，內容是喵皇「阿瑪」因為拉肚子而被奴才抓著擦屁股，牠生氣的瘋狂喵喵叫，甚至開始語無倫次，淒厲的慘叫聲笑翻不少網友，最後奴才拿出貓草討好阿瑪，聖上才不再生氣。(寵物動物 / 2018-11-11 09:13),,0
ettoday,影／中秋應景戴柚子帽...少女汪罕見森77 阿嬤心疼「要女兒去道歉！」,https://www.ettoday.net/news/20180924/1265445.htm,2018-09-24 16:54,中秋節當天，有許多飼主會將剝好的柚子皮，當成帽子給毛孩戴在頭上，但牠們真的喜歡嗎？臉書粉絲團「米克斯波比的小劇場」日前分享一則貼文，內容是馬麻Queenie Huang將柚子皮放在愛犬波比頭上，但她發現波比似乎有點生氣，後來阿嬤知道後相當心疼，要求女兒要跟波比道歉。(寵物動物 / 2018-09-24 16:54),,0
ettoday,LINE推出刮刮樂中秋活動 價值超過500萬等你刮,https://www.ettoday.net/news/20180920/1262944.htm,2018-09-20 11:59,繼過年送紅包、端午節開運粽等節慶活動後，LINE台灣於今日起首度推出「刮刮樂中秋」活動，為用戶們獻上充滿中秋祝福的「刮刮卡」，邀請台灣用戶呼朋引伴一起來「刮」好禮。 (3C家電 / 2018-09-20 11:59),,0
ettoday,毛孩戴柚子帽大NG！ 氣味太刺激、柑橘油造成皮膚紅腫,https://www.ettoday.net/news/20180920/1262378.htm,2018-09-20 08:27,中秋前後一定要吃柚子應景，許多人把寵物當小孩，想用柚子皮來裝扮一番，往往忽略了柚子皮的氣味可能讓毛孩不舒服，長時間接觸還可能造成皮膚過敏、紅腫。 (寵物動物 / 2018-09-20 08:27),,0
ettoday,朕被出賣了！黃阿瑪「吃飽體重公開」 實測PBMI大暴怒,https://www.ettoday.net/news/20180622/1196641.htm,2018-06-22 16:32,人家不是胖，只是過得比較幸福！Youtube頻道「黃阿瑪的後宮生活」分享過去幫貓咪「黃阿瑪」計算PBMI值的影片，只見剛吃飽想睡的阿瑪被挖起來量體重，整個「龍顏大怒」，最後還被算出是「輕度肥胖」，讓牠氣得大叫「誅殺體重計九族！」(寵物動物 / 2018-06-22 16:32),,0
ettoday,聖結石輸了！2018最夯Youtube網紅「3天王稱霸」 網友驚呼不認識,https://www.ettoday.net/news/20180520/1173644.htm,2018-05-20 19:12,隨著4G行動上網普及，手機看影片成了民眾日常生活重要的休閒，也捧紅了無數Youtube創作者。《OpView社群口碑資料庫》17日公布2018年第一季網紅影響力報告，透過大數據統計熱度，Youtuber榜中由年輕人眼中的「3天王」稱霸，分別是小玉、放火和尊，但這結果也讓不少大學生網友吐槽，一個都不認識！(生活 / 2018-05-20 19:12),,0
ettoday,防禦+999！奴才買超長手套挑戰剪指甲 嚕嚕：奇怪，我動不了,https://www.ettoday.net/news/20180407/1141412.htm,2018-04-07 20:24,有長期追蹤「黃阿瑪的後宮生活」的粉絲應該都知道，在後宮當中，最難剪指甲的大概就是嚕嚕和浣腸，還有每次都愛哇啦哇啦叫的阿瑪，尤其是嚕嚕雖然愛撒嬌，但一剪指甲就忍不住想咬人。為了保護手臂嫩皮膚的和平，奴才們這次購入了專門在幫貓剪指甲時使用的超長手套，到底這次能不能成功避開嚕嚕的牙齒呢？(寵物動物 / 2018-04-07 20:24),,0
ettoday,「黃阿瑪後宮生活」奴才們無私分享10個用手機拍攝貓咪的技巧,https://www.ettoday.net/news/20180322/1135583.htm,2018-03-22 18:41,自由創作家「志銘」（許志銘）和「狸貓」（黃祥旭）在一次偶然的機會把曾是流浪貓的「黃阿瑪」帶回家之後，瞬間降低地位成為貓奴，隨後「黃阿瑪與其他6後宮」走紅 YouTube、Facebook、Instagram等各大社群平台，到底中間的影片跟照片怎麼製作的，此次，阿瑪的奴才們將對外公開他們製作秘方。(3C家電 / 2018-03-22 18:41),,0
ettoday,鞋帶對後宮貓咪有7大用處 招弟High到「解放」奴才秒崩潰,https://www.ettoday.net/news/20180310/1127595.htm,2018-03-10 18:42,砸大錢買貓用玩具，還比不上一條鞋帶在主子心中的地位。臉書粉專「黃阿瑪的後宮生活」日前回顧3年前後宮貓玩鞋帶的影片，一條簡單的鞋帶給貓咪們7大好處，其中連文靜的招弟都玩到放棄矜持，High到「就地解放」，讓狸貓秒崩潰直接飆髒話。 (寵物動物 / 2018-03-10 18:42),,0
ettoday,開心口唱「拜年歌」！皇阿瑪穿龍袍過年 腰內肉炸裂啦,https://www.ettoday.net/news/20180216/1115398.htm,2018-02-16 23:35,春節假期除了拿紅包沾沾喜氣，不少飼主也會幫寵物穿上新衣過新年。貓奴狸貓和志銘也準備各式各樣的服裝讓主子們換上，皇阿瑪先是穿龍袍和戴上小帽子，但尺寸不太合，從側邊看腰內肉整個炸裂，讓阿瑪瘋狂抱怨，「就說衣服太小啦啦啦啦」，整個怒到不行。(寵物動物 / 2018-02-16 23:35),,0
ettoday,後宮靈異事件？奴才常覺得肩膀很重 柚子你怎把人家當山爬！,https://www.ettoday.net/news/20180216/1115345.htm,2018-02-16 19:09,奴才們會不會常常覺得肩膀很重、需要去按摩師傅「桑」一下？「黃阿瑪的後宮生活」近日分享的影片中，奴才狸貓開玩笑說不知道最近到底怎麼了，肩膀都很重，是不是發生靈異事件？其實是柚子學會新技能，開始愛趴在牠們肩上「望春風」，不知道是不是這樣視野比較好？(寵物動物 / 2018-02-16 19:09),,0
ettoday,花蓮強震！擬定「毛孩逃生計畫」 植晶片防失散找不回,https://www.ettoday.net/news/20180207/1109263.htm,2018-02-07 11:45,強震讓許多人一夜難眠，更喚醒大家的防災意識，家裡有毛孩的飼主除了擔心自己，也開始思考「發生緊急危難時，怎麼帶寵物一起逃生？」專家建議，擬定逃生計畫平日練習、備妥救難包，更重要的是替毛孩戴上有聯絡方式的名牌和施打晶片，萬一失散才有機會重逢。(寵物動物 / 2018-02-07 11:45),,0
ettoday,蔡英文逛書展花6千元掃18本書 買書看到意外驚喜秒變貓奴,https://www.ettoday.net/news/20180206/1108645.htm,2018-02-06 15:37,第26屆台北國際書展正式展開，總統蔡英文今年親臨開幕儀式，致詞時表示「我們不大，我們的創意跟能量傲視亞洲，因為我們的政治民主、社會自由，各種不同的聲音都可以在這塊土地上激盪出不同的創意。」除了勉勵出版業者，她也到展場逛攤位買書，一口氣掃了18本，其中最意外的戰利品，讓她一秒變貓奴。(消費 / 2018-02-06 15:37),,0
ettoday,敢用屁屁壓朕？阿瑪搶椅子「布丁摔」 醫生彎腰道歉：拍謝！,https://www.ettoday.net/news/20180205/1107755.htm,2018-02-05 15:06,阿瑪前陣子肛門腺反覆發炎紅腫，到醫院開刀將肛門腺摘除並住院，卻從抗拒到適應環境，最後直接把醫院當作後宮的一部分。奴才還拍下阿瑪想霸占椅子，結果跳上去秒被擠落，當場「布丁摔」，讓誤傷龍體的醫生馬上從座位彈起來，彎腰抱牠並道歉「啊～～拍謝！」，讓奴才笑到不行。(寵物動物 / 2018-02-05 15:06),,0
ettoday,阿瑪住院洗屁屁！抗拒→拒絕回宮 「朕還沒吃到醫生的便當！」,https://www.ettoday.net/news/20180129/1101120.htm,2018-01-29 11:56,阿瑪因為肛門腺反覆發炎紅腫，在醫生的評估下於前陣子進行肛門腺摘除手術，但牠在術後的清潔和保養過程中非常不配合，奴才狸貓和志銘只好把他交給專業的，直接住院啦！阿瑪在住院的這幾天從抗拒到慢慢適應環境，最後竟然還會擋在走道上翻滾、甚至不想回家，讓奴才超傻眼，「牠竟然不想走！」(寵物動物 / 2018-01-29 11:56),,0
ettoday,巨無霸橘貓肚肚超垂 網友驚嚇：這是養到老虎嗎？,https://www.ettoday.net/news/20180114/1092494.htm,2018-01-14 16:18,網友「有錢倫」捧著「巨無霸橘貓」橘子，這隻貓咪看起來比正常體型大了3倍，肚子的垂垂肉非常壯觀。原來有錢倫是高雄餐廳「描屋」的老闆，店裡養了4隻貓咪，而橘子就是最胖的那隻。 (寵物動物 / 2018-01-14 16:18),,0
ettoday,逃不過菊花手術！阿瑪崩潰到燒聲 怎沒先跟朕討論啊啊啊,https://www.ettoday.net/news/20180113/1092037.htm,2018-01-13 17:38,不管是貓或狗，都有可能發生肛門腺阻塞、發炎等狀況。阿瑪從去年2月就被奴才發現牠的屁屁不太對勁，雖然都有持續治療，但卻不見起色。於是經過醫生評估之後，阿瑪在前陣子進行了肛門腺的摘除手術，過程中因為不舒服和緊張，牠不斷扭來扭去又抗議，讓奴才狸貓和志銘心疼到不行。(寵物動物 / 2018-01-13 17:38),,0
ettoday,養黑貓的困擾！太黑直接隱形 媽心急到處喊...牠貓咪問號,https://www.ettoday.net/news/20171123/1058015.htm,2017-11-23 19:14,網友Pearl Tsai這天載女兒上學回家後，平常會到門口迎接的黑貓「黑糖」竟然沒有出現，讓她覺得相當不尋常，在家裡又找又喊了半天，越來越焦急，「我嚇到以為黑糖跟在我身後出門了。」正準備奪門而出時，瞄到椅子上有亮亮的東西，定眼一看才發現黑糖一直以來都趴在那邊，一臉貓咪問號。(寵物動物 / 2017-11-23 19:14),,0
ettoday,有蜂蜜甜味！奴才用力吸眾貓「後腦杓」 驚呼：阿瑪是抹茶蛋糕,https://www.ettoday.net/news/20171120/1055762.htm,2017-11-20 16:28,聞過小動物的後腦杓嗎？每一隻都有獨特的氣味唷。粉專《黃阿瑪的後宮生活》17日PO出「試聞！貓咪是什麼味道？」影片，片中的奴才仔細聞遍眾貓，用直覺評斷出牠們後腦杓味道，各種無厘頭又貼切的口味笑翻眾多貓奴。(寵物動物 / 2017-11-20 16:28),,0
ettoday,差點掏錢買罐罐！鬥雞眼貓騙吃被超商店員抓包：牆角還很多沒吃,https://www.ettoday.net/news/20171117/1054095.htm,2017-11-17 12:07,台灣人最有愛心了！徘徊在超商的浪浪總是騙到許多罐罐！基隆網友今井茜去全家買東西時，看見門口坐著一隻鬥雞眼小貓，不停喵喵叫，好像很可憐、肚子很餓一樣。正打算掏錢買罐罐時，遭店員阻止，「不要再餵牠了～因為牠不吃，只想跟人家玩而已！」，並指向牆角地方「你看，牆角還有很多罐頭沒吃。」(寵物動物 / 2017-11-17 12:07),,0
ettoday,國際黑貓日！愛撒嬌領養率卻低 牠們其實是幸運的象徵,https://www.ettoday.net/news/20171027/1039833.htm,2017-10-27 12:53,10月27日是英國的愛貓機構訂定出的國際黑貓日，除了讓更多人拋開刻板印象之外，同時也希望鼓勵大家多多認養黑貓，其實牠們擁有許多令人喜愛的特質，愛撒嬌的程度完全不輸其他花色的貓，在許多國家更被視為幸運的象徵，而且養黑貓還有許意想不到的好處呢。(寵物動物 / 2017-10-27 12:53),,0
ettoday,睽違5年後又洗澡！ 阿瑪「濕身」狂喵：拿大便水洗朕？,https://www.ettoday.net/news/20171017/1032925.htm,2017-10-17 13:16,洗個澡而怎麼像叫得像是被虐待啦。臉書粉專「黃阿瑪的後宮生活」13日分享聖上沐浴的影片，睽違5-6年沒洗澡的阿瑪終於又洗澡了！這回牠仍然不改愛講話的本色，濕身就開始狂喵「朕會駕崩啊啊啊」。(寵物動物 / 2017-10-17 13:16),,0
ettoday,奴才壞了～餵飯突然「時間暫停」 三腳從頭吃到尾...buffet耶！,https://www.ettoday.net/news/20170930/1022121.htm,2017-09-30 15:58,「時間暫停」這個哏，真的是玩不膩的遊戲啊！「黃阿瑪的後宮生活」這天也來挑戰，當餵飯到一半突然暫停不動時，貓咪們會有什麼樣的反應呢？有趣的是，三腳化身「吸塵器」，把掉在地上的飼料吃飽吃滿，讓狸貓忍不住崩潰阻止「妳不能再吃了啦！太胖了～～」(寵物動物 / 2017-09-30 15:58),,0
ettoday,後宮火災逃生演習！7貓裝洗衣袋 阿瑪森氣氣：放開眹,https://www.ettoday.net/news/20170919/1014324.htm,2017-09-19 18:15,災難時怎麼帶著喵星人逃走？黃阿瑪的後宮生活分享了妙招，利用「洗衣袋」快速打包喵星人，裝在袋子裡拎了就逃命，為了以防萬一還特地「實地演練」，不過裝完7隻貓咪後發現最大的難題是「貓咪肥嘟嘟太重啦」。 (寵物動物 / 2017-09-19 18:15),,0
ettoday,貓生好難...別人享受狂歡的夜晚 嚕嚕卻黯然自我對話,https://www.ettoday.net/news/20170831/1001110.htm,2017-08-31 15:57,除了人類，貓咪也是會有「生理需求」的。知名粉絲專頁「黃阿瑪的後宮生活」，25日分享一支新的影片，這回由「柚子」與「嚕嚕」領銜主演，兩名影帝完美演繹出「同樣的夜晚，不同的貓生」，如此曠世鉅作加上無可挑剔的演技，引起了眾多「子民」的迴響。(寵物動物 / 2017-08-31 15:57),,0
ettoday,拿起手手要按「液門穴」 阿瑪：是不是又想偷剪朕指甲！,https://www.ettoday.net/news/20170729/977274.htm,2017-07-29 15:12,「黃阿瑪的後宮生活」這次不剪指甲了，狸貓和志銘決定來幫阿瑪和其他貓咪來按摩！這次主要針對頭上的百會穴、印堂、絲竹空；雙手外側的液門穴以及肥美肚肚的丹田，以計分方式來看後宮貓咪們的接受度。(寵物動物 / 2017-07-29 15:12),,0
ettoday,黃阿瑪「屁股破」看太醫 擠肛門腺怒到狂喵：拖去斬！,https://www.ettoday.net/news/20170721/971610.htm,2017-07-21 20:28,貓咪的肛門腺可能會堵塞，造成腫脹、發炎等情況，嚴重甚至會穿孔！人氣粉專「黃阿瑪的後宮生活」日前分享了一段新影片，這次是阿瑪去看醫生檢查腿和屁股的傷口，結果發現肛門腺破掉，醫生幫牠擠，讓牠怒到瘋狂喵，「通通拖去斬了！」(寵物動物 / 2017-07-21 20:28),,0
ettoday,桃猿愛Pet趴24日再現 犬派海報、貓派貼紙限量送,https://www.ettoday.net/news/20170620/949006.htm,2017-06-20 12:32,Lamigo桃猿隊將在6月24日(六)及25日(日)舉辦上半季最後主題趴「愛PET趴」，訴求愛護動物以及寵物的「愛PET趴」將全猿主場化身為PET(寵物)溫暖的家，「愛PET樂猿」、「愛PET 健康」、「我最愛PET」三大路線齊走，讓球迷朋友體會生命教育以及身歷可愛逗趣的寵物世界，將是首創的球場寵物主題嘉年華！(體育 / 2017-06-20 12:32),,0
ettoday,人類讓牠失去一隻腳 浪浪的親人訓練讓人心疼,https://www.ettoday.net/news/20170520/920620.htm,2017-05-20 14:29,大大健是一隻白底黑斑花色的米克斯狗狗，最初遇見他的是工作室的鄰居Kimi，於上班途中看見他在橋下獨自跛著腳徘徊著，他當時因為前腳受傷，還纏著20公分長的鐵絲拖在地上，所以每走一步就會發出痛苦的呻吟聲。(寵物動物 / 2017-05-20 14:29),,0
ettoday,你現在過得好嗎？ 奶貓「富貴」的救援記事,https://www.ettoday.net/news/20170516/920623.htm,2017-05-16 10:47,富貴，一般來說是指擁有社會地位或經濟能力的狀態，而對我（狸貓）來說，「擁有富貴」當然也是心中的一個小夢想。以下，是我振作起精神，鼓起勇氣寫出來的一段故事。(寵物動物 / 2017-05-16 10:47),,0
ettoday,貓咪發胖原因僅一個 想靠運動燃燒脂肪會先「停止呼吸」,https://www.ettoday.net/news/20170515/924588.htm,2017-05-15 11:58,家裡的貓咪怎麼會這樣？面對自家貓皇的種種行為，貓奴們總是在內心上演100種小劇場，關於貓和貓奴的各種問題，交給來來貓御醫！日本人氣漫畫家來來貓大和，邀請全日本第一位開設貓咪專門醫院的貓醫生鈴木針，一起從貓咪的視角來解析飼主們心中的各種問題，一針見血的毒舌回覆，斬斷貓奴們心中的三千煩惱絲，讓愛貓人大徹大悟。(寵物動物 / 2017-05-15 11:58),,0
ettoday,賴在機車後座 愛上「按摩椅」的虎斑貓：繼續搖！,https://www.ettoday.net/news/20170512/921216.htm,2017-05-12 19:03,「真的是齁，死都不下車！」台北市的劉先生日前在網路上發佈了一則影片，內容是白色虎斑貓「小子」賴在他的機車後坐上不走，過程中不斷是搖牠還是戳牠，小子就是死不下車！貼文至今已將近有5千個按讚數，有網友幽默地表示「牠好像在享受搖搖按摩椅的服務」。(寵物動物 / 2017-05-12 19:03),,0
ettoday,當貓奴訓練師遇上寶可夢小黑 結束了牠的流浪奇遇記,https://www.ettoday.net/news/20170512/920613.htm,2017-05-12 12:04,2016 年8 月，風靡全球的手機遊戲「寶可夢」正式在台灣開放下載，而就在當晚，玩著遊戲的我們，在路上遇見了小黑。(寵物動物 / 2017-05-12 12:04),,0
ettoday,黃阿瑪懾服眾貓的背後 有一個偉大的皇后「招弟」,https://www.ettoday.net/news/20170303/876531.htm,2017-03-03 12:03,阿瑪天生就帶著一股自信，面對任何貓任何人，從不退縮懼怕，遇見沒發生過的狀況，也總能處變不驚不會亂了方寸。阿瑪的眼神像是能看穿別人般的敏銳，從不飄忽游移，每當他對貓或人發號司令時，說出口的每一句話，都有著君無戲言的堅定。(寵物動物 / 2017-03-03 12:03),,0
ettoday,害奴才誤喝貓尿 阿瑪後宮「飲水機尿尿之亂」真兇是誰,https://www.ettoday.net/news/20170302/876322.htm,2017-03-02 16:04,對貓奴們來說，主子亂尿尿這種小事，應該算是見怪不怪，尤其是像後宮這樣的多貓家庭，偶爾在不該出現尿的地方發現一兩泡，也都是意料之中。(寵物動物 / 2017-03-02 16:04),,0
ettoday,入坑請小心～養貓需要注意的5件事 錢根本是用撒的啊！,https://www.ettoday.net/news/20170211/864842.htm,2017-02-11 14:55,路上的流浪貓狗問題，部分原因是棄養所造成；而棄養的行為又有很大部分是源自於衝動飼養。粉絲專頁「黃阿瑪的後宮生活」除了分享後宮貓咪生活趣事，也常會藉由粉絲團的高人氣來傳達正確知識。這次他們透過影片來告訴粉絲們「養貓需要知道的5件事」，表達「要養貓，沒這麼簡單！」的觀念。(寵物動物 / 2017-02-11 14:55),,0
ettoday,奴才暗爽貓咪搶進外套 柚子：想取暖罷了...少自以為,https://www.ettoday.net/news/20170204/860427.htm,2017-02-04 18:10,身為貓奴一定都知道「黃阿瑪的後宮生活」，這個粉絲團可是擁有百萬名粉絲追隨著；這次《黃阿瑪的後宮生活》臉書貼出了一則新短片，以嚕嚕和柚子的視角，嘲笑人類真會自作多情。(寵物動物 / 2017-02-04 18:10),,0
ettoday,奴才癡漢式狂揉粉色肉球+肚肚 阿瑪淡定縮一下繼續睡,https://www.ettoday.net/news/20170119/852311.htm,2017-01-19 11:43,知名的「黃阿瑪的後宮生活」又有新作啦！身為後宮之主阿瑪面對奴才的「揉肉球」騷擾只是輕輕縮一下腳，就算被從頭摸到腳依然淡定地睡著覺，反倒是奴才被萌到怪聲連發讓網友笑翻，「第一次看到摸貓的影片可以摸得如此猥瑣，也真不簡單啊！」(寵物動物 / 2017-01-19 11:43),,0
ettoday,朕會駕崩！阿瑪剪指甲狂吼亂扭 有吃的秒變「靜音模式」,https://www.ettoday.net/news/20170103/841716.htm,2017-01-03 19:02,許多喵星人一剪指甲就「如臨大敵」，知名粉絲團「黃阿瑪的後宮生活」就出賣後宮們剪指甲的百態，像是只會碎念的三腳就是「心有不甘型」，Socles則是每次被剪都像是第一次的「健忘型」，看起來最柔弱的浣腸反而最難剪，讓網友們看完後都大呼「跟想像中不一樣！」(寵物動物 / 2017-01-03 19:02),,0
ettoday,朕的龍椅你敢搶？阿瑪肥屁霸佔位子 逼奴才「跪著工作」,https://www.ettoday.net/news/20161212/827927.htm,2016-12-12 16:51,喵皇94霸道！「黃阿瑪的後宮生活」在臉書粉絲專頁上PO出新影片，只見阿瑪硬是窩在電腦椅上，不管怎麼逼、怎麼求，甚至使出「殺手鐧」化毛膏誘惑，牠都無動於衷，肥屁屁緊緊黏在椅子上，最後奴才只好跪著工作，十分卑微。(寵物動物 / 2016-12-12 16:51),,0
ettoday,「全身都好可愛～」鹹豬手摸遍肉肉 阿瑪驚：有癡漢啊！,https://www.ettoday.net/news/20161123/816360.htm,2016-11-23 12:25,都怪肉肉太肥嫩，引人犯罪啊！「黃阿瑪的後宮生活」日前PO出新短片，直擊網紅阿瑪遭癡漢騷擾，不管牠怎麼怒斥威嚇都沒用，全身肉肉仍被鹹豬手蹂躪一遍，網友們看了直呼「奴才這是不要命了嗎？」(寵物動物 / 2016-11-23 12:25),,0
ettoday,用「梳毛手套」定廢毛王勝負 阿瑪：根本趁機吃朕豆腐！,https://www.ettoday.net/news/20161119/814159.htm,2016-11-19 14:18,最近季節交替，許多動物們又到了換毛時節，如果沒定期幫牠們梳理的話，家中就可能出現「微下雪」的狀態。「黃阿瑪的後宮生活」繼上次輸廢毛大挑戰，這次出動了一個新奇的梳毛手套，不過主子們似乎不是很賞臉，還把它當成怪物一樣又打又咬的。(寵物動物 / 2016-11-19 14:18),,0
ettoday,看不開的「浣腸」入宮記實 第1天竟偷襲阿瑪尾巴...,https://www.ettoday.net/news/20161110/808817.htm,2016-11-10 23:41,喵星人跟人類一樣，換到一個新地方都需要一段適應期，粉絲專頁「黃阿瑪的後宮生活」PO出1年前成員浣腸的入宮記實。一進到新家的浣腸雖然沒有不適應，但卻需要被隔離，儘管如此，後宮裡的喵星人還是不減對牠的興趣。(寵物動物 / 2016-11-10 23:41),,0
ettoday,後宮忙碌的一天！ 黃阿瑪深夜「翻牌子」嚇壞小浣腸,https://www.ettoday.net/news/20161105/805805.htm,2016-11-05 18:35,喵星人看似過得優閒，但一整天的行程下來，其實還是很忙碌！「黃阿瑪的後宮生活」日前PO出家中貓貓們的日常生活，早中晚及深夜時段都有各自的活動，像是曬太陽、吃飯、被騷擾和互相騷擾等等，真的是十分累人。(寵物動物 / 2016-11-05 18:35),,0
ettoday,影／黃阿瑪「修指甲」初體驗 慘叫控奴才大刑「虐貓」,https://www.ettoday.net/news/20161029/801699.htm,2016-10-29 13:38,貓咪大部分都對修剪指甲非常抗拒，但指甲太長時間不剪的話，很有可能發生爪子插在入肉裡，或是抓傷人或其他動物的意外。超人氣貓皇「黃阿瑪」的主人（奴才？）最近公布一段剪指甲初體驗的影片，阿瑪在主人懷中表情無助，瘋狂哀號，讓主人無奈地吶喊，「不要動，根本就沒剪到！」(寵物動物 / 2016-10-29 13:38),,0
ettoday,「貓間情」熱播 錯綜複雜的三角戀讓看倌們敲碗：求續集,https://www.ettoday.net/news/20161025/799116.htm,2016-10-25 16:17,擁有超高人氣的「黃阿瑪」和后宮們就像小小劇場，天天上演各種逗趣好笑的事，這次奴才腦動大開，將牠們日常互動的片段，神後製成八點檔連續劇，高潮迭起的戲碼讓看倌們直呼，「根本是貓間情」，也期待還能看到續集啦！(寵物動物 / 2016-10-25 16:17),,0
ettoday,桃園插畫大展20日盛大開展 免費看國內外趣味經典作品,https://www.ettoday.net/news/20161018/795165.htm,2016-10-18 13:00,「2016桃園插畫大展」將在10月20日於桃園展演中心開展，展覽以「夢想。迷宮｣為主題，並邀請了包括「H.H先生」、「黃阿瑪的後宮生活」，和「鬧一波大師」等國內外30多位知名插畫家聯合展出，讓民眾可以盡情徜徉在趣味插畫帶給大家的樂趣。(旅遊 / 2016-10-18 13:00),,0
ettoday,黃阿瑪後宮的鬥雞眼訓練 原來柚子也是鬥雞眼高手！,https://www.ettoday.net/news/20161010/790678.htm,2016-10-10 16:02,網路紅「喵」黃阿瑪和後宮們時常會在生活中發生一些逗趣好笑的事情，日前主人在粉絲專頁黃阿瑪的後宮生活中貼出一段影片，影片當中介紹到天生下來就是鬥雞眼的貓咪「浣腸」，並好奇其他後宮的貓咪能不能鬥雞眼，於是展開了一場爆笑的後宮鬥雞眼訓練。(寵物動物 / 2016-10-10 16:02),,0
ettoday,一根羽毛喵讓後宮為之瘋狂 「阿瑪」堅持不動好霸氣！,https://www.ettoday.net/news/20161001/785277.htm,2016-10-01 15:01,貓咪喜歡追逐會動的東西，小小一根逗貓棒就可以滿足貓主子的慾望，不過是否也能滿足網路紅「喵」黃阿瑪和後宮們呢？結果實測一根羽毛就讓後宮們為之瘋狂，但尊貴的阿瑪仍保有王者風範，雖然會玩但不會像其他貓一樣失控。(寵物動物 / 2016-10-01 15:01),,0
ettoday,黃阿瑪最愛「貓咪帳篷」 7樣道具2分鐘內簡單完成！,https://www.ettoday.net/news/20160930/784264.htm,2016-09-30 10:19,想要擁有「貓咪帳篷」讓家中的貓老大玩耍嗎？只要非常簡單的幾項步驟，以及很容易取得的材料，就可以自己DIY製作一個獨一無二的專屬空間，絕對會讓貓咪們愛不釋手，貓奴才們心動就不要猶豫，趕快動手吧。(寵物動物 / 2016-09-30 10:19),,0
ettoday,喵主子果然高冷！ 把拔狂呼叫...阿瑪背對甩尾：聽到啦,https://www.ettoday.net/news/20160920/778608.htm,2016-09-20 18:22,很多人都認為，養狗跟養貓有很大的不同，其中一點就是狗狗叫得來，但是貓咪無法，而你家喵主子是超黏人，還是千呼萬喚也請不來呢？粉專「黃阿瑪的後宮生活」就進行這項實驗，果然主子們都是高冷的！(寵物動物 / 2016-09-20 18:22),,0
ettoday,別把柚子皮戴喵星人頭上！ 味道刺鼻而且容易過敏,https://www.ettoday.net/news/20160914/775752.htm,2016-09-14 19:42,許多飼主都想跟毛小孩一起度過中秋節，把柚子帽戴在毛小孩頭上拍個應景照，但事實上貓咪並不喜歡柚子皮，「黃阿瑪的後宮生活」貼心提醒飼主，柚子帽最好不要給貓咪帶，除了氣味刺激，汁液可能會讓喵星人皮膚過敏紅腫。(寵物動物 / 2016-09-14 19:42),,0
ettoday,為什麼貓咪老愛跟我進廁所？ 「貓醫生」神回覆告訴你,https://www.ettoday.net/news/20160908/770929.htm,2016-09-08 12:52,家裡的貓咪怎麼會這樣？面對自家貓皇的種種行為，貓奴們總是在內心上演100種小劇場，關於貓和貓奴的各種問題，交給來來貓御醫！日本人氣漫畫家來來貓大和，邀請全日本第一位開設貓咪專門醫院的貓醫生鈴木針，一起從貓咪的視角來解析飼主們心中的各種問題，一針見血的毒舌回覆，斬斷貓奴們心中的三千煩惱絲，讓愛貓人大徹大悟。(寵物動物 / 2016-09-08 12:52),,0
ettoday,厚片阿瑪霸佔奴才的馬桶 死不讓位：你去用貓砂啦！,https://www.ettoday.net/news/20160903/768408.htm,2016-09-03 15:39,資深貓奴一定有一個共同的困擾，那就是家中貓咪總是喜歡躲在一些奇奇怪怪的地方，衣櫃上、洗衣籃裡、或是各種縫隙；有些貓咪還特別喜歡霸占洗手台跟馬桶蓋。「黃阿瑪的後宮生活」最近分享的生活小插曲，便是阿瑪死死霸佔著馬桶不給奴才狸貓用，經過一段時間的拜託和折磨，才勉強離開。(寵物動物 / 2016-09-03 15:39),,0
ettoday,貓愛滋不可怕！ 阿瑪奴才幫撒嬌「月精靈小黑」找主人,https://www.ettoday.net/news/20160827/763852.htm,2016-08-27 15:42,喵皇阿瑪的後宮最近多了一隻「小黑」，不過小黑是愛滋貓，沒辦法跟后宮沒有愛滋的貓咪們一起住，所以奴才志銘和狸貓希望找真正的「神奇寶貝大師」，把親人的小黑帶回家疼愛。奴才們請教猩猩狐狸動物醫院，與大家解釋「貓愛滋」，其實這樣的貓咪並不會傳染給人，而且照顧起來跟一般貓差不多。(寵物動物 / 2016-08-27 15:42),,0
ettoday,黃阿瑪：奴才的人生就是這樣 網友：一切都值得了！,https://www.ettoday.net/news/20160822/760348.htm,2016-08-22 15:28,黃阿瑪的後宮生活」粉專可愛又療癒的故事，擁有95萬粉絲高人氣，最近推的新片《奴才一天的生活 會遇到什麼狀況？》，解析「奴才們」與寵物相處時實際上會遇到的狀況，包括「明明飯還有卻一直叫」、「雖然可愛但養起來不簡單」，粉絲大喊「看到他們天真無邪的呆萌蠢樣，又覺得一切都值得了！」(寵物動物 / 2016-08-22 15:28),,0
ettoday,阿瑪不好好吃貓草偷看美女 Socles落跑：牠是大變態！,https://www.ettoday.net/news/20160813/754701.htm,2016-08-13 13:00,粉絲專頁「黃阿瑪的後宮生活」每個星期都會固定分享7貓趣事，這次的「Socles與阿瑪的午後～」就直擊了「色狼」阿瑪想偷偷接近黑美女Socles的過程；而Socles事後不斷和奴才碎碎念抱怨阿瑪的模樣也讓許多人笑歪，直說牠真的對阿瑪警戒心很大，「看到牠靠近就跑耶！」(寵物動物 / 2016-08-13 13:00),,0
ettoday,10題喵星人知識大問答！ 「貓奴」們能通過考驗嗎？,https://www.ettoday.net/news/20160802/742573.htm,2016-08-02 11:53,貓咪是現代人非常喜愛的寵物之一，牠們時而霸氣又時而可愛的舉動療癒了萬千貓奴的心，在臉書上也有許多關於貓咪的社團與知名粉絲團如「我是白吉」、「黃阿瑪的後宮生活」與「貓咪也瘋狂俱樂部 CrazyCat club」等等，現在我們就出了幾個小題目要來考驗貓奴們，快來玩玩看吧！(ET來了 / 2016-08-02 11:53),,0
ettoday,後宮夜生活直擊！柚子「鹹豬手」調戲浣腸 網：BL大好,https://www.ettoday.net/news/20160724/741347.htm,2016-07-24 12:58,知名粉絲團「黃阿瑪的後宮生活」時常分享7隻貓咪的日常生活，這次在Youtube上PO出影片《後宮夜間日常》，意外直擊柚子對浣腸伸出「鹹豬手」，三腳娘娘使出「抓抓功」，以及阿瑪「下腰」的有趣片段。(寵物動物 / 2016-07-24 12:58),,0
ettoday,7團「毛龍珠」比大小 阿瑪：再吵，朕就把廢毛全吃了,https://www.ettoday.net/news/20160714/735134.htm,2016-07-14 15:07,《黃阿瑪的後宮生活》8日推出影片「後宮除廢毛！毛量大評比」，各個主子反應不一，有的一臉鄙視除毛梳；有的立馬屁股翹高高的享受，最後將7個毛團龍珠排排站，一評真正廢毛之王是誰？也讓網友們可以一邊欣賞貓主子的療癒，一邊吸收伺候時的小常識。(寵物動物 / 2016-07-14 15:07),,0
ettoday,小白不會是最後一個 黃阿瑪：給「浪浪」們一個家！,https://www.ettoday.net/news/20160628/724660.htm,2016-06-28 20:59,黃阿瑪的後宮生活於粉絲團PO文「小白狗事件的省思：我們能為他們做些什麼？ | 奴才有感」，與網友分享對於陸戰隊小白虐殺事件的看法，提到了這是個不公平的世界，「只要有一個危險人物，就沒人能保證這些狗兒永遠平安。」也鼓勵大家領養「浪浪」，杜絕這類虐殺動物情況一再發生。(寵物動物 / 2016-06-28 20:59),,0
ettoday,朕命令你即刻購買！《黃阿瑪的後宮生活》LINE有聲貼圖,https://www.ettoday.net/news/20160628/724518.htm,2016-06-28 10:00,身為貓奴才一定景仰過牠的大名，堪稱網路上最紅的貓皇帝－《黃阿瑪的後宮生活》。黃阿瑪原本是隻浪浪，被奴才接回宮後從此被服侍的舒舒服服，累積至今已有兩位奴才、宮內七位臣子與突破86萬名臣服他粉紅肉球下的子民（粉絲人數），黃阿瑪在此更要大聲宣布：「朕的《LINE》有聲貼圖推出了！」(遊戲 / 2016-06-28 10:00),,0
ettoday,貓奴必學的三大功能！ 阿瑪：清貓砂是一輩子都要做的,https://www.ettoday.net/news/20160507/693693.htm,2016-05-07 14:51,貓咪和狗狗天性不同，不一定相當黏人，許多飼主會自嘲「貓奴」，因為貓咪看起來只當他們是奴隸。知名粉絲專頁《黃阿瑪的後宮生活》6日便推出「貓奴的功能影片」，闡述養貓人為貓咪做的3件事情，但辛苦忙完之後並沒有獲得貓主子的讚賞，反而都被認為是「應該做的」，俏皮呈現貓奴心境。(寵物動物 / 2016-05-07 14:51),,0
ettoday,「黃阿瑪」聖旨：虐待動物應重罰 子民們快來連署修法,https://www.ettoday.net/news/20160424/686254.htm,2016-04-24 17:42,雖然近年來愛護動物的觀念廣為流傳，但虐待事件仍時而有之，但即便不喜歡牠們也不需要加以傷害。知名粉絲專頁《黃阿瑪的後宮生活》23日便貼出原創圖文，呼籲網友一同連署虐待動物者加重罰則，讓毛小孩的生活更有保障。(生活 / 2016-04-24 17:42),,0
ettoday,香港書報攤活地標 「忌廉哥」將離開尖東讓粉絲淚崩！,https://www.ettoday.net/news/20160411/678426.htm,2016-04-11 22:17,香港一家書報攤的胖貓「尖東忌廉哥」一身奶油色的皮毛，懶洋洋趴在雜誌上睡覺、賣萌、裝憂鬱小生，風靡附近的上班族，還有遊客特地前往朝聖，圍著牠拍照，儼然成了「尖東活地標」。不過近來粉絲頁發布消息，書報攤即將歇業，忌廉哥很快會離開尖東，讓粉絲不捨祝福：「好好休息，我們會想你！」(旅遊 / 2016-04-11 22:17),,0
ettoday,你家主子是碎念or享受型？黃阿瑪被奴才摸摸的7種反應,https://www.ettoday.net/news/20160402/673879.htm,2016-04-02 12:22,知名粉絲團「黃阿瑪的後宮生活」不定時貼出療癒人心的喵喵日常，受到76萬多子民們的愛戴，昨日再推新片「貓咪摸摸反應大集合」，有主子爽到把屁股翹高高，但表情依舊冷靜；有的一摸立刻炸毛；還有自動喬好姿勢的好孩紙，然後狂送秋波「拜偷~不要停」。(寵物動物 / 2016-04-02 12:22),,0
ettoday,黃阿瑪的真情粉絲大問答 「後宮生活」你了解多少呢？,https://www.ettoday.net/news/20160401/673293.htm,2016-04-01 10:14,「黃阿瑪的後宮生活」是網路上的知名粉絲團，牠們不定時會po出不少貓咪的趣味生活，既可愛又療癒，也因此擁有不少粉絲，但對於這個溫馨的粉絲團，粉絲們了解多少呢？來試試這個簡單的小測驗吧！(ET來了 / 2016-04-01 10:14),,0
ettoday,三腳搖晃肚肚施展「抓抓功」 阿瑪「下腰」技能公開,https://www.ettoday.net/news/20160327/670367.htm,2016-03-27 17:29,記錄7隻貓日常生活為主軸的粉絲團「黃阿瑪的後宮生活」，25日推出新影片「後宮夜間日常」，影片中「娘娘」三腳想要從門外進入屋內，開始搖晃粉紅肚肚，施展密技，用抓子上下拍門，優雅又有節奏，臉上表情超萌，且持續了約20秒，讓粉絲們看完直呼「阿瑪的抓抓功終於後繼有人啦」。(寵物動物 / 2016-03-27 17:29),,0
ettoday,「朕會駕崩！」 喵星人黃阿瑪珍貴洗澡影片曝光！,https://www.ettoday.net/news/20160319/665708.htm,2016-03-19 12:49,許多貓咪非常不喜歡水，而養過貓的人都知道要幫貓主子洗澡很可能要經過一番折騰。擁有72萬子民的臉書粉絲專頁《黃阿瑪的後宮生活》18日推出「阿瑪洗澡記」影片，不僅有多年前的阿瑪洗澡影片回顧，還有近日阿瑪再度進入浴室視察的畫面，可愛的影片加上設計對白讓廣受網友好評。(生活 / 2016-03-19 12:49),,0
ettoday,貓星人拒絕面對體重 阿瑪只瘦0.3kg：朕不減肥了！,https://www.ettoday.net/news/20160312/661601.htm,2016-03-12 10:50,體重，一向是女人最大的秘密，對於有著「性感小肥肚」的貓皇上而言，這也是個公開就要斬頭的「國家機密」！擁有72萬子民的臉書粉絲專頁「黃阿瑪的後宮生活」11日分享新影片，要帶著大家一窺7隻貓咪的體重，只是大家都不願意面對殘酷的真相，阿瑪甚至在奴才的懷中瘋狂哀號，似乎決定要放棄減重計畫。(寵物動物 / 2016-03-12 10:50),,0
ettoday,台大聲明「虐貓僑生受驚嚇」 朱學恒痛批：爛透了！,https://www.ettoday.net/news/20160103/623873.htm,2016-01-03 15:19,台大陳姓澳門籍僑生涉嫌在台北市溫州街虐殺流浪貓「大橘子」，引發網友撻伐，而台大今天（3日）發表3點聲明中提到「陳生經此事件，亦受驚嚇」，讓宅神朱學恒氣憤PO文，「聲明文本體只有122字，結果描述陳生受到驚嚇的文就有42字」，痛斥「新年新爛透，台大榮獲年初冠軍」，而底下網友也是一片罵聲。 (生活 / 2016-01-03 15:19),,0
ettoday,台大僑生虐殺「大橘子」 1.4萬人連署要他退學！,https://www.ettoday.net/news/20160103/623762.htm,2016-01-03 10:46,台大化工系陳姓僑生涉嫌在台北市溫州街活活虐死流浪貓「大橘子」，訊後被警方依毀損、動保等罪嫌函送法辦，而這起虐貓事件也引發網友撻伐，有網友1日在臉書發起連署活動，訴求「台大立即開除陳姓學生」，截至3日上午，已有1.4萬人響應！對此，台大回應，將召開學生獎懲委員會，依規定進行懲處。(生活 / 2016-01-03 10:46),,0
ettoday,奴才請跪安！ 黃阿瑪2015史詩回顧 網推：剪指甲噴笑,https://www.ettoday.net/news/20160101/623244.htm,2016-01-01 19:50,擁有61萬「奴才」的黃阿瑪的後宮生活，一直以來都是許多人心靈需要接受療癒時的補藥，以抓抓功聞名的黃阿瑪總是被紀錄下最傲嬌的時刻，讓粉絲們看了都直呼「阿瑪我也願意被你蹂躪ε٩(๑> ₃ <)۶з」。在新年的第一天，黃阿瑪的粉絲專頁上就PO出「2015精彩大回顧」，6分鐘影片一次捕捉2015最萌時刻！(寵物動物 / 2016-01-01 19:50),,0
ettoday,「大橘子」找到了... 報案女老師嘆：台灣人心冷漠,https://www.ettoday.net/news/20160101/622996.htm,2016-01-01 08:41,台大化工系陳姓僑生涉嫌活活虐死流浪貓「大橘子」，昨日（12月31日）再次到案說明時坦承殺貓。不過，當時目擊一切又幫忙追人的王姓女老師，接受媒體採訪時提到，一路上其實有許多人車來往，但都沒有人伸出援手，「可見台灣人心太冷漠。」(社會 / 2016-01-01 08:41),,0
ettoday,台大僑生坦承殺害「大橘子」 醉月湖畔尋回貓屍體,https://www.ettoday.net/news/20160101/622966.htm,2016-01-01 00:41,澳門籍陳姓台大僑生涉嫌在台北市溫州街活活掐死街貓「大橘子」，引發各界憤怒與不滿，轄區大安分局31日掌握關鍵監視畫面，下午再度約談陳男到案，陳男坦承殺貓，並帶警方到台大醉月湖畔樹叢找回屍體。(社會 / 2016-01-01 00:41),,0
ettoday,「大橘子」受虐畫面曝光 議員追究拖延26小時動保漏洞,https://www.ettoday.net/news/20151231/622833.htm,2015-12-31 19:46,台北市大安區溫州街28日發生台大僑生虐貓事件，民怨高漲！街貓「大橘子」親人撒嬌，卻疑似被陳姓外籍生活活掐死；而目擊者王小姐當天下午5時向大安分局羅斯福路派出所報案，卻被拒絕受理，整整拖延26小時才受理偵查，導致大橘子至今仍未尋獲屍體，便無直接證據證明陳嫌殺貓。議員簡舒培在31日上午招開記者會，究責動保處與警方失職，大安分局也對此解釋和道歉。(寵物動物 / 2015-12-31 19:46),,0
ettoday,「洗腦聖誕歌」！朕開嗓7貓喵到底萌合唱 貓奴狂重播,https://www.ettoday.net/news/20151224/618946.htm,2015-12-24 22:52,最萌聖誕歌！人氣喵星人「黃阿瑪的後宮生活」，平安夜特別推出一段影片向60萬子民道賀，主人剪輯家中7隻愛貓平時的影片，拼成一曲《我們祝你聖誕快樂》，只見牠們配上旋律開嘴喵叫，好像真的在唱歌一樣，表情超犯規，療癒大票網友，狂讚「皇上的聲音果然不一樣，有霸氣」，瞬間瘋傳臉書！(寵物動物 / 2015-12-24 22:52),,0
ettoday,貓咪剪指甲激動反應分7種 搞翻奴才抓都抓不住,https://www.ettoday.net/news/20151120/600564.htm,2015-11-20 23:20,幫貓咪剪指甲向來是一大挑戰，《黃阿瑪的後宮生活》粉絲團20日上傳一部幫家中貓咪剪指甲的逗趣影片，標注5級難易程度，還仔細分出7種類型，難度最低的「招弟」直接癱軟在主人身上，「三腳」則是瘋狂哀嚎邊扭邊踢，還有一隻「嚕嚕」必須要先戴上頭套、兩個人合力抓住才能完成。(寵物動物 / 2015-11-20 23:20),,0
ettoday,沒有人類反而回歸自然 福島阿松與小白、玳瑁的小確幸,https://www.ettoday.net/news/20151008/576445.htm,2015-10-08 00:48,「因為沒有了人類，很諷刺的是這塊土地變得充滿自然。」日本攝影師太田康介自從2011年3月後，開始深入福島核災警戒區，長期拍攝「被遺忘的動物們」。但是在人們為了福島問題爭得面紅耳赤時，55歲的松村先生（阿松）還有兩隻貓：小白、玳瑁，竟然在這片空無一人的土地，過著單純又美好的日子。(寵物動物 / 2015-10-08 00:48),,0
ettoday,朝聖黃阿瑪的「萬睡王朝」 揭露後宮7成員溫馨小故事,https://www.ettoday.net/news/20151006/575465.htm,2015-10-06 17:17,自詡為貓奴的網友一定認識「黃阿瑪」，由於愛講話又傲嬌的個性，和一個「被紙箱背叛」的影片爆紅，粉絲專頁累積了34萬子民，而且還在迅速增加中。近日奴才狸貓和志銘為愛貓們出的書《黃阿瑪的後宮生活-阿瑪建國史》中，也揭開了後宮們還不為粉絲所知的一些神秘面紗，讓大家直呼「好過癮」！(寵物動物 / 2015-10-06 17:17),,0
ettoday,黃阿瑪的後宮建國史 細說從乾癟浪浪變「幸福肥皇上」,https://www.ettoday.net/news/20150930/572455.htm,2015-09-30 17:50,人氣貓黃阿瑪因為一個壓垮紙箱的影片爆紅，粉絲專頁「黃阿瑪的後宮生活」也已經累積約34萬名粉絲，近日奴才「狸貓」和「志銘」更幫阿瑪和後宮6名成員出了一本書，《黃阿瑪的後宮生活－阿瑪建國史》以阿瑪為主角，詳細記錄奴才和阿瑪認識的經過，及建立後宮的過程！(寵物動物 / 2015-09-30 17:50),,0
ettoday,商業周刊／32萬人追捧 「黃阿瑪」暴紅經營術,https://www.ettoday.net/news/20150908/561688.htm,2015-09-08 21:42,一隻被棄養的流浪貓、兩個平凡的年輕宅男，如何打造出「喊水會結凍」、擁有32萬「子民」的阿瑪王國？(寵物動物 / 2015-09-08 21:42),,0
ettoday,寵物友善協會推廣APP 「捐血任務」服務助毛小孩活命,https://www.ettoday.net/news/20150521/509520.htm,2015-05-21 08:00,寵物友善協會推出APP提供「捐血任務」服務協助有需求的家長。另外將在5月23日（星期六）下午13：20，於信義ATT廣場舉行快閃系列活動。大學生們穿著動物裝吸引眾注意，推廣「寵物捐血資料庫」，此外更利用快問快答的方式，倡導正確觀念，答對者則贈送飼料包、罐頭、零食包等豐富獎品。(寵物動物 / 2015-05-21 08:00),,0
ettoday,「架」崩了！喵星人黃阿瑪遭紙箱背叛整隻「滑落去」,https://www.ettoday.net/news/20150331/486183.htm,2015-03-31 08:00,每個人都有不堪回首的往事，貓也不例外。人氣喵星人「黃阿瑪」原本身材苗條，喜歡趴在一個紙箱上享受君臨天下的感覺，但隨著體重日漸上升，紙箱慢慢地無法支撐，有一天紙箱終於背叛了阿瑪，害牠整身龍體「滑落去」，爆笑一瞬間不但被貓奴錄下來，還重播無數次，讓粉絲看了爆笑不已表示「還不護駕！」(寵物動物 / 2015-03-31 08:00),,0
ettoday,貓奴一句話「吃飯」 四隻喵全數衝向餐廳！,https://www.ettoday.net/news/20150129/460385.htm,2015-01-29 14:00,「喵星人」的使命是統治地球，當然必須學點人話囉！臉書粉絲團「黃阿瑪的後宮生活」分享一段影片，畫面中四隻喵星人原本各自慵懶，有的在桌子上漫步，有的趴在椅子上悠悠哉哉；沒想到貓奴一喊關鍵字「吃．飯！」四隻貓馬上起身衝向餐廳，圍繞著貓奴替牠們加飼料。(寵物動物 / 2015-01-29 14:00),,0
ettoday,雙12優惠！KKday推山林秘境一日遊1212元 KLOOK獨賣最嗨山線春浪,https://www.ettoday.net/news/20211209/2142503.htm,2021-12-09 17:49,雙12即將到來，旅遊電商KKday將於雙12當天祭出限時12小時快閃，包括人氣戶外秘境體驗限時1212元，或單筆消費滿額也可現折1212元，同時官網另推出「獨家雙12限定套票」，全通路僅在KKday獨家銷售，優惠下殺6.6折起。(旅遊 / 2021-12-09 17:49),,0
ettoday,彩虹光雕秀今晚登場！還有市集「塔羅占卜」、五星住宿券抽獎,https://www.ettoday.net/news/20211028/2110723.htm,2021-10-28 09:50,台北市府彩虹光雕秀今（28日）晚6點開跑！北市府觀傳局規劃一連10天的「以愛為名 由愛成家」彩虹光雕秀，5分鐘的光雕主秀分為5大章節，現場更有逾10攤彩虹市集及五星飯店住宿券抽獎。(旅遊 / 2021-10-28 09:50),,0
ettoday,地震後叫外送…正妹門突開不了 外送員上樓「神救援」 網求後續,https://www.ettoday.net/news/20211025/2108582.htm,2021-10-25 00:58,週日一場大地震，嚇壞不少民眾。一名正妹發文表示，自己叫外送，沒想到要下樓去拿時，門卻疑似受到地震影響，突然開不了，幸好好心的外送員上樓幫忙，才讓她可以開門。不少網友大讚「看來是適合當消防員的外送員呢！」 (生活 / 2021-10-25 00:58),,0
ettoday,來臺北彩虹觀光！與變裝皇后搭觀巴、賞光雕抽好禮 6大特色3大亮點一次看,https://www.ettoday.net/news/20211021/2102176.htm,2021-10-21 10:00,臺灣於2019年成為亞洲第一個同婚合法化的國家後，臺北作為性別友善之都，也於多處展現城市的友善平權，除了有最盛大的同志遊行，去年開始推出一系列Color Taipei活動，深受民眾好評，今年將延續並擴大辦理，共有6大特色、3大亮點，邀請大家10、11月來臺北體驗一場最Color的彩虹觀光！(生活 / 2021-10-21 10:00),,0
ettoday,「彩虹光雕秀」10／28起點亮北市府！一日遊599元再送好禮包,https://www.ettoday.net/news/20211005/2094397.htm,2021-10-05 12:16,在「2021大稻埕情人節」煙火秀10/16登場後，從10/28起至11/6，台北市府前廣場每晚6點至9點將有「彩虹光雕秀」，連續5分鐘點亮台北夜之美，來信義區逛街、用餐時可別錯過；想搭彩虹觀光巴士遊台北景點，含變裝皇后導覽、Wonder bar簡餐、彩虹好禮包、西門紅樓100元飲料抵用券等，成人票一人只要599元。(旅遊 / 2021-10-05 12:16),,0
ettoday,春風再度聯名黃阿瑪！萌翻「環島趴趴走」全台玩透透 網友狂推：哪次不買爆？,https://www.ettoday.net/news/20211004/1969355.htm,2021-10-04 12:00,今年2021年，黃阿瑪召集所有「後宮成員」再度重磅回歸「春風包裝」，合力聯名推出「揪瑪民多人一起玩」的「環島趴趴走」桌遊，只想用新台幣下架的可愛設計，讓許多商家一鋪貨就被熱情的粉絲下架，買到的人「春風滿面」，晚來搶不到的人更是發出狂吼誓言，「哪次不買爆？」、「這款一定要收！」(消費 / 2021-10-04 12:00),,0
ettoday,呼叫貓奴！木槿花x黃阿瑪聯名系列暖宮貼、暖腳套登場啦！舒緩你的經期、手腳冰冷不適,https://www.ettoday.net/news/20211001/2080961.htm,2021-10-01 11:00,相信有經痛的女孩一定對木槿花這個品牌並不陌生，每當生理期來痛到打滾時，很需要他們家的暖宮系列商品平時在寶雅門市、大樹藥局、MOMO網路商城等也都能看到木槿花商品的蹤跡，這回20周年慶與國民貓咪「黃阿瑪的後宮生活」跨界合作推出聯名暖宮貼及暖腳套造成貓奴轟動。(消費 / 2021-10-01 11:00),,0
ettoday,LINE「上班族小劇場」貼圖限時3折！ 12組貼圖18元帶回家,https://www.ettoday.net/news/20210820/2060742.htm,2021-08-20 17:44,LINE推出「上班族小劇場」貼圖限時3折活動，自8月20日起至8月23日止為期三天，包含貓奴們最愛的「 黃阿瑪的後宮生活-不想上班篇」、還有人氣超高的「 微笑的羊駝-微型」、「Aida&Kiki-敷衍系列」等12組超人氣貼圖。(財經 / 2021-08-20 17:44),,0
ettoday,三腳化身「自動產毛器」 奴才梳1hrs驚見巨大毛球：平時都躲哪？,https://www.ettoday.net/news/20210625/2015664.htm,2021-06-25 17:39,為什麼貓咪都喜歡藏在紙箱裡呢？看到貓咪腳掌上的肉球，是不是也忍不住想按下去；以及每到換季，怎樣也揮之不去的貓毛…。(寵物動物 / 2021-06-25 17:39),,0
ettoday,手搖飲品牌瘋聯名 話題製造機獎落誰家？,https://www.ettoday.net/news/20210518/1984512.htm,2021-05-18 09:00,"根據財政部統計資料庫顯示，台灣飲料店家數在2020年底達20,821家，年成長率達16%，顯示台灣飲料市場仍有相當大的成長空間。接下來就將探討這些人氣飲料店的行銷秘訣，他們究竟推出什麼樣類型的活動成為大眾焦點？(行銷雲 / 2021-05-18 09:00)",,0
ettoday,再這樣愛亂跑出門就毀這個家！ 阿瑪奴才3招守護後宮和平,https://www.ettoday.net/news/20210416/1961693.htm,2021-04-16 15:30,相較於後宮的其他貓咪，阿瑪算是比較獨立的，雖然偶爾也會有些調皮任性需要人陪，但對他來說，「奴才不在家」這件事應該不至於到「使他產生焦慮」的地步，通常這時候，我們會比較擔心的是：「他是不是有吃飽了？」(寵物動物 / 2021-04-16 15:30),,0
ettoday,餓了容易脾氣暴躁！ 貓奴知識：貓咪減肥要注意的3件事,https://www.ettoday.net/news/20210403/1763209.htm,2021-04-03 07:57,關於貓咪減肥，大致上的方法就是少吃多運動，這應該是大家都知道的概念，因為後宮貓咪們的減肥成效，實在是不怎麼好，我們就不一一詳述減肥方法了（實在丟人現眼），相關資訊應該網路上都查得到，或是找獸醫師詢問應該也都會有很好的建議，希望大家的毛小孩都能有勻稱健康的體態，千萬別跟阿瑪看齊啊！(寵物動物 / 2021-04-03 07:57),,0
ettoday,「黃阿瑪的後宮生活」首次路跑！3公尺大型氣偶 紀念物資超萌,https://www.ettoday.net/news/20210319/1942012.htm,2021-03-19 17:21,超過600萬粉絲追蹤的人氣貓咪「黃阿瑪的後宮生活」首次舉行大型路跑活動，號召百萬「瑪民」參與，現場除了有近3公尺大型氣偶、5公里的Fun Run趣味路跑、舞台活動，還有遊戲關卡、市集吃喝攤位，更套別設計15款物資和加購單品，不過主辦也強調「真貓不會出席喔！」(生活 / 2021-03-19 17:21),,0
ettoday,橘貓躲「保護色窗簾」隱形失敗 網笑翻：手手出賣你,https://www.ettoday.net/news/20210122/1904723.htm,2021-01-22 16:41,「你看不見我...你看不見我...。」高雄有隻橘貓「奶茶」平時超愛纏著虎斑貓哥哥「阿肥」，這天牠為了吸引哥哥玩鬧，躲在窗簾後面靜靜凝視對方。照片中奶茶利用保護色躲在白橘相間的窗簾後，2隻手手卻從底下露出來，讓網友笑翻表示，「你的手手出賣你了啦！」(寵物動物 / 2021-01-22 16:41),,0
ettoday,阿寶、老皮杯套必收！「清心福全X探險活寶」聯名了 還有療癒吊飾,https://www.ettoday.net/news/20210115/1899302.htm,2021-01-15 11:45,阿寶、老皮粉快看過來！繼去年找來國民貓咪「黃阿瑪的後宮生活」合作後，人氣手搖杯「清心福全」今年搶先攜手超無厘頭卡通「探險活寶」推出全新聯名活動，不僅打造27款故事圖樣紙杯，還有多種周邊小物，必收的絕對非老皮、阿寶、嗶莫造型飲料提袋，可愛到不行，另外也有公仔吊飾、貼紙等，通通超欠收。(旅遊 / 2021-01-15 11:45),,0
ettoday,學黃阿瑪DIY假腳！她見貓皇買單超嗨 網跪求「吸喵神腿」教學,https://www.ettoday.net/news/20210104/1890997.htm,2021-01-04 17:19,「喵：大膽奴才還敢騙朕！」飼主重曉荷日前看黃阿瑪製作假腿的影片後，便想自己DIY做 人造腿來吸引貓咪。在假腿完成後，果真深受主子青睞，讓她忍不住po文分享並笑說，「捉到貓咪啦！」(寵物動物 / 2021-01-04 17:19),,0
ettoday,張國煒執飛！星宇航空「雙城號」起飛 大啖冰淇淋再逛限定市集,https://www.ettoday.net/news/20201219/1879995.htm,2020-12-19 16:08,星宇航空「雙城號」微旅行2.0登場！JX8063台北-台南航班由星宇航空董事長親自執飛，而首班出發的JX8061航班飛朝北航經日本宮古島，接著沿台灣東岸飛行，抵達台南機場後除可現吃台南美食，還能逛限定市集。(生活 / 2020-12-19 16:08),,0
ettoday,寶可夢迷必收！小7集點送11/4開跑 同步推黃阿碼、KITTY療癒周邊,https://www.ettoday.net/news/20201030/1843027.htm,2020-10-30 12:22,寶可夢粉絲必收！看準寶可夢（POKEMON）深受男女老少的喜愛，7-ELEVEN全店將於11月4日下午15點起推出「寶可夢限量週邊精品集點送」，包括實用的滑鼠墊、居家療癒系抱枕、皮卡丘小椅凳，只要6點加199元至300元起即可換購，同步也開賣「黃阿瑪的後宮生活」、「迪士尼轉轉花生」、「Hello Kitty生活周邊用品預購」等全新生活小物。(消費 / 2020-10-30 12:22),,0
ettoday,貓奴們尖叫！「清心福全X黃阿瑪」超療癒聯名來了 超萌貓咪大頭杯套必收,https://www.ettoday.net/news/20200930/1821416.htm,2020-09-30 11:46,手搖飲聯名再一發！繼可不可熟成紅茶找來超人氣寶可夢合作後，清心福全也宣布和國民貓咪「黃阿瑪的後宮生活」聯名了，全台門市不僅可以看到可愛的黃阿瑪出沒，首波更祭出9款聯名杯，還有必收的療癒阿瑪與後宮們的大頭造型提袋，10月1日起陸續登場。(旅遊 / 2020-09-30 11:46),,0
ettoday,金曲組合「氣質路線」失敗 開唱狂噴垃圾話...揪百萬網紅獻處女秀,https://www.ettoday.net/news/20200922/1815268.htm,2020-09-22 21:50,曾獲第26屆金曲獎「最佳演唱組合獎」的慢慢說，20日舉辦《生活來點Soul》演唱會，慢慢說表示：「2020年發生了很多事情，希望大家可以透過我們的音樂得到撫慰。」雖然開場時他們想走氣質路線，但仍不改歡樂的本性，時不時跟台下說著各種玩笑話、垃圾話，慢慢說希望不僅能撫慰大家，也能帶給大家歡笑。 (影劇 / 2020-09-22 21:50),,0
ettoday,台北市100歲了！與「黃阿瑪」推復古禮盒 打卡送每日限量悠遊卡貼,https://www.ettoday.net/news/20200921/1813839.htm,2020-09-21 11:13,台北市100歲生日快樂！台北自1920年實施市制，至今已邁入第100年，台北市政府觀光傳播局特別與台灣原創知名圖像品牌「黃阿瑪的後宮生活」攜手策劃「黃阿瑪相遇1920臺北市」特展，於台北探索館爆萌展出至2020年底，並且加碼推出超可愛「復古禮盒」，以及拍照打卡送悠遊卡貼等活動，讓民眾感受1920年代台北市的建築風貌與市民生活日常。(政治 / 2020-09-21 11:13),,0
ettoday,善耕365／老貓咪的悲歌：從咪可思看貓咪長照的生命課,https://www.ettoday.net/news/20200914/1792115.htm,2020-09-14 18:09,人會老，貓咪也會。你關注過貓咪的長照議題嗎？ 近年來養貓咪風行，許多人喜歡在社群上po上可愛的照片曬貓咪，卻有一群貓咪始終等不到新主人。這些不被領養的貓咪….只因為牠們老了，像人一樣，會失能、漏尿、腎臟病…….(寵物動物 / 2020-09-14 18:09),,0
ettoday,免費吹冷氣逛展！「熊讚辦公室、黃阿瑪1920特展」都在這,https://www.ettoday.net/news/20200823/1791394.htm,2020-08-23 14:21,圓滾滾的身軀、逗趣的動作，北市府吉祥物「熊讚」終於有自己的辦公室了！除了讓民眾窺探熊讚辦公空間，更有獨家的幾何版熊讚圖素設計，打造熊讚紀念品旗艦店，讓熊粉們逛飽買滿。而台北探索館正展出「黃阿瑪相遇1920臺北市特展」，也能免費入場參觀。(旅遊 / 2020-08-23 14:21),,0
ettoday,相遇1920台北市 台北探索館小志工研習營20日開放報名,https://www.ettoday.net/news/20200719/1764133.htm,2020-07-19 10:11,一年一度的台北探索館「小志工研習營」來了！今年適逢台北設市一百週年，台北探索館針對喜歡文化歷史、對導覽有興趣的小朋友，舉辦《相遇1920台北市－台北城市古今巡禮》小志工研習營，20日起開放國小四至六年級學童網路報名，正取60名，通過研習後，將有機會擔任探索館正式小志工。(生活 / 2020-07-19 10:11),,0
ettoday,集合啦「黃阿瑪」運動會！入手衛生紙做超Ｑ勞作 邀貓皇、奴才甩肉動起來,https://www.ettoday.net/news/20200713/1755726.htm,2020-07-13 17:25,防疫期間貓奴終於有理由不出門，不過每天在家快樂嚕貓，無意間是不是和主子一起變胖了？在貓奴心中已經列為「必收藏」的春風衛生紙，近期再度推出2款主題包裝，一樣具備療癒DIY的設計，這次更是要讓胖一圈的奴才動手做勞作，再陪圓滾滾的貓皇一起動ㄘ動！(消費 / 2020-07-13 17:25),,0
ettoday,X光也照不出！貓咪異食癖「線」最危險 隨腸道蠕動恐釀穿孔,https://www.ettoday.net/news/20200424/1699492.htm,2020-04-24 17:35,所謂「貓咪異食癖」，就是指有些貓喜歡吃他們不能吃的物品，最常見的就是塑膠、布類、泡綿、或是線類，但是我們不太可能24 小時每個片刻都盯著他們，如果是親眼見到貓咪吃下，或是像我們看到耳塞這類的殘骸，甚至是伴隨著排泄物排出，那就是可以確定貓咪吃下異物的徵兆，必須緊急送醫，或是仔細觀察有無異狀表現；除此之外，貓誤食異物還有很多可能發生的病徵，像是出現試圖把異物吐出的動作、嘔吐、拉肚子，或是食欲不振等等，都有可能是因為誤食異物所導致。(寵物動物 / 2020-04-24 17:35),,0
ettoday,居家防疫多讀書！蔡英文點名3人接力分享書單 19本選書曝光,https://www.ettoday.net/news/20200226/1654606.htm,2020-02-26 15:35,台北國際書展因新冠肺炎疫情影響而延期，但文化部力倡「書展延期閱讀不停息」，總統蔡英文24日在臉書po文分享近期正在讀的書單，並呼籲「居家多讀書，防疫一起來」，同時點名前立委洪慈庸、Youtuber阿滴、資深媒體人范琪斐接力響應，3人收到邀請後陸續把書單開出來，加起來共19本書，可作為選書參考。(消費 / 2020-02-26 15:35),,0
ettoday,養螞蟻也能當網紅！ 盤點「4個非人類Youtuber」…百萬奴才全瘋狂,https://www.ettoday.net/news/20200124/1608731.htm,2020-01-24 04:00,你是狗派？還是貓派？近年來各類型Youtuber竄起，為人們帶來新的觀看體驗，而紀錄寵物成長過程的頻道，如《黃阿瑪的後宮生活》、《連環泡有芒果》等的訂閱人數也是居高不下，透過鏡頭代替滿足無法親自飼養寵物的缺憾，而影片中動物們的蠢萌樣也撫慰了繁忙都市人的心，得以在這競爭的網紅世界殺出一條血路。(影劇 / 2020-01-24 04:00),,0
ettoday,麥當勞薯來堡強勢回歸！重量級聯名黃阿瑪獻唱2020主題曲 網哭：真的是厚實萌樣,https://www.ettoday.net/news/20200119/1628155.htm,2020-01-19 19:00,「新春開鼠來、鼠年行大運」，新年就是要來一首數來寶來為這一年帶來好彩頭！除了數來寶外，應景的吉祥菜也絕不可少，春節期間限定的麥當勞「金迎招財薯來堡」就是所有粉絲敲碗期待的好美味。濃厚的黑胡椒醬配上酥脆薯餅的好口感終於強勢回歸，期間限定從1月15日開賣到2月25日結束。(消費 / 2020-01-19 19:00),,0
ettoday,住土角厝相依為命！61歲兒養99歲母「老老照顧」超心酸...女神親送暖,https://www.ettoday.net/news/20200115/1626052.htm,2020-01-15 15:40,走進窄小巷子裡，61歲羅大哥與99歲黃阿嬤，住在四方老舊平房相依為命，黃阿嬤有數名子女，大多都居住在外縣市，無法常回家陪伴，隨著阿嬤體力、腿腳開始退化，走路需要柺杖輔助和攙扶，大多時間都能坐在輪椅上，羅大哥辭掉工作一肩扛起照顧媽媽的日常起居。(健康 / 2020-01-15 15:40),,0
ettoday,相遇十週年！黃阿瑪後宮生活超胖LINE貼圖登場 邊用絕對邊喊「好想捏」,https://www.ettoday.net/news/20191212/1598819.htm,2019-12-12 15:05,為了慶祝「遇見十週年」，黃阿瑪跟後宮要攜手推出「超胖版LINE貼圖」，除了有滿滿的胖貓霸佔你的LINE對話外，還有首次以「插畫X真貓」呈現的貼圖，各位奴才們，還不手刀下載一起隔著螢幕吸貓囉。(寵物動物 / 2019-12-12 15:05),,0
ettoday,商業周刊／台灣貓型人社會來臨 反映人們「宅懶獨」特質？,https://www.ettoday.net/news/20191204/1594408.htm,2019-12-04 17:14,貓咪帶頭衝，台灣「毛小孩」比「真小孩」多的時代即將來臨。 根據內政部與農委會數據推估，全台家貓與家犬總數，最快在2020年下半年，將首度超過15歲以下孩童數；2021年的台灣毛小孩總數將達近300萬隻的史上新高，比同期的孩童數多出12萬以上。(生活 / 2019-12-04 17:14),,0
ettoday,打趴蔡阿嘎、阿滴！台灣最夯YouTuber頻道排名曝 第一名驚呆網：他誰？,https://www.ettoday.net/news/20191202/1592421.htm,2019-12-02 16:00,近年來各類YouTuber紛紛崛起，從遊戲類、知識型、美妝到親子等通通有，近日就有網友整理出這些創作者近30日的影片觀看量，排名結果卻出乎觀眾意料。(生活 / 2019-12-02 16:00),,0
ettoday,台灣貓黨也推「不分區名單」！ 各「候選貓」名單一覽：牠當然是院長,https://www.ettoday.net/news/20191121/1584842.htm,2019-11-21 16:22,2020有這個黨派撐著，台灣絕對有希望！臉書粉絲專頁「台灣貓黨 Cat Party Taiwan」今日張貼一張照片，宣布「第10屆全國不分區及僑居國外國民立法委員候選人提名名單及排名順序表」，其中「石虎」不只名列不分區第一名，更被推選為立法院長；貓黨表示，這份打假除亂的不分區名單，在最黑暗的時刻可愛，守護台灣貓黨。(寵物動物 / 2019-11-21 16:22),,0
ettoday,歡慶國際黑貓日！愛撒嬌領養率卻極低 其實牠們是消災守護神,https://www.ettoday.net/news/20191027/1566208.htm,2019-10-27 12:58,每年10月27日被訂為國際黑貓日，這群毛茸茸的黑貓有著炯炯有神的雙眼，搭配深色皮毛和愛撒嬌的特質受到貓奴喜愛，但也因為花色緣故，被冠上莫須有的迷思，往往在收容所中領養率最低。其實牠們在許多國家被視為幸運的象徵，甚至還成為消災避邪的守護神。 (寵物動物 / 2019-10-27 12:58),,0
ettoday,台灣百大影響力網紅「1歲蔡桃貴穩坐冠軍」！海放老爸和一票哥姐,https://www.ettoday.net/news/20191003/1548452.htm,2019-10-03 08:57,《數位時代》網站2日晚間8點開始舉辦「2019台灣100大網紅人氣票選」，短短半天之內就有一人直接「海放」所有參賽者，票數超高，甚至打敗「網紅鼻祖」蔡阿嘎！原來目前的冠軍就是蔡阿嘎的高人氣兒子蔡桃貴，才1歲2個月的他就吸引眾多粉絲，難怪直接超越一票叔叔阿姨。(生活 / 2019-10-03 08:57),,0
ettoday,黃阿瑪親征高雄 孫推80歲輪椅阿嬤等4小時面聖「我場場到」,https://www.ettoday.net/news/20190426/1431439.htm,2019-04-26 18:19,網紅《黃阿瑪》被稱為貓咪界的皇上，這一次配合限量扭蛋公仔的活動南下高雄，自稱貓奴的志銘與狸貓也來舉辦簽名見面會，就連80歲的老阿嬤也相當瘋狂，請孫女推著輪椅來到現場，就算等了4個小時也不喊苦，阿嬤說只要能看到《黃阿瑪》就很開心了。(生活 / 2019-04-26 18:19),,0
ettoday,一次攻下熱銷書榜5席次 百萬網紅黃阿瑪根本是喵界霸主,https://www.ettoday.net/news/20190403/1414391.htm,2019-04-03 11:15,4月4日除了是兒童節，也是台灣「貓節」。網路書店首度公開「喵星人」熱銷排行TOP10，黃阿瑪不愧是百萬網紅，新舊作品一口氣攻佔書榜上5席次，系列作品合計總銷量超過3萬冊，反應出牠在貓界的領導力。(消費 / 2019-04-03 11:15),,0
ettoday,影／布局曝光！理科太太要賣飲料、青春痘藥？註冊「12類商標」智慧局回應了,https://www.ettoday.net/news/20190401/1412343.htm,2019-04-01 03:44,YouTuber理科太太（陳映彤）因拍影片介紹子宮頸癌自我篩檢套組，違法代言醫材，成為首位遭台北市衛生局裁罰20萬元的網紅，她日前才向經濟部智慧財產局以「理科太太」、「理科先生」申請12筆商標註冊，包括香水、青春痘藥、飲料、影片製作等，官方回應，目前至少要排5個月才可能審查核准。(生活 / 2019-04-01 03:44),,0
ettoday,狸貓爆「阿瑪不是橘貓！」多年修片技巧曝光 網驚：是哆啦A夢,https://www.ettoday.net/news/20190330/1411458.htm,2019-03-30 14:37,知名Youtube頻道「黃阿瑪的後宮生活」是由橘白貓黃阿瑪為首，經常分享7位主子的日常生活。2位奴才志銘與狸貓日前突然公布「多年秘密」，直指阿瑪其實不是橘貓，而是藍色的，同時曝光一直以來的修片技巧，還邀請到許多曾到後宮拍攝的嘉賓出面說明。 (寵物動物 / 2019-03-30 14:37),,0
ettoday,超欠買！「黃阿瑪」衛生紙爆可愛 全聯獨家販售買一送一,https://www.ettoday.net/news/20190314/1399439.htm,2019-03-14 18:20,準備好採購衛生紙了！擁有130萬粉絲的明星貓咪-黃阿瑪，日前幫衛生紙品牌大廠春風代言，還推出抽取式衛生紙，包裝上印有黃阿瑪圖像，超級療癒。而該產品目前僅在全聯獨家販售，業者還限時推出買一送一優惠活動。(消費 / 2019-03-14 18:20),,0
ettoday,春風X黃阿瑪再進化！霸氣小披風萌到沒天理 朝聖貓奴全跪了,https://www.ettoday.net/news/20190221/1378178.htm,2019-02-21 10:30,迎接過年前，各家媒體不免盤點去年各種話題熱潮，尤其跨界聯名更是佔盡版面，像是名牌鞋款、女神彩妝等。不過對於超務實的貓奴而言，跟過哪些熱潮完全不重要，但一定要囤過春風聯名黃阿瑪的超Ｑ衛生紙，2018年才算對得起家裡的貓皇主子！(消費 / 2019-02-21 10:30),,0
ettoday,主人收到榴槤怕死 貓皇舔一口「好吃❤️」整碗端走,https://www.ettoday.net/news/20181126/1316091.htm,2018-11-26 13:32,榴槤對於喜歡的人來說是聖品，害怕的人則是避之唯恐不及，那寵物會不會喜歡吃榴槤呢？「黃阿瑪的後宮生活」日前就對家裡的7隻貓進行測試，有趣的是主人志銘和狸貓都超怕，把手中榴槤拿得遠遠地直說「臭」，反倒是柚子跟三腳聞到榴槤味就靠近，招弟甚至喜歡到猛吃。(影劇 / 2018-11-26 13:32),,0
ettoday,可愛炸！春風揪黃阿瑪輕鬆量身高、如廁遮羞羞 創意設計狂撩貓奴心,https://www.ettoday.net/news/20181112/1298339.htm,2018-11-12 10:30,運動、時尚品牌的聯名風潮，近年也延燒到生活用品，聯名對象不乏現在正夯的圖文創作，商品一推出，就讓粉絲大喊「卡哇伊」，乖乖掏錢買單！其中，又以「動物界網紅」的聯名商品最受大家歡迎，不管這些動物們表情可愛、白爛還厭世，可能都比「心靈雞湯」、「勵志小語」還能療癒忙碌現代人的心！(消費 / 2018-11-12 10:30),,0
ettoday,喵皇阿瑪擦屁股「胡言亂語」生氣大吼 網笑：以為在虐貓！,https://www.ettoday.net/news/20181111/1302049.htm,2018-11-11 09:13,朕的屁屁不是誰都能碰的！人氣粉專「黃阿瑪的後宮生活」貼出一則影片，內容是喵皇「阿瑪」因為拉肚子而被奴才抓著擦屁股，牠生氣的瘋狂喵喵叫，甚至開始語無倫次，淒厲的慘叫聲笑翻不少網友，最後奴才拿出貓草討好阿瑪，聖上才不再生氣。(寵物動物 / 2018-11-11 09:13),,0
ettoday,影／中秋應景戴柚子帽...少女汪罕見森77 阿嬤心疼「要女兒去道歉！」,https://www.ettoday.net/news/20180924/1265445.htm,2018-09-24 16:54,中秋節當天，有許多飼主會將剝好的柚子皮，當成帽子給毛孩戴在頭上，但牠們真的喜歡嗎？臉書粉絲團「米克斯波比的小劇場」日前分享一則貼文，內容是馬麻Queenie Huang將柚子皮放在愛犬波比頭上，但她發現波比似乎有點生氣，後來阿嬤知道後相當心疼，要求女兒要跟波比道歉。(寵物動物 / 2018-09-24 16:54),,0
ettoday,LINE推出刮刮樂中秋活動 價值超過500萬等你刮,https://www.ettoday.net/news/20180920/1262944.htm,2018-09-20 11:59,繼過年送紅包、端午節開運粽等節慶活動後，LINE台灣於今日起首度推出「刮刮樂中秋」活動，為用戶們獻上充滿中秋祝福的「刮刮卡」，邀請台灣用戶呼朋引伴一起來「刮」好禮。 (3C家電 / 2018-09-20 11:59),,0
ettoday,毛孩戴柚子帽大NG！ 氣味太刺激、柑橘油造成皮膚紅腫,https://www.ettoday.net/news/20180920/1262378.htm,2018-09-20 08:27,中秋前後一定要吃柚子應景，許多人把寵物當小孩，想用柚子皮來裝扮一番，往往忽略了柚子皮的氣味可能讓毛孩不舒服，長時間接觸還可能造成皮膚過敏、紅腫。 (寵物動物 / 2018-09-20 08:27),,0
ettoday,朕被出賣了！黃阿瑪「吃飽體重公開」 實測PBMI大暴怒,https://www.ettoday.net/news/20180622/1196641.htm,2018-06-22 16:32,人家不是胖，只是過得比較幸福！Youtube頻道「黃阿瑪的後宮生活」分享過去幫貓咪「黃阿瑪」計算PBMI值的影片，只見剛吃飽想睡的阿瑪被挖起來量體重，整個「龍顏大怒」，最後還被算出是「輕度肥胖」，讓牠氣得大叫「誅殺體重計九族！」(寵物動物 / 2018-06-22 16:32),,0
ettoday,聖結石輸了！2018最夯Youtube網紅「3天王稱霸」 網友驚呼不認識,https://www.ettoday.net/news/20180520/1173644.htm,2018-05-20 19:12,隨著4G行動上網普及，手機看影片成了民眾日常生活重要的休閒，也捧紅了無數Youtube創作者。《OpView社群口碑資料庫》17日公布2018年第一季網紅影響力報告，透過大數據統計熱度，Youtuber榜中由年輕人眼中的「3天王」稱霸，分別是小玉、放火和尊，但這結果也讓不少大學生網友吐槽，一個都不認識！(生活 / 2018-05-20 19:12),,0
ettoday,防禦+999！奴才買超長手套挑戰剪指甲 嚕嚕：奇怪，我動不了,https://www.ettoday.net/news/20180407/1141412.htm,2018-04-07 20:24,有長期追蹤「黃阿瑪的後宮生活」的粉絲應該都知道，在後宮當中，最難剪指甲的大概就是嚕嚕和浣腸，還有每次都愛哇啦哇啦叫的阿瑪，尤其是嚕嚕雖然愛撒嬌，但一剪指甲就忍不住想咬人。為了保護手臂嫩皮膚的和平，奴才們這次購入了專門在幫貓剪指甲時使用的超長手套，到底這次能不能成功避開嚕嚕的牙齒呢？(寵物動物 / 2018-04-07 20:24),,0
ettoday,「黃阿瑪後宮生活」奴才們無私分享10個用手機拍攝貓咪的技巧,https://www.ettoday.net/news/20180322/1135583.htm,2018-03-22 18:41,自由創作家「志銘」（許志銘）和「狸貓」（黃祥旭）在一次偶然的機會把曾是流浪貓的「黃阿瑪」帶回家之後，瞬間降低地位成為貓奴，隨後「黃阿瑪與其他6後宮」走紅 YouTube、Facebook、Instagram等各大社群平台，到底中間的影片跟照片怎麼製作的，此次，阿瑪的奴才們將對外公開他們製作秘方。(3C家電 / 2018-03-22 18:41),,0
ettoday,鞋帶對後宮貓咪有7大用處 招弟High到「解放」奴才秒崩潰,https://www.ettoday.net/news/20180310/1127595.htm,2018-03-10 18:42,砸大錢買貓用玩具，還比不上一條鞋帶在主子心中的地位。臉書粉專「黃阿瑪的後宮生活」日前回顧3年前後宮貓玩鞋帶的影片，一條簡單的鞋帶給貓咪們7大好處，其中連文靜的招弟都玩到放棄矜持，High到「就地解放」，讓狸貓秒崩潰直接飆髒話。 (寵物動物 / 2018-03-10 18:42),,0
ettoday,開心口唱「拜年歌」！皇阿瑪穿龍袍過年 腰內肉炸裂啦,https://www.ettoday.net/news/20180216/1115398.htm,2018-02-16 23:35,春節假期除了拿紅包沾沾喜氣，不少飼主也會幫寵物穿上新衣過新年。貓奴狸貓和志銘也準備各式各樣的服裝讓主子們換上，皇阿瑪先是穿龍袍和戴上小帽子，但尺寸不太合，從側邊看腰內肉整個炸裂，讓阿瑪瘋狂抱怨，「就說衣服太小啦啦啦啦」，整個怒到不行。(寵物動物 / 2018-02-16 23:35),,0
ettoday,後宮靈異事件？奴才常覺得肩膀很重 柚子你怎把人家當山爬！,https://www.ettoday.net/news/20180216/1115345.htm,2018-02-16 19:09,奴才們會不會常常覺得肩膀很重、需要去按摩師傅「桑」一下？「黃阿瑪的後宮生活」近日分享的影片中，奴才狸貓開玩笑說不知道最近到底怎麼了，肩膀都很重，是不是發生靈異事件？其實是柚子學會新技能，開始愛趴在牠們肩上「望春風」，不知道是不是這樣視野比較好？(寵物動物 / 2018-02-16 19:09),,0
ettoday,花蓮強震！擬定「毛孩逃生計畫」 植晶片防失散找不回,https://www.ettoday.net/news/20180207/1109263.htm,2018-02-07 11:45,強震讓許多人一夜難眠，更喚醒大家的防災意識，家裡有毛孩的飼主除了擔心自己，也開始思考「發生緊急危難時，怎麼帶寵物一起逃生？」專家建議，擬定逃生計畫平日練習、備妥救難包，更重要的是替毛孩戴上有聯絡方式的名牌和施打晶片，萬一失散才有機會重逢。(寵物動物 / 2018-02-07 11:45),,0
ettoday,蔡英文逛書展花6千元掃18本書 買書看到意外驚喜秒變貓奴,https://www.ettoday.net/news/20180206/1108645.htm,2018-02-06 15:37,第26屆台北國際書展正式展開，總統蔡英文今年親臨開幕儀式，致詞時表示「我們不大，我們的創意跟能量傲視亞洲，因為我們的政治民主、社會自由，各種不同的聲音都可以在這塊土地上激盪出不同的創意。」除了勉勵出版業者，她也到展場逛攤位買書，一口氣掃了18本，其中最意外的戰利品，讓她一秒變貓奴。(消費 / 2018-02-06 15:37),,0
ettoday,敢用屁屁壓朕？阿瑪搶椅子「布丁摔」 醫生彎腰道歉：拍謝！,https://www.ettoday.net/news/20180205/1107755.htm,2018-02-05 15:06,阿瑪前陣子肛門腺反覆發炎紅腫，到醫院開刀將肛門腺摘除並住院，卻從抗拒到適應環境，最後直接把醫院當作後宮的一部分。奴才還拍下阿瑪想霸占椅子，結果跳上去秒被擠落，當場「布丁摔」，讓誤傷龍體的醫生馬上從座位彈起來，彎腰抱牠並道歉「啊～～拍謝！」，讓奴才笑到不行。(寵物動物 / 2018-02-05 15:06),,0
ettoday,阿瑪住院洗屁屁！抗拒→拒絕回宮 「朕還沒吃到醫生的便當！」,https://www.ettoday.net/news/20180129/1101120.htm,2018-01-29 11:56,阿瑪因為肛門腺反覆發炎紅腫，在醫生的評估下於前陣子進行肛門腺摘除手術，但牠在術後的清潔和保養過程中非常不配合，奴才狸貓和志銘只好把他交給專業的，直接住院啦！阿瑪在住院的這幾天從抗拒到慢慢適應環境，最後竟然還會擋在走道上翻滾、甚至不想回家，讓奴才超傻眼，「牠竟然不想走！」(寵物動物 / 2018-01-29 11:56),,0
ettoday,巨無霸橘貓肚肚超垂 網友驚嚇：這是養到老虎嗎？,https://www.ettoday.net/news/20180114/1092494.htm,2018-01-14 16:18,網友「有錢倫」捧著「巨無霸橘貓」橘子，這隻貓咪看起來比正常體型大了3倍，肚子的垂垂肉非常壯觀。原來有錢倫是高雄餐廳「描屋」的老闆，店裡養了4隻貓咪，而橘子就是最胖的那隻。 (寵物動物 / 2018-01-14 16:18),,0
ettoday,逃不過菊花手術！阿瑪崩潰到燒聲 怎沒先跟朕討論啊啊啊,https://www.ettoday.net/news/20180113/1092037.htm,2018-01-13 17:38,不管是貓或狗，都有可能發生肛門腺阻塞、發炎等狀況。阿瑪從去年2月就被奴才發現牠的屁屁不太對勁，雖然都有持續治療，但卻不見起色。於是經過醫生評估之後，阿瑪在前陣子進行了肛門腺的摘除手術，過程中因為不舒服和緊張，牠不斷扭來扭去又抗議，讓奴才狸貓和志銘心疼到不行。(寵物動物 / 2018-01-13 17:38),,0
ettoday,養黑貓的困擾！太黑直接隱形 媽心急到處喊...牠貓咪問號,https://www.ettoday.net/news/20171123/1058015.htm,2017-11-23 19:14,網友Pearl Tsai這天載女兒上學回家後，平常會到門口迎接的黑貓「黑糖」竟然沒有出現，讓她覺得相當不尋常，在家裡又找又喊了半天，越來越焦急，「我嚇到以為黑糖跟在我身後出門了。」正準備奪門而出時，瞄到椅子上有亮亮的東西，定眼一看才發現黑糖一直以來都趴在那邊，一臉貓咪問號。(寵物動物 / 2017-11-23 19:14),,0
ettoday,有蜂蜜甜味！奴才用力吸眾貓「後腦杓」 驚呼：阿瑪是抹茶蛋糕,https://www.ettoday.net/news/20171120/1055762.htm,2017-11-20 16:28,聞過小動物的後腦杓嗎？每一隻都有獨特的氣味唷。粉專《黃阿瑪的後宮生活》17日PO出「試聞！貓咪是什麼味道？」影片，片中的奴才仔細聞遍眾貓，用直覺評斷出牠們後腦杓味道，各種無厘頭又貼切的口味笑翻眾多貓奴。(寵物動物 / 2017-11-20 16:28),,0
ettoday,差點掏錢買罐罐！鬥雞眼貓騙吃被超商店員抓包：牆角還很多沒吃,https://www.ettoday.net/news/20171117/1054095.htm,2017-11-17 12:07,台灣人最有愛心了！徘徊在超商的浪浪總是騙到許多罐罐！基隆網友今井茜去全家買東西時，看見門口坐著一隻鬥雞眼小貓，不停喵喵叫，好像很可憐、肚子很餓一樣。正打算掏錢買罐罐時，遭店員阻止，「不要再餵牠了～因為牠不吃，只想跟人家玩而已！」，並指向牆角地方「你看，牆角還有很多罐頭沒吃。」(寵物動物 / 2017-11-17 12:07),,0
ettoday,國際黑貓日！愛撒嬌領養率卻低 牠們其實是幸運的象徵,https://www.ettoday.net/news/20171027/1039833.htm,2017-10-27 12:53,10月27日是英國的愛貓機構訂定出的國際黑貓日，除了讓更多人拋開刻板印象之外，同時也希望鼓勵大家多多認養黑貓，其實牠們擁有許多令人喜愛的特質，愛撒嬌的程度完全不輸其他花色的貓，在許多國家更被視為幸運的象徵，而且養黑貓還有許意想不到的好處呢。(寵物動物 / 2017-10-27 12:53),,0
ettoday,睽違5年後又洗澡！ 阿瑪「濕身」狂喵：拿大便水洗朕？,https://www.ettoday.net/news/20171017/1032925.htm,2017-10-17 13:16,洗個澡而怎麼像叫得像是被虐待啦。臉書粉專「黃阿瑪的後宮生活」13日分享聖上沐浴的影片，睽違5-6年沒洗澡的阿瑪終於又洗澡了！這回牠仍然不改愛講話的本色，濕身就開始狂喵「朕會駕崩啊啊啊」。(寵物動物 / 2017-10-17 13:16),,0
ettoday,竟然給我偷溜！聖上要被抓回家了 絕望吶喊：朕不從啊～～,https://www.ettoday.net/news/20171010/1028502.htm,2017-10-10 11:44,我不要回家啊啊啊啊！日本一隻白橘色的胖貓這天早上趁著沒人注意的時候，偷溜出門玩耍+出巡，但沒想到沒過多久就被主人鈴木だんこ @dankosuzu「捕獲」，半拖半拉的帶回家，看牠一臉絕望又不情願的樣子實在有夠可愛，分享到推特上後就引起廣大迴響。(寵物動物 / 2017-10-10 11:44),,0
ettoday,奴才壞了～餵飯突然「時間暫停」 三腳從頭吃到尾...buffet耶！,https://www.ettoday.net/news/20170930/1022121.htm,2017-09-30 15:58,「時間暫停」這個哏，真的是玩不膩的遊戲啊！「黃阿瑪的後宮生活」這天也來挑戰，當餵飯到一半突然暫停不動時，貓咪們會有什麼樣的反應呢？有趣的是，三腳化身「吸塵器」，把掉在地上的飼料吃飽吃滿，讓狸貓忍不住崩潰阻止「妳不能再吃了啦！太胖了～～」(寵物動物 / 2017-09-30 15:58),,0
ettoday,後宮火災逃生演習！7貓裝洗衣袋 阿瑪森氣氣：放開眹,https://www.ettoday.net/news/20170919/1014324.htm,2017-09-19 18:15,災難時怎麼帶著喵星人逃走？黃阿瑪的後宮生活分享了妙招，利用「洗衣袋」快速打包喵星人，裝在袋子裡拎了就逃命，為了以防萬一還特地「實地演練」，不過裝完7隻貓咪後發現最大的難題是「貓咪肥嘟嘟太重啦」。 (寵物動物 / 2017-09-19 18:15),,0
ettoday,貓生好難...別人享受狂歡的夜晚 嚕嚕卻黯然自我對話,https://www.ettoday.net/news/20170831/1001110.htm,2017-08-31 15:57,除了人類，貓咪也是會有「生理需求」的。知名粉絲專頁「黃阿瑪的後宮生活」，25日分享一支新的影片，這回由「柚子」與「嚕嚕」領銜主演，兩名影帝完美演繹出「同樣的夜晚，不同的貓生」，如此曠世鉅作加上無可挑剔的演技，引起了眾多「子民」的迴響。(寵物動物 / 2017-08-31 15:57),,0
ettoday,拿起手手要按「液門穴」 阿瑪：是不是又想偷剪朕指甲！,https://www.ettoday.net/news/20170729/977274.htm,2017-07-29 15:12,「黃阿瑪的後宮生活」這次不剪指甲了，狸貓和志銘決定來幫阿瑪和其他貓咪來按摩！這次主要針對頭上的百會穴、印堂、絲竹空；雙手外側的液門穴以及肥美肚肚的丹田，以計分方式來看後宮貓咪們的接受度。(寵物動物 / 2017-07-29 15:12),,0
ettoday,黃阿瑪「屁股破」看太醫 擠肛門腺怒到狂喵：拖去斬！,https://www.ettoday.net/news/20170721/971610.htm,2017-07-21 20:28,貓咪的肛門腺可能會堵塞，造成腫脹、發炎等情況，嚴重甚至會穿孔！人氣粉專「黃阿瑪的後宮生活」日前分享了一段新影片，這次是阿瑪去看醫生檢查腿和屁股的傷口，結果發現肛門腺破掉，醫生幫牠擠，讓牠怒到瘋狂喵，「通通拖去斬了！」(寵物動物 / 2017-07-21 20:28),,0
ettoday,桃猿愛Pet趴24日再現 犬派海報、貓派貼紙限量送,https://www.ettoday.net/news/20170620/949006.htm,2017-06-20 12:32,Lamigo桃猿隊將在6月24日(六)及25日(日)舉辦上半季最後主題趴「愛PET趴」，訴求愛護動物以及寵物的「愛PET趴」將全猿主場化身為PET(寵物)溫暖的家，「愛PET樂猿」、「愛PET 健康」、「我最愛PET」三大路線齊走，讓球迷朋友體會生命教育以及身歷可愛逗趣的寵物世界，將是首創的球場寵物主題嘉年華！(體育 / 2017-06-20 12:32),,0
ettoday,出版品吹起毛經濟 網路書店受歡迎的寵物書籍是這三本,https://www.ettoday.net/news/20170615/945559.htm,2017-06-15 11:09,台灣寵物市場年產值上看300億，尤其在少子化、單身化影響下，現在飼主更願意投資在寵物上，花錢買玩具、外出用品或保健品，照顧毛小孩就像對待人一般，這波「毛經濟」反應在出版品上，寵物類書籍受到不少關注，網路書店特別從暢銷榜蒐羅前3名寵物類書籍。(消費 / 2017-06-15 11:09),,0
ettoday,這件寵物服可愛到絕對買一波！柴柴穿上武士服帥到出征,https://www.ettoday.net/news/20170615/944759.htm,2017-06-15 10:37,日本公司Samurai Age專門製造武士相關產品，最近更推出了一項讓大家驚喜的商品——武士盔甲——而且是專為貓貓狗狗所設計！他們認為總是圍繞在你身邊的毛孩，就像是守護你的武士一樣。（雖然偶爾會勒索罐罐） (寵物動物 / 2017-06-15 10:37),,0
ettoday,人類讓牠失去一隻腳 浪浪的親人訓練讓人心疼,https://www.ettoday.net/news/20170520/920620.htm,2017-05-20 14:29,大大健是一隻白底黑斑花色的米克斯狗狗，最初遇見他的是工作室的鄰居Kimi，於上班途中看見他在橋下獨自跛著腳徘徊著，他當時因為前腳受傷，還纏著20公分長的鐵絲拖在地上，所以每走一步就會發出痛苦的呻吟聲。(寵物動物 / 2017-05-20 14:29),,0
ettoday,你現在過得好嗎？ 奶貓「富貴」的救援記事,https://www.ettoday.net/news/20170516/920623.htm,2017-05-16 10:47,富貴，一般來說是指擁有社會地位或經濟能力的狀態，而對我（狸貓）來說，「擁有富貴」當然也是心中的一個小夢想。以下，是我振作起精神，鼓起勇氣寫出來的一段故事。(寵物動物 / 2017-05-16 10:47),,0
ettoday,貓咪發胖原因僅一個 想靠運動燃燒脂肪會先「停止呼吸」,https://www.ettoday.net/news/20170515/924588.htm,2017-05-15 11:58,家裡的貓咪怎麼會這樣？面對自家貓皇的種種行為，貓奴們總是在內心上演100種小劇場，關於貓和貓奴的各種問題，交給來來貓御醫！日本人氣漫畫家來來貓大和，邀請全日本第一位開設貓咪專門醫院的貓醫生鈴木針，一起從貓咪的視角來解析飼主們心中的各種問題，一針見血的毒舌回覆，斬斷貓奴們心中的三千煩惱絲，讓愛貓人大徹大悟。(寵物動物 / 2017-05-15 11:58),,0
ettoday,賴在機車後座 愛上「按摩椅」的虎斑貓：繼續搖！,https://www.ettoday.net/news/20170512/921216.htm,2017-05-12 19:03,「真的是齁，死都不下車！」台北市的劉先生日前在網路上發佈了一則影片，內容是白色虎斑貓「小子」賴在他的機車後坐上不走，過程中不斷是搖牠還是戳牠，小子就是死不下車！貼文至今已將近有5千個按讚數，有網友幽默地表示「牠好像在享受搖搖按摩椅的服務」。(寵物動物 / 2017-05-12 19:03),,0
ettoday,當貓奴訓練師遇上寶可夢小黑 結束了牠的流浪奇遇記,https://www.ettoday.net/news/20170512/920613.htm,2017-05-12 12:04,2016 年8 月，風靡全球的手機遊戲「寶可夢」正式在台灣開放下載，而就在當晚，玩著遊戲的我們，在路上遇見了小黑。(寵物動物 / 2017-05-12 12:04),,0
ettoday,過生日開心點啊！貓壽星超厭世 但其實眼睛睜最大了,https://www.ettoday.net/news/20170502/915691.htm,2017-05-02 12:22,過生日耶，不開心嗎XD貓咪「寶寶」天生臉超厭世，像是永遠都睡不飽的樣子成為牠的大特色，甚至有網友笑說應該沒有比牠更像李榮浩的貓了。4月27日是寶寶的生日，主人在網路上分享一段影片，希望大家可以祝牠生日快樂，但所有人的焦點都放在牠一臉快哭的表情，樓整個歪到不行。(寵物動物 / 2017-05-02 12:22),,0
ettoday,黃阿瑪懾服眾貓的背後 有一個偉大的皇后「招弟」,https://www.ettoday.net/news/20170303/876531.htm,2017-03-03 12:03,阿瑪天生就帶著一股自信，面對任何貓任何人，從不退縮懼怕，遇見沒發生過的狀況，也總能處變不驚不會亂了方寸。阿瑪的眼神像是能看穿別人般的敏銳，從不飄忽游移，每當他對貓或人發號司令時，說出口的每一句話，都有著君無戲言的堅定。(寵物動物 / 2017-03-03 12:03),,0
ettoday,害奴才誤喝貓尿 阿瑪後宮「飲水機尿尿之亂」真兇是誰,https://www.ettoday.net/news/20170302/876322.htm,2017-03-02 16:04,對貓奴們來說，主子亂尿尿這種小事，應該算是見怪不怪，尤其是像後宮這樣的多貓家庭，偶爾在不該出現尿的地方發現一兩泡，也都是意料之中。(寵物動物 / 2017-03-02 16:04),,0
ettoday,入坑請小心～養貓需要注意的5件事 錢根本是用撒的啊！,https://www.ettoday.net/news/20170211/864842.htm,2017-02-11 14:55,路上的流浪貓狗問題，部分原因是棄養所造成；而棄養的行為又有很大部分是源自於衝動飼養。粉絲專頁「黃阿瑪的後宮生活」除了分享後宮貓咪生活趣事，也常會藉由粉絲團的高人氣來傳達正確知識。這次他們透過影片來告訴粉絲們「養貓需要知道的5件事」，表達「要養貓，沒這麼簡單！」的觀念。(寵物動物 / 2017-02-11 14:55),,0
ettoday,黃阿瑪攜後宮再推新貼圖，呼嚕聲讓奴才都融化惹～,https://www.ettoday.net/news/20170207/861924.htm,2017-02-07 11:16,曾經是隻浪浪，現在藉兩位奴才的悉心照料之下，已經成為貓界無人不知的貓皇帝黃阿瑪，在先前推出首款Line 有聲貼圖後，近期第二彈超療癒的有聲貼圖《黃阿瑪和後宮的日常用語》，也正式上架啦！目前在貼圖小舖中，花費台幣 60 元即可購得。(3C家電 / 2017-02-07 11:16),,0
ettoday,奴才暗爽貓咪搶進外套 柚子：想取暖罷了...少自以為,https://www.ettoday.net/news/20170204/860427.htm,2017-02-04 18:10,身為貓奴一定都知道「黃阿瑪的後宮生活」，這個粉絲團可是擁有百萬名粉絲追隨著；這次《黃阿瑪的後宮生活》臉書貼出了一則新短片，以嚕嚕和柚子的視角，嘲笑人類真會自作多情。(寵物動物 / 2017-02-04 18:10),,0
ettoday,奴才癡漢式狂揉粉色肉球+肚肚 阿瑪淡定縮一下繼續睡,https://www.ettoday.net/news/20170119/852311.htm,2017-01-19 11:43,知名的「黃阿瑪的後宮生活」又有新作啦！身為後宮之主阿瑪面對奴才的「揉肉球」騷擾只是輕輕縮一下腳，就算被從頭摸到腳依然淡定地睡著覺，反倒是奴才被萌到怪聲連發讓網友笑翻，「第一次看到摸貓的影片可以摸得如此猥瑣，也真不簡單啊！」(寵物動物 / 2017-01-19 11:43),,0
ettoday,是懷孕還是吃太好了？胖胖貓的大肚腩啟示錄,https://www.ettoday.net/news/20170106/843141.htm,2017-01-06 08:15,現在貓咪可以靠主人進貢食物，已經不用再外出打獵，難免好逸惡勞、飽食終日，結果就徒生肚腩(！)，讓我們一起來看看這些小東西到底可以吃多胖吧！ (寵物動物 / 2017-01-06 08:15),,0
ettoday,朕會駕崩！阿瑪剪指甲狂吼亂扭 有吃的秒變「靜音模式」,https://www.ettoday.net/news/20170103/841716.htm,2017-01-03 19:02,許多喵星人一剪指甲就「如臨大敵」，知名粉絲團「黃阿瑪的後宮生活」就出賣後宮們剪指甲的百態，像是只會碎念的三腳就是「心有不甘型」，Socles則是每次被剪都像是第一次的「健忘型」，看起來最柔弱的浣腸反而最難剪，讓網友們看完後都大呼「跟想像中不一樣！」(寵物動物 / 2017-01-03 19:02),,0
ettoday,「就...就快吃到了！」 聰明喵白吉用頭打開乾糧桶,https://www.ettoday.net/news/20161213/828924.htm,2016-12-13 18:36,如果家裡的飼料莫名越來越少，可能就要注意是不是有貪吃鬼了。臉書《我是白吉。》粉絲專頁近日上傳了一則影片，只見白吉裝沒事的走到貓糧桶不斷嗅聞，還看了一眼玻璃，似乎是想確認沒有人跟蹤；接著用頭頂了好幾下蓋子，沒想到貓糧桶就這樣被打開了；突然白吉發現主人苔抬正用手指著牠，馬上嚇得跑走。(寵物動物 / 2016-12-13 18:36),,0
ettoday,朕的龍椅你敢搶？阿瑪肥屁霸佔位子 逼奴才「跪著工作」,https://www.ettoday.net/news/20161212/827927.htm,2016-12-12 16:51,喵皇94霸道！「黃阿瑪的後宮生活」在臉書粉絲專頁上PO出新影片，只見阿瑪硬是窩在電腦椅上，不管怎麼逼、怎麼求，甚至使出「殺手鐧」化毛膏誘惑，牠都無動於衷，肥屁屁緊緊黏在椅子上，最後奴才只好跪著工作，十分卑微。(寵物動物 / 2016-12-12 16:51),,0
ettoday,給浪浪一個家！魏如萱、鬼鬼、田亞霍直呼「毛起來愛」,https://www.ettoday.net/news/20161129/818019.htm,2016-11-29 11:22,「我願意多一份責任來幫助毛小孩們！」古靈精怪的文青歌手魏如萱，家中有2隻超Q的波斯貓，其中1隻貓咪Woolala，就是Hit Fm聯播網第1年舉辦【毛起來愛】活動中領養的，而【2016毛起來愛流浪動物認養活動】正邁入第3年，這回將串聯台北、高雄、台中三地暖心登場。(寵物動物 / 2016-11-29 11:22),,0
ettoday,「全身都好可愛～」鹹豬手摸遍肉肉 阿瑪驚：有癡漢啊！,https://www.ettoday.net/news/20161123/816360.htm,2016-11-23 12:25,都怪肉肉太肥嫩，引人犯罪啊！「黃阿瑪的後宮生活」日前PO出新短片，直擊網紅阿瑪遭癡漢騷擾，不管牠怎麼怒斥威嚇都沒用，全身肉肉仍被鹹豬手蹂躪一遍，網友們看了直呼「奴才這是不要命了嗎？」(寵物動物 / 2016-11-23 12:25),,0
ettoday,用「梳毛手套」定廢毛王勝負 阿瑪：根本趁機吃朕豆腐！,https://www.ettoday.net/news/20161119/814159.htm,2016-11-19 14:18,最近季節交替，許多動物們又到了換毛時節，如果沒定期幫牠們梳理的話，家中就可能出現「微下雪」的狀態。「黃阿瑪的後宮生活」繼上次輸廢毛大挑戰，這次出動了一個新奇的梳毛手套，不過主子們似乎不是很賞臉，還把它當成怪物一樣又打又咬的。(寵物動物 / 2016-11-19 14:18),,0
ettoday,看不開的「浣腸」入宮記實 第1天竟偷襲阿瑪尾巴...,https://www.ettoday.net/news/20161110/808817.htm,2016-11-10 23:41,喵星人跟人類一樣，換到一個新地方都需要一段適應期，粉絲專頁「黃阿瑪的後宮生活」PO出1年前成員浣腸的入宮記實。一進到新家的浣腸雖然沒有不適應，但卻需要被隔離，儘管如此，後宮裡的喵星人還是不減對牠的興趣。(寵物動物 / 2016-11-10 23:41),,0
ettoday,後宮忙碌的一天！ 黃阿瑪深夜「翻牌子」嚇壞小浣腸,https://www.ettoday.net/news/20161105/805805.htm,2016-11-05 18:35,喵星人看似過得優閒，但一整天的行程下來，其實還是很忙碌！「黃阿瑪的後宮生活」日前PO出家中貓貓們的日常生活，早中晚及深夜時段都有各自的活動，像是曬太陽、吃飯、被騷擾和互相騷擾等等，真的是十分累人。(寵物動物 / 2016-11-05 18:35),,0
ettoday,影／黃阿瑪「修指甲」初體驗 慘叫控奴才大刑「虐貓」,https://www.ettoday.net/news/20161029/801699.htm,2016-10-29 13:38,貓咪大部分都對修剪指甲非常抗拒，但指甲太長時間不剪的話，很有可能發生爪子插在入肉裡，或是抓傷人或其他動物的意外。超人氣貓皇「黃阿瑪」的主人（奴才？）最近公布一段剪指甲初體驗的影片，阿瑪在主人懷中表情無助，瘋狂哀號，讓主人無奈地吶喊，「不要動，根本就沒剪到！」(寵物動物 / 2016-10-29 13:38),,0
ettoday,「貓間情」熱播 錯綜複雜的三角戀讓看倌們敲碗：求續集,https://www.ettoday.net/news/20161025/799116.htm,2016-10-25 16:17,擁有超高人氣的「黃阿瑪」和后宮們就像小小劇場，天天上演各種逗趣好笑的事，這次奴才腦動大開，將牠們日常互動的片段，神後製成八點檔連續劇，高潮迭起的戲碼讓看倌們直呼，「根本是貓間情」，也期待還能看到續集啦！(寵物動物 / 2016-10-25 16:17),,0
ettoday,桃園插畫大展 邀請6國、37位插畫家300件作品展出,https://www.ettoday.net/news/20161021/797569.htm,2016-10-21 23:49,「2016桃園插畫大展」21日於桃園市藝文展演中心舉辦開幕，今年插畫大展競賽以「夢想˙迷宮」為徵件主題，展期自即日起至11月12日，邀請來自6國、37位國內外插畫家參與展出，約有300件風格各異的插畫作品，除了展出插畫作品外，假日也舉辦文創市集及人氣插畫家簽名會等活動，歡迎民眾參加。 (地方 / 2016-10-21 23:49),,0
ettoday,桃園插畫大展20日盛大開展 免費看國內外趣味經典作品,https://www.ettoday.net/news/20161018/795165.htm,2016-10-18 13:00,「2016桃園插畫大展」將在10月20日於桃園展演中心開展，展覽以「夢想。迷宮｣為主題，並邀請了包括「H.H先生」、「黃阿瑪的後宮生活」，和「鬧一波大師」等國內外30多位知名插畫家聯合展出，讓民眾可以盡情徜徉在趣味插畫帶給大家的樂趣。(旅遊 / 2016-10-18 13:00),,0
ettoday,黃阿瑪後宮的鬥雞眼訓練 原來柚子也是鬥雞眼高手！,https://www.ettoday.net/news/20161010/790678.htm,2016-10-10 16:02,網路紅「喵」黃阿瑪和後宮們時常會在生活中發生一些逗趣好笑的事情，日前主人在粉絲專頁黃阿瑪的後宮生活中貼出一段影片，影片當中介紹到天生下來就是鬥雞眼的貓咪「浣腸」，並好奇其他後宮的貓咪能不能鬥雞眼，於是展開了一場爆笑的後宮鬥雞眼訓練。(寵物動物 / 2016-10-10 16:02),,0
ettoday,一根羽毛喵讓後宮為之瘋狂 「阿瑪」堅持不動好霸氣！,https://www.ettoday.net/news/20161001/785277.htm,2016-10-01 15:01,貓咪喜歡追逐會動的東西，小小一根逗貓棒就可以滿足貓主子的慾望，不過是否也能滿足網路紅「喵」黃阿瑪和後宮們呢？結果實測一根羽毛就讓後宮們為之瘋狂，但尊貴的阿瑪仍保有王者風範，雖然會玩但不會像其他貓一樣失控。(寵物動物 / 2016-10-01 15:01),,0
ettoday,黃阿瑪最愛「貓咪帳篷」 7樣道具2分鐘內簡單完成！,https://www.ettoday.net/news/20160930/784264.htm,2016-09-30 10:19,想要擁有「貓咪帳篷」讓家中的貓老大玩耍嗎？只要非常簡單的幾項步驟，以及很容易取得的材料，就可以自己DIY製作一個獨一無二的專屬空間，絕對會讓貓咪們愛不釋手，貓奴才們心動就不要猶豫，趕快動手吧。(寵物動物 / 2016-09-30 10:19),,0
ettoday,喵主子果然高冷！ 把拔狂呼叫...阿瑪背對甩尾：聽到啦,https://www.ettoday.net/news/20160920/778608.htm,2016-09-20 18:22,很多人都認為，養狗跟養貓有很大的不同，其中一點就是狗狗叫得來，但是貓咪無法，而你家喵主子是超黏人，還是千呼萬喚也請不來呢？粉專「黃阿瑪的後宮生活」就進行這項實驗，果然主子們都是高冷的！(寵物動物 / 2016-09-20 18:22),,0
ettoday,別把柚子皮戴喵星人頭上！ 味道刺鼻而且容易過敏,https://www.ettoday.net/news/20160914/775752.htm,2016-09-14 19:42,許多飼主都想跟毛小孩一起度過中秋節，把柚子帽戴在毛小孩頭上拍個應景照，但事實上貓咪並不喜歡柚子皮，「黃阿瑪的後宮生活」貼心提醒飼主，柚子帽最好不要給貓咪帶，除了氣味刺激，汁液可能會讓喵星人皮膚過敏紅腫。(寵物動物 / 2016-09-14 19:42),,0
ettoday,為什麼貓咪老愛跟我進廁所？ 「貓醫生」神回覆告訴你,https://www.ettoday.net/news/20160908/770929.htm,2016-09-08 12:52,家裡的貓咪怎麼會這樣？面對自家貓皇的種種行為，貓奴們總是在內心上演100種小劇場，關於貓和貓奴的各種問題，交給來來貓御醫！日本人氣漫畫家來來貓大和，邀請全日本第一位開設貓咪專門醫院的貓醫生鈴木針，一起從貓咪的視角來解析飼主們心中的各種問題，一針見血的毒舌回覆，斬斷貓奴們心中的三千煩惱絲，讓愛貓人大徹大悟。(寵物動物 / 2016-09-08 12:52),,0
ettoday,厚片阿瑪霸佔奴才的馬桶 死不讓位：你去用貓砂啦！,https://www.ettoday.net/news/20160903/768408.htm,2016-09-03 15:39,資深貓奴一定有一個共同的困擾，那就是家中貓咪總是喜歡躲在一些奇奇怪怪的地方，衣櫃上、洗衣籃裡、或是各種縫隙；有些貓咪還特別喜歡霸占洗手台跟馬桶蓋。「黃阿瑪的後宮生活」最近分享的生活小插曲，便是阿瑪死死霸佔著馬桶不給奴才狸貓用，經過一段時間的拜託和折磨，才勉強離開。(寵物動物 / 2016-09-03 15:39),,0
ettoday,貓愛滋不可怕！ 阿瑪奴才幫撒嬌「月精靈小黑」找主人,https://www.ettoday.net/news/20160827/763852.htm,2016-08-27 15:42,喵皇阿瑪的後宮最近多了一隻「小黑」，不過小黑是愛滋貓，沒辦法跟后宮沒有愛滋的貓咪們一起住，所以奴才志銘和狸貓希望找真正的「神奇寶貝大師」，把親人的小黑帶回家疼愛。奴才們請教猩猩狐狸動物醫院，與大家解釋「貓愛滋」，其實這樣的貓咪並不會傳染給人，而且照顧起來跟一般貓差不多。(寵物動物 / 2016-08-27 15:42),,0
ettoday,黃阿瑪：奴才的人生就是這樣 網友：一切都值得了！,https://www.ettoday.net/news/20160822/760348.htm,2016-08-22 15:28,黃阿瑪的後宮生活」粉專可愛又療癒的故事，擁有95萬粉絲高人氣，最近推的新片《奴才一天的生活 會遇到什麼狀況？》，解析「奴才們」與寵物相處時實際上會遇到的狀況，包括「明明飯還有卻一直叫」、「雖然可愛但養起來不簡單」，粉絲大喊「看到他們天真無邪的呆萌蠢樣，又覺得一切都值得了！」(寵物動物 / 2016-08-22 15:28),,0
ettoday,阿瑪不好好吃貓草偷看美女 Socles落跑：牠是大變態！,https://www.ettoday.net/news/20160813/754701.htm,2016-08-13 13:00,粉絲專頁「黃阿瑪的後宮生活」每個星期都會固定分享7貓趣事，這次的「Socles與阿瑪的午後～」就直擊了「色狼」阿瑪想偷偷接近黑美女Socles的過程；而Socles事後不斷和奴才碎碎念抱怨阿瑪的模樣也讓許多人笑歪，直說牠真的對阿瑪警戒心很大，「看到牠靠近就跑耶！」(寵物動物 / 2016-08-13 13:00),,0
ettoday,最愛貓的「貓部」到漫博 希望與台灣名貓黃阿瑪合作,https://www.ettoday.net/news/20160810/752923.htm,2016-08-10 21:11,你也是貓奴嗎？明（8/11）日開幕的漫畫博覽會中有一個日本館，來自日本專門製作貓咪周邊的「Felissimo 貓部」本次也第一次來台設「限定攤位」，同時Felissimo新事業開發本部的員工也來到台灣，其中負責海外事業的謝雅竹也接受我們的專訪。(遊戲 / 2016-08-10 21:11),,0
ettoday,10題喵星人知識大問答！ 「貓奴」們能通過考驗嗎？,https://www.ettoday.net/news/20160802/742573.htm,2016-08-02 11:53,貓咪是現代人非常喜愛的寵物之一，牠們時而霸氣又時而可愛的舉動療癒了萬千貓奴的心，在臉書上也有許多關於貓咪的社團與知名粉絲團如「我是白吉」、「黃阿瑪的後宮生活」與「貓咪也瘋狂俱樂部 CrazyCat club」等等，現在我們就出了幾個小題目要來考驗貓奴們，快來玩玩看吧！(ET來了 / 2016-08-02 11:53),,0
ettoday,後宮夜生活直擊！柚子「鹹豬手」調戲浣腸 網：BL大好,https://www.ettoday.net/news/20160724/741347.htm,2016-07-24 12:58,知名粉絲團「黃阿瑪的後宮生活」時常分享7隻貓咪的日常生活，這次在Youtube上PO出影片《後宮夜間日常》，意外直擊柚子對浣腸伸出「鹹豬手」，三腳娘娘使出「抓抓功」，以及阿瑪「下腰」的有趣片段。(寵物動物 / 2016-07-24 12:58),,0
ettoday,讓小動物融化你心 日插畫大師村松誠Take Me Home畫展,https://www.ettoday.net/news/20160715/730030.htm,2016-07-15 14:08,「日本插畫大師村松誠Take Me Home畫展」將自6月30日起於士林科學教育館開展！村松誠大師以台灣為作品海外展出第一站，藉由春、夏、秋、冬，四個季節劃分主題，以3D立體化的動物將互動元素融入畫展，使觀者能夠隨著季節更迭置身大師的畫作之中。(時尚 / 2016-07-15 14:08),,0
ettoday,7團「毛龍珠」比大小 阿瑪：再吵，朕就把廢毛全吃了,https://www.ettoday.net/news/20160714/735134.htm,2016-07-14 15:07,《黃阿瑪的後宮生活》8日推出影片「後宮除廢毛！毛量大評比」，各個主子反應不一，有的一臉鄙視除毛梳；有的立馬屁股翹高高的享受，最後將7個毛團龍珠排排站，一評真正廢毛之王是誰？也讓網友們可以一邊欣賞貓主子的療癒，一邊吸收伺候時的小常識。(寵物動物 / 2016-07-14 15:07),,0
ettoday,小白不會是最後一個 黃阿瑪：給「浪浪」們一個家！,https://www.ettoday.net/news/20160628/724660.htm,2016-06-28 20:59,黃阿瑪的後宮生活於粉絲團PO文「小白狗事件的省思：我們能為他們做些什麼？ | 奴才有感」，與網友分享對於陸戰隊小白虐殺事件的看法，提到了這是個不公平的世界，「只要有一個危險人物，就沒人能保證這些狗兒永遠平安。」也鼓勵大家領養「浪浪」，杜絕這類虐殺動物情況一再發生。(寵物動物 / 2016-06-28 20:59),,0
ettoday,朕命令你即刻購買！《黃阿瑪的後宮生活》LINE有聲貼圖,https://www.ettoday.net/news/20160628/724518.htm,2016-06-28 10:00,身為貓奴才一定景仰過牠的大名，堪稱網路上最紅的貓皇帝－《黃阿瑪的後宮生活》。黃阿瑪原本是隻浪浪，被奴才接回宮後從此被服侍的舒舒服服，累積至今已有兩位奴才、宮內七位臣子與突破86萬名臣服他粉紅肉球下的子民（粉絲人數），黃阿瑪在此更要大聲宣布：「朕的《LINE》有聲貼圖推出了！」(遊戲 / 2016-06-28 10:00),,0
ettoday,你們不累我都看得累了！超愛打拳的三胞胎貓咪日常,https://www.ettoday.net/news/20160620/719869.htm,2016-06-20 16:08,貓咪喜歡爬上爬下、鑽來鑽來的習慣，想必各位貓奴是再了解不過的了，像是鼎鼎有名的貓咪黃阿瑪，就擁有主人為牠們特地打造的層層疊疊壁板，可以飛簷走壁、翻滾跳躍，不過你有看過沒有道具和設施也能玩得很開心的喵星人嗎？ (寵物動物 / 2016-06-20 16:08),,0
ettoday,貓奴必學的三大功能！ 阿瑪：清貓砂是一輩子都要做的,https://www.ettoday.net/news/20160507/693693.htm,2016-05-07 14:51,貓咪和狗狗天性不同，不一定相當黏人，許多飼主會自嘲「貓奴」，因為貓咪看起來只當他們是奴隸。知名粉絲專頁《黃阿瑪的後宮生活》6日便推出「貓奴的功能影片」，闡述養貓人為貓咪做的3件事情，但辛苦忙完之後並沒有獲得貓主子的讚賞，反而都被認為是「應該做的」，俏皮呈現貓奴心境。(寵物動物 / 2016-05-07 14:51),,0
ettoday,「黃阿瑪」聖旨：虐待動物應重罰 子民們快來連署修法,https://www.ettoday.net/news/20160424/686254.htm,2016-04-24 17:42,雖然近年來愛護動物的觀念廣為流傳，但虐待事件仍時而有之，但即便不喜歡牠們也不需要加以傷害。知名粉絲專頁《黃阿瑪的後宮生活》23日便貼出原創圖文，呼籲網友一同連署虐待動物者加重罰則，讓毛小孩的生活更有保障。(生活 / 2016-04-24 17:42),,0
ettoday,香港書報攤活地標 「忌廉哥」將離開尖東讓粉絲淚崩！,https://www.ettoday.net/news/20160411/678426.htm,2016-04-11 22:17,香港一家書報攤的胖貓「尖東忌廉哥」一身奶油色的皮毛，懶洋洋趴在雜誌上睡覺、賣萌、裝憂鬱小生，風靡附近的上班族，還有遊客特地前往朝聖，圍著牠拍照，儼然成了「尖東活地標」。不過近來粉絲頁發布消息，書報攤即將歇業，忌廉哥很快會離開尖東，讓粉絲不捨祝福：「好好休息，我們會想你！」(旅遊 / 2016-04-11 22:17),,0
ettoday,你家主子是碎念or享受型？黃阿瑪被奴才摸摸的7種反應,https://www.ettoday.net/news/20160402/673879.htm,2016-04-02 12:22,知名粉絲團「黃阿瑪的後宮生活」不定時貼出療癒人心的喵喵日常，受到76萬多子民們的愛戴，昨日再推新片「貓咪摸摸反應大集合」，有主子爽到把屁股翹高高，但表情依舊冷靜；有的一摸立刻炸毛；還有自動喬好姿勢的好孩紙，然後狂送秋波「拜偷~不要停」。(寵物動物 / 2016-04-02 12:22),,0
ettoday,黃阿瑪的真情粉絲大問答 「後宮生活」你了解多少呢？,https://www.ettoday.net/news/20160401/673293.htm,2016-04-01 10:14,「黃阿瑪的後宮生活」是網路上的知名粉絲團，牠們不定時會po出不少貓咪的趣味生活，既可愛又療癒，也因此擁有不少粉絲，但對於這個溫馨的粉絲團，粉絲們了解多少呢？來試試這個簡單的小測驗吧！(ET來了 / 2016-04-01 10:14),,0
ettoday,三腳搖晃肚肚施展「抓抓功」 阿瑪「下腰」技能公開,https://www.ettoday.net/news/20160327/670367.htm,2016-03-27 17:29,記錄7隻貓日常生活為主軸的粉絲團「黃阿瑪的後宮生活」，25日推出新影片「後宮夜間日常」，影片中「娘娘」三腳想要從門外進入屋內，開始搖晃粉紅肚肚，施展密技，用抓子上下拍門，優雅又有節奏，臉上表情超萌，且持續了約20秒，讓粉絲們看完直呼「阿瑪的抓抓功終於後繼有人啦」。(寵物動物 / 2016-03-27 17:29),,0
ettoday,「朕會駕崩！」 喵星人黃阿瑪珍貴洗澡影片曝光！,https://www.ettoday.net/news/20160319/665708.htm,2016-03-19 12:49,許多貓咪非常不喜歡水，而養過貓的人都知道要幫貓主子洗澡很可能要經過一番折騰。擁有72萬子民的臉書粉絲專頁《黃阿瑪的後宮生活》18日推出「阿瑪洗澡記」影片，不僅有多年前的阿瑪洗澡影片回顧，還有近日阿瑪再度進入浴室視察的畫面，可愛的影片加上設計對白讓廣受網友好評。(生活 / 2016-03-19 12:49),,0
ettoday,貓星人拒絕面對體重 阿瑪只瘦0.3kg：朕不減肥了！,https://www.ettoday.net/news/20160312/661601.htm,2016-03-12 10:50,體重，一向是女人最大的秘密，對於有著「性感小肥肚」的貓皇上而言，這也是個公開就要斬頭的「國家機密」！擁有72萬子民的臉書粉絲專頁「黃阿瑪的後宮生活」11日分享新影片，要帶著大家一窺7隻貓咪的體重，只是大家都不願意面對殘酷的真相，阿瑪甚至在奴才的懷中瘋狂哀號，似乎決定要放棄減重計畫。(寵物動物 / 2016-03-12 10:50),,0
ettoday,絕技是一口吞下花生！哈姆太郎Nappa吃貨日記,https://www.ettoday.net/news/20160308/659375.htm,2016-03-08 17:17,養倉鼠的大家都會發現，倉鼠小小的身軀，飢餓時食量比想像中驚人。倉鼠界的吃貨大王ナッパ(Nappa)，無論在哪裡都能吃，對食物驚人的執著態度，讓人嘖嘖稱奇。(寵物動物 / 2016-03-08 17:17),,0
ettoday,貓跳台陰了聖上！ 突然破底讓牠變「貓咪蛋捲冰淇淋」,https://www.ettoday.net/news/20160303/656651.htm,2016-03-03 17:36,貓咪因為天性使然，幾乎沒有一隻會不喜歡往高處爬，用超高視角來俯看一切，還有監視奴才有沒有好好做事。推特上一隻貓咪不知道是不是吃太胖還是太粗魯，竟然一腳踏穿貓跳台最頂端的小窩，卡在那邊動彈不得的模樣實在是可憐又好笑，許多人也忍不住說「大膽貓奴，還不快救聖上下來！」(寵物動物 / 2016-03-03 17:36),,0
ettoday,台大聲明「虐貓僑生受驚嚇」 朱學恒痛批：爛透了！,https://www.ettoday.net/news/20160103/623873.htm,2016-01-03 15:19,台大陳姓澳門籍僑生涉嫌在台北市溫州街虐殺流浪貓「大橘子」，引發網友撻伐，而台大今天（3日）發表3點聲明中提到「陳生經此事件，亦受驚嚇」，讓宅神朱學恒氣憤PO文，「聲明文本體只有122字，結果描述陳生受到驚嚇的文就有42字」，痛斥「新年新爛透，台大榮獲年初冠軍」，而底下網友也是一片罵聲。 (生活 / 2016-01-03 15:19),,0
ettoday,台大僑生虐殺「大橘子」 1.4萬人連署要他退學！,https://www.ettoday.net/news/20160103/623762.htm,2016-01-03 10:46,台大化工系陳姓僑生涉嫌在台北市溫州街活活虐死流浪貓「大橘子」，訊後被警方依毀損、動保等罪嫌函送法辦，而這起虐貓事件也引發網友撻伐，有網友1日在臉書發起連署活動，訴求「台大立即開除陳姓學生」，截至3日上午，已有1.4萬人響應！對此，台大回應，將召開學生獎懲委員會，依規定進行懲處。(生活 / 2016-01-03 10:46),,0
ettoday,奴才請跪安！ 黃阿瑪2015史詩回顧 網推：剪指甲噴笑,https://www.ettoday.net/news/20160101/623244.htm,2016-01-01 19:50,擁有61萬「奴才」的黃阿瑪的後宮生活，一直以來都是許多人心靈需要接受療癒時的補藥，以抓抓功聞名的黃阿瑪總是被紀錄下最傲嬌的時刻，讓粉絲們看了都直呼「阿瑪我也願意被你蹂躪ε٩(๑> ₃ <)۶з」。在新年的第一天，黃阿瑪的粉絲專頁上就PO出「2015精彩大回顧」，6分鐘影片一次捕捉2015最萌時刻！(寵物動物 / 2016-01-01 19:50),,0
ettoday,這個冬天誰能比它爽！這隻胖胖鼠根本是倉鼠界黃阿瑪～,https://www.ettoday.net/news/20160101/622631.htm,2016-01-01 10:00,雖然這個冬季是個暖冬，大家邊流汗邊嚥下冬至湯圓(是也沒熱成這樣吧)，但在某幾天冷空氣襲來的早晨還是讓人完全起不來，只想躲在被窩回頭做個好夢。然而當人類們上學的上學、上班的上班去時，日本有隻小倉鼠正在體會何謂「生活的滋味」，替他的超爽冬季寫下悠閒的日記……(寵物動物 / 2016-01-01 10:00),,0
ettoday,「大橘子」找到了... 報案女老師嘆：台灣人心冷漠,https://www.ettoday.net/news/20160101/622996.htm,2016-01-01 08:41,台大化工系陳姓僑生涉嫌活活虐死流浪貓「大橘子」，昨日（12月31日）再次到案說明時坦承殺貓。不過，當時目擊一切又幫忙追人的王姓女老師，接受媒體採訪時提到，一路上其實有許多人車來往，但都沒有人伸出援手，「可見台灣人心太冷漠。」(社會 / 2016-01-01 08:41),,0
ettoday,台大僑生坦承殺害「大橘子」 醉月湖畔尋回貓屍體,https://www.ettoday.net/news/20160101/622966.htm,2016-01-01 00:41,澳門籍陳姓台大僑生涉嫌在台北市溫州街活活掐死街貓「大橘子」，引發各界憤怒與不滿，轄區大安分局31日掌握關鍵監視畫面，下午再度約談陳男到案，陳男坦承殺貓，並帶警方到台大醉月湖畔樹叢找回屍體。(社會 / 2016-01-01 00:41),,0
ettoday,「大橘子」受虐畫面曝光 議員追究拖延26小時動保漏洞,https://www.ettoday.net/news/20151231/622833.htm,2015-12-31 19:46,台北市大安區溫州街28日發生台大僑生虐貓事件，民怨高漲！街貓「大橘子」親人撒嬌，卻疑似被陳姓外籍生活活掐死；而目擊者王小姐當天下午5時向大安分局羅斯福路派出所報案，卻被拒絕受理，整整拖延26小時才受理偵查，導致大橘子至今仍未尋獲屍體，便無直接證據證明陳嫌殺貓。議員簡舒培在31日上午招開記者會，究責動保處與警方失職，大安分局也對此解釋和道歉。(寵物動物 / 2015-12-31 19:46),,0
ettoday,「洗腦聖誕歌」！朕開嗓7貓喵到底萌合唱 貓奴狂重播,https://www.ettoday.net/news/20151224/618946.htm,2015-12-24 22:52,最萌聖誕歌！人氣喵星人「黃阿瑪的後宮生活」，平安夜特別推出一段影片向60萬子民道賀，主人剪輯家中7隻愛貓平時的影片，拼成一曲《我們祝你聖誕快樂》，只見牠們配上旋律開嘴喵叫，好像真的在唱歌一樣，表情超犯規，療癒大票網友，狂讚「皇上的聲音果然不一樣，有霸氣」，瞬間瘋傳臉書！(寵物動物 / 2015-12-24 22:52),,0
ettoday,妞專訪：回家就被毛絨絨幸福包圍！哈Dog大家族來啦,https://www.ettoday.net/news/20151127/604332.htm,2015-11-27 19:00,先前上過不少綜藝節目秀才藝、乖巧好家教的模樣早就擄獲許多粉絲，每則po文也都引來大批網友轉發留言，足見他們受歡迎的程度。在一般人的想像中，光是養一、兩隻大型犬都要付出相當多心力，哈Dog的爸爸媽媽又是怎麼管理6隻大狗狗們的生活呢？快一起來看看今天這場毛絨絨的超萌專訪吧！ (寵物動物 / 2015-11-27 19:00),,0
ettoday,貓咪剪指甲激動反應分7種 搞翻奴才抓都抓不住,https://www.ettoday.net/news/20151120/600564.htm,2015-11-20 23:20,幫貓咪剪指甲向來是一大挑戰，《黃阿瑪的後宮生活》粉絲團20日上傳一部幫家中貓咪剪指甲的逗趣影片，標注5級難易程度，還仔細分出7種類型，難度最低的「招弟」直接癱軟在主人身上，「三腳」則是瘋狂哀嚎邊扭邊踢，還有一隻「嚕嚕」必須要先戴上頭套、兩個人合力抓住才能完成。(寵物動物 / 2015-11-20 23:20),,0
ettoday,沒有人類反而回歸自然 福島阿松與小白、玳瑁的小確幸,https://www.ettoday.net/news/20151008/576445.htm,2015-10-08 00:48,「因為沒有了人類，很諷刺的是這塊土地變得充滿自然。」日本攝影師太田康介自從2011年3月後，開始深入福島核災警戒區，長期拍攝「被遺忘的動物們」。但是在人們為了福島問題爭得面紅耳赤時，55歲的松村先生（阿松）還有兩隻貓：小白、玳瑁，竟然在這片空無一人的土地，過著單純又美好的日子。(寵物動物 / 2015-10-08 00:48),,0
ettoday,妞專訪：一切都是因為愛！貓奴路嘉欣的暖心領養筆記,https://www.ettoday.net/news/20151007/576117.htm,2015-10-07 19:00,大家對於路嘉欣的既定印象，或許是個有點性格的酷酷女孩，雖然外貌根本是仙女(妞編輯親眼認證)(羞)，但卻似乎很有神祕感，讓人老是捉摸不清她的想法。不過這一切都在遇見貓咪之後有了重大轉變，現在的她是個十足的貓奴女子，性格上也漸漸變得柔軟許多。她愛貓，而且還想為貓咪做更多的事。(寵物動物 / 2015-10-07 19:00),,0
ettoday,朝聖黃阿瑪的「萬睡王朝」 揭露後宮7成員溫馨小故事,https://www.ettoday.net/news/20151006/575465.htm,2015-10-06 17:17,自詡為貓奴的網友一定認識「黃阿瑪」，由於愛講話又傲嬌的個性，和一個「被紙箱背叛」的影片爆紅，粉絲專頁累積了34萬子民，而且還在迅速增加中。近日奴才狸貓和志銘為愛貓們出的書《黃阿瑪的後宮生活-阿瑪建國史》中，也揭開了後宮們還不為粉絲所知的一些神秘面紗，讓大家直呼「好過癮」！(寵物動物 / 2015-10-06 17:17),,0
ettoday,黃阿瑪的後宮建國史 細說從乾癟浪浪變「幸福肥皇上」,https://www.ettoday.net/news/20150930/572455.htm,2015-09-30 17:50,人氣貓黃阿瑪因為一個壓垮紙箱的影片爆紅，粉絲專頁「黃阿瑪的後宮生活」也已經累積約34萬名粉絲，近日奴才「狸貓」和「志銘」更幫阿瑪和後宮6名成員出了一本書，《黃阿瑪的後宮生活－阿瑪建國史》以阿瑪為主角，詳細記錄奴才和阿瑪認識的經過，及建立後宮的過程！(寵物動物 / 2015-09-30 17:50),,0
ettoday,商業周刊／32萬人追捧 「黃阿瑪」暴紅經營術,https://www.ettoday.net/news/20150908/561688.htm,2015-09-08 21:42,一隻被棄養的流浪貓、兩個平凡的年輕宅男，如何打造出「喊水會結凍」、擁有32萬「子民」的阿瑪王國？(寵物動物 / 2015-09-08 21:42),,0
ettoday,喵視界影像特展 15隻貓與主人一起「多元成家」！,https://www.ettoday.net/news/20150702/529398.htm,2015-07-02 21:39,你想過喵星人的「視角」是什麼模樣嗎？5月曾在網路上集資的「喵世界影像特展」，將於7月3日起在台北南海藝廊正式開幕。由15隻貓親自掌鏡，拍下牠眼中的私生活，參與的「攝影貓」包括網路名貓「黃阿瑪」，還有長春市場的里長貓「草草」，知名畫家蛋頭、小咖飛也宣告與貓咪一起「多元成家」。(寵物動物 / 2015-07-02 21:39),,0
ettoday,GQ／揭開喵星人眼中的世界！【我家有隻攝影貓】開展,https://www.ettoday.net/news/20150626/522198.htm,2015-06-26 12:00,好奇貓咪眼中的世界嗎？可愛又充滿神秘感的牠們，一舉一動往往總是讓我們猜不透，不過現在你有機會了，今年一個愛貓的創意策展團隊，將舉辦台灣首見的「我家有隻攝影貓：喵視界攝影特展」，讓15隻喵星人化身攝影師，揭開牠們不為人知的「喵視界」。(ETlife(勿用) / 2015-06-26 12:00),,0
ettoday,寵物10大誤食排行榜 張美琪、Q將、黃阿瑪同台宣導,https://www.ettoday.net/news/20150521/509983.htm,2015-05-21 18:42,美國寵物食品協會(PFI)在5月21日公佈「台灣寵物10大誤食排行榜」，邀請雪橇犬「張美琪」一家、「柴犬Q將」及人氣貓「黃阿瑪」共同宣導。調查發現每3個毛孩當中，就有1位曾經發生誤食意外，嚴重者甚至有致命危機。其中以「雞骨頭、尺寸過大的食物」為榜首。(寵物動物 / 2015-05-21 18:42),,0
ettoday,寵物友善協會推廣APP 「捐血任務」服務助毛小孩活命,https://www.ettoday.net/news/20150521/509520.htm,2015-05-21 08:00,寵物友善協會推出APP提供「捐血任務」服務協助有需求的家長。另外將在5月23日（星期六）下午13：20，於信義ATT廣場舉行快閃系列活動。大學生們穿著動物裝吸引眾注意，推廣「寵物捐血資料庫」，此外更利用快問快答的方式，倡導正確觀念，答對者則贈送飼料包、罐頭、零食包等豐富獎品。(寵物動物 / 2015-05-21 08:00),,0
ettoday,「架」崩了！喵星人黃阿瑪遭紙箱背叛整隻「滑落去」,https://www.ettoday.net/news/20150331/486183.htm,2015-03-31 08:00,每個人都有不堪回首的往事，貓也不例外。人氣喵星人「黃阿瑪」原本身材苗條，喜歡趴在一個紙箱上享受君臨天下的感覺，但隨著體重日漸上升，紙箱慢慢地無法支撐，有一天紙箱終於背叛了阿瑪，害牠整身龍體「滑落去」，爆笑一瞬間不但被貓奴錄下來，還重播無數次，讓粉絲看了爆笑不已表示「還不護駕！」(寵物動物 / 2015-03-31 08:00),,0
ettoday,貓奴一句話「吃飯」 四隻喵全數衝向餐廳！,https://www.ettoday.net/news/20150129/460385.htm,2015-01-29 14:00,「喵星人」的使命是統治地球，當然必須學點人話囉！臉書粉絲團「黃阿瑪的後宮生活」分享一段影片，畫面中四隻喵星人原本各自慵懶，有的在桌子上漫步，有的趴在椅子上悠悠哉哉；沒想到貓奴一喊關鍵字「吃．飯！」四隻貓馬上起身衝向餐廳，圍繞著貓奴替牠們加飼料。(寵物動物 / 2015-01-29 14:00),,0
ettoday,蠟筆小希／大家來鬥陣 法鬥軍團第四小隊突擊！,https://www.ettoday.net/news/20130510/203136.htm,2013-05-10 09:00,"大家早安~法鬥軍團第四小隊今天也準備進攻你們的心！還是老話一句，愛就是尊重、珍惜、不放棄也不離棄。在第四小隊出動之前，總召栗子我特別教召第一小隊的隊長""乳酪""來讓大家歡樂一下~全世界最可愛的可愛頌(GWIYOMI)來啦，小心融化啊！(名家 / 2013-05-10 09:00)",,0
ettoday,三腳化身「自動產毛器」 奴才梳1hrs驚見巨大毛球：平時都躲哪？,https://www.ettoday.net/news/20210625/2015664.htm,2021-06-25 17:39,為什麼貓咪都喜歡藏在紙箱裡呢？看到貓咪腳掌上的肉球，是不是也忍不住想按下去；以及每到換季，怎樣也揮之不去的貓毛…。(寵物動物 / 2021-06-25 17:39),,0
ettoday,再這樣愛亂跑出門就毀這個家！ 阿瑪奴才3招守護後宮和平,https://www.ettoday.net/news/20210416/1961693.htm,2021-04-16 15:30,相較於後宮的其他貓咪，阿瑪算是比較獨立的，雖然偶爾也會有些調皮任性需要人陪，但對他來說，「奴才不在家」這件事應該不至於到「使他產生焦慮」的地步，通常這時候，我們會比較擔心的是：「他是不是有吃飽了？」(寵物動物 / 2021-04-16 15:30),,0
ettoday,餓了容易脾氣暴躁！ 貓奴知識：貓咪減肥要注意的3件事,https://www.ettoday.net/news/20210403/1763209.htm,2021-04-03 07:57,關於貓咪減肥，大致上的方法就是少吃多運動，這應該是大家都知道的概念，因為後宮貓咪們的減肥成效，實在是不怎麼好，我們就不一一詳述減肥方法了（實在丟人現眼），相關資訊應該網路上都查得到，或是找獸醫師詢問應該也都會有很好的建議，希望大家的毛小孩都能有勻稱健康的體態，千萬別跟阿瑪看齊啊！(寵物動物 / 2021-04-03 07:57),,0
ettoday,「黃阿瑪的後宮生活」首次路跑！3公尺大型氣偶 紀念物資超萌,https://www.ettoday.net/news/20210319/1942012.htm,2021-03-19 17:21,超過600萬粉絲追蹤的人氣貓咪「黃阿瑪的後宮生活」首次舉行大型路跑活動，號召百萬「瑪民」參與，現場除了有近3公尺大型氣偶、5公里的Fun Run趣味路跑、舞台活動，還有遊戲關卡、市集吃喝攤位，更套別設計15款物資和加購單品，不過主辦也強調「真貓不會出席喔！」(生活 / 2021-03-19 17:21),,0
ettoday,金曲組合「氣質路線」失敗 開唱狂噴垃圾話...揪百萬網紅獻處女秀,https://www.ettoday.net/news/20200922/1815268.htm,2020-09-22 21:50,曾獲第26屆金曲獎「最佳演唱組合獎」的慢慢說，20日舉辦《生活來點Soul》演唱會，慢慢說表示：「2020年發生了很多事情，希望大家可以透過我們的音樂得到撫慰。」雖然開場時他們想走氣質路線，但仍不改歡樂的本性，時不時跟台下說著各種玩笑話、垃圾話，慢慢說希望不僅能撫慰大家，也能帶給大家歡笑。 (影劇 / 2020-09-22 21:50),,0
ettoday,X光也照不出！貓咪異食癖「線」最危險 隨腸道蠕動恐釀穿孔,https://www.ettoday.net/news/20200424/1699492.htm,2020-04-24 17:35,所謂「貓咪異食癖」，就是指有些貓喜歡吃他們不能吃的物品，最常見的就是塑膠、布類、泡綿、或是線類，但是我們不太可能24 小時每個片刻都盯著他們，如果是親眼見到貓咪吃下，或是像我們看到耳塞這類的殘骸，甚至是伴隨著排泄物排出，那就是可以確定貓咪吃下異物的徵兆，必須緊急送醫，或是仔細觀察有無異狀表現；除此之外，貓誤食異物還有很多可能發生的病徵，像是出現試圖把異物吐出的動作、嘔吐、拉肚子，或是食欲不振等等，都有可能是因為誤食異物所導致。(寵物動物 / 2020-04-24 17:35),,0
ettoday,養螞蟻也能當網紅！ 盤點「4個非人類Youtuber」…百萬奴才全瘋狂,https://www.ettoday.net/news/20200124/1608731.htm,2020-01-24 04:00,你是狗派？還是貓派？近年來各類型Youtuber竄起，為人們帶來新的觀看體驗，而紀錄寵物成長過程的頻道，如《黃阿瑪的後宮生活》、《連環泡有芒果》等的訂閱人數也是居高不下，透過鏡頭代替滿足無法親自飼養寵物的缺憾，而影片中動物們的蠢萌樣也撫慰了繁忙都市人的心，得以在這競爭的網紅世界殺出一條血路。(影劇 / 2020-01-24 04:00),,0
ettoday,相遇十週年！黃阿瑪後宮生活超胖LINE貼圖登場 邊用絕對邊喊「好想捏」,https://www.ettoday.net/news/20191212/1598819.htm,2019-12-12 15:05,為了慶祝「遇見十週年」，黃阿瑪跟後宮要攜手推出「超胖版LINE貼圖」，除了有滿滿的胖貓霸佔你的LINE對話外，還有首次以「插畫X真貓」呈現的貼圖，各位奴才們，還不手刀下載一起隔著螢幕吸貓囉。(寵物動物 / 2019-12-12 15:05),,0
ettoday,黃阿瑪親征高雄 孫推80歲輪椅阿嬤等4小時面聖「我場場到」,https://www.ettoday.net/news/20190426/1431439.htm,2019-04-26 18:19,網紅《黃阿瑪》被稱為貓咪界的皇上，這一次配合限量扭蛋公仔的活動南下高雄，自稱貓奴的志銘與狸貓也來舉辦簽名見面會，就連80歲的老阿嬤也相當瘋狂，請孫女推著輪椅來到現場，就算等了4個小時也不喊苦，阿嬤說只要能看到《黃阿瑪》就很開心了。(生活 / 2019-04-26 18:19),,0
ettoday,狸貓爆「阿瑪不是橘貓！」多年修片技巧曝光 網驚：是哆啦A夢,https://www.ettoday.net/news/20190330/1411458.htm,2019-03-30 14:37,知名Youtube頻道「黃阿瑪的後宮生活」是由橘白貓黃阿瑪為首，經常分享7位主子的日常生活。2位奴才志銘與狸貓日前突然公布「多年秘密」，直指阿瑪其實不是橘貓，而是藍色的，同時曝光一直以來的修片技巧，還邀請到許多曾到後宮拍攝的嘉賓出面說明。 (寵物動物 / 2019-03-30 14:37),,0
ettoday,租屋竟碰上詐騙！ 網紅嘆：世上沒那麼好的事,https://www.ettoday.net/news/20171002/1023397.htm,2017-10-02 12:15,對租屋族來說，尋覓適合的房子向來都是麻煩事，要是碰上詐騙，那可就糟糕了！網紅「志銘與狸貓」日前在找新的租屋處時，好不容易找到一間物美價廉、地段又好的房子，趕緊跟房東通信了好一陣子，沒想到上網搜尋才發現原來碰上詐騙，因此用自身經驗告訴所有租屋族，找房子真的千萬要小心！(生活 / 2017-10-02 12:15),,0
ettoday,後宮火災逃生演習！7貓裝洗衣袋 阿瑪森氣氣：放開眹,https://www.ettoday.net/news/20170919/1014324.htm,2017-09-19 18:15,災難時怎麼帶著喵星人逃走？黃阿瑪的後宮生活分享了妙招，利用「洗衣袋」快速打包喵星人，裝在袋子裡拎了就逃命，為了以防萬一還特地「實地演練」，不過裝完7隻貓咪後發現最大的難題是「貓咪肥嘟嘟太重啦」。 (寵物動物 / 2017-09-19 18:15),,0
ettoday,黃阿瑪「屁股破」看太醫 擠肛門腺怒到狂喵：拖去斬！,https://www.ettoday.net/news/20170721/971610.htm,2017-07-21 20:28,貓咪的肛門腺可能會堵塞，造成腫脹、發炎等情況，嚴重甚至會穿孔！人氣粉專「黃阿瑪的後宮生活」日前分享了一段新影片，這次是阿瑪去看醫生檢查腿和屁股的傷口，結果發現肛門腺破掉，醫生幫牠擠，讓牠怒到瘋狂喵，「通通拖去斬了！」(寵物動物 / 2017-07-21 20:28),,0
ettoday,人類讓牠失去一隻腳 浪浪的親人訓練讓人心疼,https://www.ettoday.net/news/20170520/920620.htm,2017-05-20 14:29,大大健是一隻白底黑斑花色的米克斯狗狗，最初遇見他的是工作室的鄰居Kimi，於上班途中看見他在橋下獨自跛著腳徘徊著，他當時因為前腳受傷，還纏著20公分長的鐵絲拖在地上，所以每走一步就會發出痛苦的呻吟聲。(寵物動物 / 2017-05-20 14:29),,0
ettoday,你現在過得好嗎？ 奶貓「富貴」的救援記事,https://www.ettoday.net/news/20170516/920623.htm,2017-05-16 10:47,富貴，一般來說是指擁有社會地位或經濟能力的狀態，而對我（狸貓）來說，「擁有富貴」當然也是心中的一個小夢想。以下，是我振作起精神，鼓起勇氣寫出來的一段故事。(寵物動物 / 2017-05-16 10:47),,0
ettoday,當貓奴訓練師遇上寶可夢小黑 結束了牠的流浪奇遇記,https://www.ettoday.net/news/20170512/920613.htm,2017-05-12 12:04,2016 年8 月，風靡全球的手機遊戲「寶可夢」正式在台灣開放下載，而就在當晚，玩著遊戲的我們，在路上遇見了小黑。(寵物動物 / 2017-05-12 12:04),,0
ettoday,黃阿瑪懾服眾貓的背後 有一個偉大的皇后「招弟」,https://www.ettoday.net/news/20170303/876531.htm,2017-03-03 12:03,阿瑪天生就帶著一股自信，面對任何貓任何人，從不退縮懼怕，遇見沒發生過的狀況，也總能處變不驚不會亂了方寸。阿瑪的眼神像是能看穿別人般的敏銳，從不飄忽游移，每當他對貓或人發號司令時，說出口的每一句話，都有著君無戲言的堅定。(寵物動物 / 2017-03-03 12:03),,0
ettoday,害奴才誤喝貓尿 阿瑪後宮「飲水機尿尿之亂」真兇是誰,https://www.ettoday.net/news/20170302/876322.htm,2017-03-02 16:04,對貓奴們來說，主子亂尿尿這種小事，應該算是見怪不怪，尤其是像後宮這樣的多貓家庭，偶爾在不該出現尿的地方發現一兩泡，也都是意料之中。(寵物動物 / 2017-03-02 16:04),,0
ettoday,讓小動物融化你心 日插畫大師村松誠Take Me Home畫展,https://www.ettoday.net/news/20160715/730030.htm,2016-07-15 14:08,「日本插畫大師村松誠Take Me Home畫展」將自6月30日起於士林科學教育館開展！村松誠大師以台灣為作品海外展出第一站，藉由春、夏、秋、冬，四個季節劃分主題，以3D立體化的動物將互動元素融入畫展，使觀者能夠隨著季節更迭置身大師的畫作之中。(時尚 / 2016-07-15 14:08),,0
ettoday,貓咪剪指甲激動反應分7種 搞翻奴才抓都抓不住,https://www.ettoday.net/news/20151120/600564.htm,2015-11-20 23:20,幫貓咪剪指甲向來是一大挑戰，《黃阿瑪的後宮生活》粉絲團20日上傳一部幫家中貓咪剪指甲的逗趣影片，標注5級難易程度，還仔細分出7種類型，難度最低的「招弟」直接癱軟在主人身上，「三腳」則是瘋狂哀嚎邊扭邊踢，還有一隻「嚕嚕」必須要先戴上頭套、兩個人合力抓住才能完成。(寵物動物 / 2015-11-20 23:20),,0
ettoday,沒有人類反而回歸自然 福島阿松與小白、玳瑁的小確幸,https://www.ettoday.net/news/20151008/576445.htm,2015-10-08 00:48,「因為沒有了人類，很諷刺的是這塊土地變得充滿自然。」日本攝影師太田康介自從2011年3月後，開始深入福島核災警戒區，長期拍攝「被遺忘的動物們」。但是在人們為了福島問題爭得面紅耳赤時，55歲的松村先生（阿松）還有兩隻貓：小白、玳瑁，竟然在這片空無一人的土地，過著單純又美好的日子。(寵物動物 / 2015-10-08 00:48),,0
